address_id,address,postcode,state,country,property_valuation
1,0 3rd Road,4060,QLD,Australia,9
2,0 American Ash Parkway,3175,VIC,Australia,7
3,0 Arapahoe Court,4305,QLD,Australia,3
4,0 Bay Center,3196,VIC,Australia,6
5,0 Blaine Point,3183,VIC,Australia,7
6,0 Brown Trail,2203,NSW,Australia,9
7,0 Butterfield Junction,2340,NSW,Australia,5
8,0 Caliangt Pass,2530,NSW,Australia,7
9,0 Canary Parkway,2506,NSW,Australia,9
10,0 Carey Drive,4110,QLD,Australia,4
11,0 Coolidge Avenue,4122,QLD,Australia,8
12,0 Corben Court,3121,VIC,Australia,11
13,0 Darwin Junction,2747,NSW,Australia,9
14,0 David Terrace,3204,VIC,Australia,11
15,0 Debs Lane,3204,VIC,Australia,7
16,0 Declaration Center,2250,NSW,Australia,10
17,0 Delladonna Parkway,3189,VIC,Australia,10
18,0 Dunning Plaza,2462,NSW,Australia,2
19,0 Erie Lane,4405,QLD,Australia,1
20,0 Evergreen Road,3037,VIC,Australia,7
21,0 Fremont Court,3023,VIC,Australia,7
22,0 Fulton Drive,3806,VIC,Australia,8
23,0 Gateway Road,3149,VIC,Australia,12
24,0 Golden Leaf Crossing,2033,New South Wales,Australia,9
25,0 Golf Lane,2120,NSW,Australia,11
26,0 Graceland Plaza,2515,NSW,Australia,10
27,0 Graedel Drive,4817,QLD,Australia,4
28,0 Grasskamp Pass,3170,VIC,Australia,10
29,0 Hayes Hill,2106,NSW,Australia,11
30,0 Hazelcrest Road,3025,VIC,Australia,8
31,0 Heath Point,2136,NSW,Australia,9
32,0 Holy Cross Court,4211,QLD,Australia,9
33,0 Kedzie Junction,2155,NSW,Australia,10
34,0 Knutson Crossing,2151,NSW,Australia,8
35,0 Lakeland Pass,3195,VIC,Australia,10
36,0 Lakewood Street,2144,NSW,Australia,10
37,0 Little Fleur Avenue,4031,QLD,Australia,8
38,0 Menomonie Avenue,3177,VIC,Australia,6
39,0 Michigan Plaza,2077,NSW,Australia,10
40,0 Mifflin Alley,4818,QLD,Australia,5
41,0 Moland Parkway,4127,QLD,Australia,7
42,0 Moose Court,2063,NSW,Australia,12
43,0 Mosinee Lane,3250,VIC,Australia,4
44,0 Moulton Plaza,2761,NSW,Australia,8
45,0 Namekagon Circle,3150,VIC,Australia,9
46,0 Nevada Pass,2216,NSW,Australia,10
47,0 Northport Court,4012,QLD,Australia,3
48,0 Northport Hill,3043,VIC,Australia,8
49,0 Orin Place,4506,QLD,Australia,7
50,0 Pearson Crossing,4405,QLD,Australia,1
51,0 Pierstorff Place,2770,NSW,Australia,8
52,0 Prairie Rose Place,3802,VIC,Australia,7
53,0 Ramsey Place,3444,VIC,Australia,4
54,0 Red Cloud Place,2217,NSW,Australia,8
55,0 Reinke Lane,3034,VIC,Australia,9
56,0 Rigney Way,2148,NSW,Australia,8
57,0 Ronald Regan Way,4870,QLD,Australia,1
58,0 Rowland Road,3036,VIC,Australia,9
59,0 Sachs Circle,4122,QLD,Australia,8
60,0 Scofield Plaza,3201,VIC,Australia,4
61,0 Shasta Terrace,2289,NSW,Australia,7
62,0 Sommers Circle,2145,NSW,Australia,9
63,0 Southridge Drive,4311,QLD,Australia,1
64,0 Stephen Lane,2170,NSW,Australia,5
65,0 Stephen Park,4702,QLD,Australia,2
66,0 Summerview Pass,4511,QLD,Australia,2
67,0 Summit Trail,2287,NSW,Australia,5
68,0 Superior Drive,2747,NSW,Australia,8
69,0 Superior Pass,2050,NSW,Australia,8
70,0 Talisman Trail,2769,NSW,Australia,10
71,0 Thackeray Avenue,2100,NSW,Australia,10
72,0 Thompson Road,3183,VIC,Australia,8
73,0 Transport Center,3977,VIC,Australia,6
74,0 Truax Trail,3677,VIC,Australia,5
75,0 Union Plaza,2444,NSW,Australia,7
76,0 Valley Edge Plaza,3201,VIC,Australia,6
77,0 Walton Court,2226,NSW,Australia,9
78,0 Warner Road,2680,NSW,Australia,4
79,0 Warrior Alley,2021,NSW,Australia,10
80,0 Waubesa Alley,2265,NSW,Australia,6
81,0 Weeping Birch Plaza,2093,NSW,Australia,12
82,0 Westend Park,2525,NSW,Australia,9
83,0 Westport Center,4558,QLD,Australia,4
84,0 Westport Terrace,4570,QLD,Australia,5
85,00 1st Trail,3223,VIC,Australia,7
86,00 5th Lane,2830,NSW,Australia,2
87,00 Algoma Crossing,2141,NSW,Australia,7
88,00 Cordelia Trail,2138,NSW,Australia,9
89,00 Esker Point,4207,QLD,Australia,3
90,00 Evergreen Center,3850,VIC,Australia,4
91,00 Heath Road,2259,NSW,Australia,8
92,00 International Junction,2260,NSW,Australia,8
93,00 Magdeline Way,3146,VIC,Australia,11
94,00 Marcy Crossing,3115,VIC,Australia,9
95,00 Mockingbird Junction,2141,NSW,Australia,9
96,00 Park Meadow Terrace,2450,NSW,Australia,6
97,00 Rutledge Alley,2166,NSW,Australia,9
98,000 Boyd Center,2160,NSW,Australia,8
99,000 Jana Hill,3170,Victoria,Australia,9
100,0005 Independence Drive,2118,NSW,Australia,9
101,00164 Canary Drive,2041,NSW,Australia,11
102,00183 Arapahoe Pass,4116,QLD,Australia,7
103,00213 Atwood Pass,2340,NSW,Australia,1
104,00283 Loftsgordon Center,4118,QLD,Australia,5
105,004 Gulseth Junction,2619,NSW,Australia,8
106,004 Lawn Trail,4227,QLD,Australia,5
107,0046 Grim Pass,2148,NSW,Australia,7
108,005 Bunker Hill Lane,3046,VIC,Australia,9
109,005 Prentice Circle,2307,NSW,Australia,5
110,0056 Corry Center,2220,NSW,Australia,11
111,0059 Brentwood Road,4560,QLD,Australia,7
112,0063 Walton Junction,2380,NSW,Australia,3
113,00662 Ludington Court,3228,VIC,Australia,9
114,007 Canary Circle,2047,NSW,Australia,12
115,007 Gerald Place,3074,VIC,Australia,4
116,00732 David Lane,3350,VIC,Australia,6
117,00745 Huxley Center,3757,VIC,Australia,9
118,008 6th Center,3141,VIC,Australia,7
119,00941 7th Place,2227,NSW,Australia,10
120,00969 Gale Way,3108,VIC,Australia,10
121,00976 Sundown Lane,2428,NSW,Australia,3
122,01 Burning Wood Terrace,2323,NSW,Australia,9
123,01 Cottonwood Junction,2285,NSW,Australia,7
124,01 Dunning Drive,2064,NSW,Australia,9
125,01 Havey Drive,2099,NSW,Australia,12
126,01 Muir Parkway,2096,New South Wales,Australia,12
127,01 Nevada Alley,2076,NSW,Australia,12
128,01 Vernon Court,4500,QLD,Australia,4
129,01 Weeping Birch Plaza,2640,NSW,Australia,4
130,010 Maryland Court,3556,VIC,Australia,2
131,010 Namekagon Parkway,2062,NSW,Australia,12
132,010 Stuart Way,3056,VIC,Australia,6
133,0103 Bay Junction,2222,NSW,Australia,11
134,0108 Forster Parkway,4017,QLD,Australia,6
135,011 Johnson Park,3121,VIC,Australia,11
136,011 Lotheville Junction,2099,NSW,Australia,10
137,01209 Southridge Hill,2216,NSW,Australia,8
138,01268 Stuart Hill,2145,NSW,Australia,10
139,0127 East Court,3199,VIC,Australia,5
140,0129 Hollow Ridge Crossing,2095,NSW,Australia,11
141,013 Armistice Street,2769,NSW,Australia,10
142,013 Mendota Parkway,2558,NSW,Australia,9
143,0130 Loeprich Lane,3808,VIC,Australia,9
144,0132 Merrick Way,2770,NSW,Australia,9
145,0134 Swallow Pass,3030,VIC,Australia,6
146,014 Birchwood Parkway,3030,VIC,Australia,7
147,01459 Fremont Place,2747,NSW,Australia,4
148,015 Fulton Pass,4568,QLD,Australia,8
149,016 Tony Street,3222,VIC,Australia,5
150,0162 Darwin Alley,3201,VIC,Australia,6
151,0162 Grim Circle,2191,NSW,Australia,10
152,01654 Milwaukee Plaza,2000,NSW,Australia,11
153,0166 Stephen Drive,2785,NSW,Australia,7
154,01714 Claremont Center,2474,NSW,Australia,3
155,01716 2nd Terrace,3174,VIC,Australia,8
156,0172 Vidon Place,3183,VIC,Australia,6
157,01736 Saint Paul Way,2154,NSW,Australia,11
158,018 Erie Point,2767,NSW,Australia,9
159,018 Porter Court,3631,VIC,Australia,6
160,018 Superior Plaza,2068,NSW,Australia,10
161,0182 Esker Center,2759,NSW,Australia,9
162,0185 Fremont Alley,4074,QLD,Australia,7
163,0186 Thackeray Center,3183,VIC,Australia,11
164,019 Derek Hill,2224,NSW,Australia,10
165,019 Huxley Drive,3807,VIC,Australia,8
166,0192 Ridgeview Terrace,4655,QLD,Australia,6
167,02 Bartelt Center,2745,NSW,Australia,8
168,02 Boyd Crossing,3143,Victoria,Australia,7
169,02 Declaration Lane,4551,QLD,Australia,7
170,02 Del Mar Center,4121,QLD,Australia,8
171,02 Fair Oaks Lane,3977,VIC,Australia,7
172,020 Bartillon Park,2767,NSW,Australia,8
173,02084 Rockefeller Crossing,2150,NSW,Australia,7
174,0212 Forest Run Trail,2774,New South Wales,Australia,8
175,02181 Starling Trail,3015,VIC,Australia,10
176,023 Thackeray Lane,2070,NSW,Australia,12
177,02353 Kropf Lane,3046,VIC,Australia,9
178,02377 Maywood Trail,2287,NSW,Australia,7
179,024 Onsgard Alley,3134,VIC,Australia,9
180,02485 Bellgrove Road,3015,VIC,Australia,9
181,025 Knutson Terrace,2350,NSW,Australia,3
182,0250 Onsgard Center,4034,QLD,Australia,7
183,02505 Mariners Cove Street,3222,VIC,Australia,6
184,02555 Sloan Way,2259,NSW,Australia,8
185,02570 Tony Way,3752,VIC,Australia,6
186,0261 Roxbury Crossing,4164,QLD,Australia,9
187,0264 Birchwood Plaza,3802,VIC,Australia,8
188,02663 Buell Parkway,2519,New South Wales,Australia,11
189,02701 Talmadge Junction,3082,VIC,Australia,7
190,0272 Pankratz Hill,2031,NSW,Australia,10
191,0274 Oneill Alley,2088,NSW,Australia,10
192,0278 Elka Place,4305,QLD,Australia,4
193,02862 Esker Crossing,2173,NSW,Australia,9
194,02885 Buhler Court,3804,VIC,Australia,9
195,029 Scott Center,4205,QLD,Australia,5
196,029 Springview Place,2177,NSW,Australia,8
197,0293 Porter Crossing,2830,NSW,Australia,5
198,0297 Merchant Avenue,4121,QLD,Australia,9
199,03 6th Alley,2168,NSW,Australia,9
200,03 Clarendon Way,2099,NSW,Australia,10
201,03 Granby Parkway,3216,VIC,Australia,8
202,03 Holmberg Park,4127,QLD,Australia,2
203,03 Lillian Street,3071,VIC,Australia,8
204,03 Ohio Lane,3081,VIC,Australia,9
205,03 Old Shore Terrace,4078,QLD,Australia,7
206,03058 Shoshone Lane,2090,NSW,Australia,12
207,0306 Donald Court,3844,VIC,Australia,1
208,032 Bartelt Crossing,2444,New South Wales,Australia,8
209,032 Kenwood Circle,2031,NSW,Australia,9
210,0322 Dryden Court,3183,VIC,Australia,7
211,03287 Hallows Center,4305,QLD,Australia,3
212,033 Loftsgordon Center,2150,NSW,Australia,8
213,033 Maryland Plaza,3023,VIC,Australia,8
214,0330 Vahlen Trail,3072,VIC,Australia,7
215,0338 Oakridge Crossing,3030,VIC,Australia,4
216,034 Eagan Avenue,2560,NSW,Australia,6
217,03444 Scott Lane,3204,VIC,Australia,10
218,0346 Dayton Hill,2092,NSW,Australia,12
219,0349 Farmco Terrace,2168,New South Wales,Australia,8
220,0355 3rd Drive,2118,NSW,Australia,11
221,036 Kedzie Terrace,2163,NSW,Australia,9
222,03742 Granby Parkway,2768,NSW,Australia,9
223,038 North Court,2333,NSW,Australia,3
224,0380 Chinook Avenue,2047,NSW,Australia,12
225,0386 Mayfield Way,4122,QLD,Australia,7
226,03890 Logan Court,2747,NSW,Australia,8
227,039 Havey Alley,2220,NSW,Australia,9
228,03961 Sullivan Park,2114,NSW,Australia,12
229,04 Fallview Trail,2749,NSW,Australia,8
230,04 Gulseth Plaza,2528,NSW,Australia,8
231,04 Hansons Street,2087,NSW,Australia,11
232,04 Namekagon Pass,2326,NSW,Australia,3
233,04 Oakridge Drive,4123,QLD,Australia,9
234,04 Onsgard Center,2101,NSW,Australia,9
235,04 Schmedeman Court,2196,NSW,Australia,10
236,040 Brown Trail,2040,NSW,Australia,12
237,04036 Kennedy Trail,2221,NSW,Australia,12
238,04046 Summit Avenue,4217,QLD,Australia,9
239,0410 Division Junction,2750,New South Wales,Australia,8
240,04139 Delladonna Place,2519,NSW,Australia,7
241,042 Bunker Hill Avenue,2088,NSW,Australia,8
242,042 Saint Paul Parkway,2769,NSW,Australia,10
243,0421 Anthes Court,2870,NSW,Australia,2
244,04240 Prentice Plaza,3031,VIC,Australia,9
245,04328 Rowland Plaza,3441,VIC,Australia,9
246,0442 Debra Point,2281,NSW,Australia,7
247,04449 Drewry Junction,2869,NSW,Australia,4
248,04470 Mcguire Trail,2070,NSW,Australia,9
249,04488 Amoth Parkway,2036,NSW,Australia,8
250,04488 Jenna Alley,2289,NSW,Australia,9
251,04489 Corscot Hill,2232,NSW,Australia,10
252,045 Debs Pass,3145,VIC,Australia,12
253,0465 Melrose Alley,2768,NSW,Australia,9
254,04678 Elka Crossing,2745,NSW,Australia,9
255,047 Kedzie Park,2206,NSW,Australia,11
256,047 Northfield Trail,3127,VIC,Australia,12
257,0485 Petterle Terrace,2575,NSW,Australia,6
258,049 Michigan Parkway,3337,Victoria,Australia,6
259,05 2nd Point,2217,NSW,Australia,8
260,05 Butternut Crossing,4552,QLD,Australia,4
261,05 Charing Cross Plaza,2320,NSW,Australia,5
262,05 Dahle Drive,3757,VIC,Australia,7
263,05 Daystar Lane,2560,NSW,Australia,8
264,05 Lerdahl Place,4215,QLD,Australia,6
265,05 Loftsgordon Pass,4380,QLD,Australia,9
266,050 Buell Lane,4055,QLD,Australia,7
267,050 Monterey Street,4869,QLD,Australia,3
268,0522 Nelson Crossing,4304,QLD,Australia,3
269,05239 Springs Circle,3030,VIC,Australia,7
270,05241 Shelley Park,2776,NSW,Australia,8
271,0534 Bartelt Trail,2760,NSW,Australia,8
272,054 Mesta Drive,3620,VIC,Australia,1
273,05415 Basil Junction,2450,NSW,Australia,8
274,055 Dakota Pass,2290,NSW,Australia,8
275,0555 Tomscot Plaza,2044,NSW,Australia,10
276,056 Petterle Drive,4075,QLD,Australia,4
277,056 Pierstorff Alley,2040,NSW,Australia,11
278,056 Stone Corner Alley,4078,QLD,Australia,7
279,05600 Lien Plaza,3796,VIC,Australia,8
280,05665 Dottie Circle,2085,NSW,Australia,11
281,05759 Ridge Oak Trail,2007,NSW,Australia,8
282,05919 Morning Parkway,2034,NSW,Australia,11
283,05988 Sundown Parkway,3037,VIC,Australia,8
284,06 Corry Pass,2450,NSW,Australia,9
285,06 Declaration Hill,3184,VIC,Australia,11
286,06 Heffernan Junction,4074,QLD,Australia,7
287,06 Hudson Parkway,2250,NSW,Australia,8
288,06 Kipling Circle,2085,NSW,Australia,10
289,06 Lake View Plaza,4515,QLD,Australia,1
290,06 Lighthouse Bay Pass,3042,VIC,Australia,9
291,06 Northwestern Center,2019,NSW,Australia,10
292,06 Oneill Parkway,2770,NSW,Australia,7
293,060 Morning Avenue,2016,New South Wales,Australia,10
294,06008 Anthes Pass,2478,NSW,Australia,8
295,0601 Stephen Place,2292,NSW,Australia,7
296,06069 Hayes Road,2099,NSW,Australia,8
297,0616 Messerschmidt Place,2350,NSW,Australia,4
298,0618 5th Place,3189,VIC,Australia,10
299,0619 Dorton Plaza,3150,Victoria,Australia,11
300,062 Dixon Parkway,3103,VIC,Australia,12
301,06324 Michigan Trail,4570,QLD,Australia,4
302,064 Fallview Terrace,4500,QLD,Australia,7
303,06419 Dayton Junction,3191,VIC,Australia,10
304,06495 Swallow Terrace,2759,NSW,Australia,9
305,0650 Sachs Circle,2769,NSW,Australia,10
306,067 Cottonwood Park,4340,QLD,Australia,2
307,0671 Vera Drive,4812,QLD,Australia,5
308,0672 Lyons Pass,2153,NSW,Australia,10
309,0672 Mitchell Terrace,4161,QLD,Australia,5
310,0680 Veith Court,3939,VIC,Australia,8
311,0693 Eagan Court,4019,QLD,Australia,4
312,07 Loeprich Junction,2101,NSW,Australia,11
313,07 Miller Pass,2017,NSW,Australia,9
314,07 Morning Court,3805,VIC,Australia,7
315,07 New Castle Circle,2646,NSW,Australia,1
316,07 Pepper Wood Way,2750,NSW,Australia,8
317,070 Shelley Terrace,3020,VIC,Australia,4
318,07041 Briar Crest Lane,2213,New South Wales,Australia,10
319,07084 Mallory Center,2428,NSW,Australia,5
320,071 Cardinal Point,3064,VIC,Australia,7
321,07158 Roth Pass,2165,NSW,Australia,4
322,07227 Hoard Terrace,3500,VIC,Australia,1
323,07236 Jenifer Point,2763,NSW,Australia,10
324,0724 Oxford Crossing,2146,NSW,Australia,9
325,07273 Sundown Trail,2358,NSW,Australia,2
326,073 Fremont Alley,3805,VIC,Australia,7
327,0733 Comanche Crossing,2304,NSW,Australia,6
328,07526 Union Lane,3377,VIC,Australia,1
329,07623 Mandrake Trail,2093,NSW,Australia,11
330,077 Clemons Road,2203,NSW,Australia,11
331,07716 5th Alley,2250,NSW,Australia,5
332,0777 Farwell Pass,2118,NSW,Australia,10
333,07780 Autumn Leaf Drive,4209,QLD,Australia,7
334,07803 Dexter Pass,2170,NSW,Australia,9
335,0784 Utah Plaza,3199,VIC,Australia,7
336,079 Katie Alley,3216,VIC,Australia,9
337,079 Merry Park,2160,New South Wales,Australia,9
338,0796 Melody Park,2200,NSW,Australia,9
339,0799 Florence Street,2089,NSW,Australia,9
340,08 Arapahoe Alley,4213,QLD,Australia,9
341,08 Carey Center,3284,VIC,Australia,6
342,08 Dennis Crossing,3184,VIC,Australia,11
343,08 Golf View Plaza,3199,VIC,Australia,9
344,08 Monterey Avenue,3043,VIC,Australia,7
345,08 Ronald Regan Plaza,2251,NSW,Australia,9
346,08 Roth Hill,4208,QLD,Australia,7
347,08 Twin Pines Place,2768,NSW,Australia,9
348,08 Upham Place,2176,NSW,Australia,9
349,08 Vidon Center,2143,NSW,Australia,5
350,080 Pond Alley,2065,NSW,Australia,9
351,0800 Donald Hill,4000,QLD,Australia,7
352,081 Oakridge Street,2519,NSW,Australia,10
353,08167 Buhler Avenue,2153,NSW,Australia,10
354,08180 Golf Park,3068,VIC,Australia,8
355,082 Twin Pines Avenue,4270,QLD,Australia,7
356,08260 Jay Court,3191,Victoria,Australia,11
357,08261 Aberg Junction,2176,NSW,Australia,9
358,083 Farragut Avenue,2540,NSW,Australia,7
359,084 Brickson Park Park,3177,VIC,Australia,5
360,08475 Shoshone Park,3116,VIC,Australia,9
361,08479 Hazelcrest Street,3340,VIC,Australia,4
362,0850 Schmedeman Drive,3580,VIC,Australia,1
363,08501 Kropf Trail,3152,Victoria,Australia,10
364,0866 Pennsylvania Junction,3181,VIC,Australia,10
365,087 Fallview Plaza,4209,QLD,Australia,5
366,08731 Coleman Lane,3352,VIC,Australia,6
367,089 Old Shore Point,3156,Victoria,Australia,8
368,0897 Little Fleur Way,3621,Victoria,Australia,8
369,0899 Judy Pass,3072,VIC,Australia,10
370,09 Bartelt Lane,2190,NSW,Australia,8
371,09 Bayside Place,2223,NSW,Australia,10
372,09 Graceland Junction,3204,VIC,Australia,2
373,09 Grim Lane,3752,VIC,Australia,4
374,09 Hagan Pass,3196,VIC,Australia,8
375,09 Mitchell Terrace,2166,NSW,Australia,9
376,09 Pierstorff Point,4514,QLD,Australia,6
377,09 Texas Plaza,4285,QLD,Australia,3
378,09 Warbler Court,4152,QLD,Australia,9
379,0900 Northport Point,2085,NSW,Australia,11
380,09040 Myrtle Parkway,2015,NSW,Australia,8
381,091 Farragut Crossing,3058,Victoria,Australia,9
382,091 Hoard Street,2229,NSW,Australia,12
383,0917 Golf View Parkway,4217,QLD,Australia,1
384,092 2nd Alley,2135,New South Wales,Australia,12
385,09295 Judy Terrace,2753,NSW,Australia,8
386,093 Mallard Hill,4034,QLD,Australia,7
387,09356 Badeau Drive,3630,VIC,Australia,1
388,094 Green Road,2216,NSW,Australia,11
389,09413 Holmberg Terrace,4127,QLD,Australia,3
390,095 Prairieview Circle,3191,VIC,Australia,12
391,096 Anniversary Point,2030,NSW,Australia,12
392,0964 Bayside Park,3136,VIC,Australia,9
393,09653 Golf View Way,3840,VIC,Australia,2
394,097 Gulseth Lane,4178,QLD,Australia,8
395,098 Veith Hill,4510,QLD,Australia,3
396,09810 Dayton Hill,4035,QLD,Australia,8
397,099 Nova Plaza,2227,NSW,Australia,10
398,0991 Commercial Road,4300,QLD,Australia,5
399,0996 Cody Terrace,2761,NSW,Australia,8
400,1 5th Parkway,2148,NSW,Australia,8
401,1 Algoma Trail,4213,QLD,Australia,6
402,1 Banding Way,4218,QLD,Australia,8
403,1 Basil Street,4037,QLD,Australia,8
404,1 Bay Pass,3219,VIC,Australia,5
405,1 Bayside Pass,3076,VIC,Australia,8
406,1 Bobwhite Circle,2230,NSW,Australia,9
407,1 Boyd Junction,2460,NSW,Australia,1
408,1 Boyd Terrace,3280,VIC,Australia,4
409,1 Carey Crossing,2047,NSW,Australia,10
410,1 Carey Pass,2065,NSW,Australia,11
411,1 Chive Trail,4670,QLD,Australia,2
412,1 Claremont Park,3931,VIC,Australia,10
413,1 Continental Center,2146,NSW,Australia,9
414,1 Coolidge Plaza,2150,NSW,Australia,7
415,1 Cordelia Alley,2261,NSW,Australia,8
416,1 Cottonwood Street,3150,VIC,Australia,9
417,1 Dayton Park,2767,NSW,Australia,9
418,1 Del Sol Center,2323,NSW,Australia,3
419,1 Dixon Way,3072,VIC,Australia,5
420,1 Drewry Junction,3810,VIC,Australia,7
421,1 Elgar Street,2010,NSW,Australia,9
422,1 Eliot Road,3910,VIC,Australia,8
423,1 Esker Pass,4575,QLD,Australia,8
424,1 Fairview Park,3977,VIC,Australia,7
425,1 Fallview Street,2155,NSW,Australia,10
426,1 Farwell Center,2199,NSW,Australia,9
427,1 Fordem Road,2144,NSW,Australia,9
428,1 Forest Junction,2620,NSW,Australia,10
429,1 Forster Junction,2880,NSW,Australia,1
430,1 Garrison Street,3103,VIC,Australia,12
431,1 Glacier Hill Parkway,2017,NSW,Australia,8
432,1 Graceland Trail,3195,VIC,Australia,9
433,1 Jenifer Court,4280,QLD,Australia,4
434,1 Loomis Parkway,3156,VIC,Australia,9
435,1 Mcbride Center,2484,NSW,Australia,6
436,1 Melby Way,2527,NSW,Australia,7
437,1 Melrose Lane,2010,NSW,Australia,9
438,1 Mendota Drive,2107,NSW,Australia,11
439,1 Merrick Parkway,2830,NSW,Australia,2
440,1 Michigan Way,2153,NSW,Australia,10
441,1 Monica Street,2100,NSW,Australia,9
442,1 Monterey Terrace,2011,NSW,Australia,12
443,1 Moose Avenue,2017,NSW,Australia,8
444,1 Morning Circle,2250,NSW,Australia,8
445,1 Namekagon Parkway,4075,QLD,Australia,5
446,1 Namekagon Plaza,4306,QLD,Australia,8
447,1 Nevada Park,4226,QLD,Australia,8
448,1 Nova Avenue,2200,NSW,Australia,9
449,1 Oriole Alley,4171,QLD,Australia,11
450,1 Pankratz Circle,3083,VIC,Australia,8
451,1 Park Meadow Drive,2145,NSW,Australia,9
452,1 Parkside Avenue,3109,VIC,Australia,10
453,1 Raven Circle,2450,NSW,Australia,7
454,1 Raven Junction,4502,QLD,Australia,4
455,1 Raven Place,2160,NSW,Australia,6
456,1 Red Cloud Street,2770,NSW,Australia,8
457,1 Ridgeway Court,3241,VIC,Australia,5
458,1 Rigney Circle,2295,NSW,Australia,8
459,1 Ronald Regan Hill,2756,NSW,Australia,8
460,1 Roth Pass,3199,VIC,Australia,4
461,1 Rowland Circle,3105,VIC,Australia,10
462,1 Saint Paul Terrace,2161,NSW,Australia,6
463,1 Schiller Place,2774,NSW,Australia,9
464,1 Service Alley,2116,NSW,Australia,10
465,1 Sloan Avenue,2176,NSW,Australia,10
466,1 Springview Place,4800,QLD,Australia,5
467,1 Straubel Alley,2117,NSW,Australia,10
468,1 Thackeray Crossing,4114,QLD,Australia,3
469,1 Toban Crossing,3616,VIC,Australia,3
470,1 Trailsway Lane,2145,NSW,Australia,9
471,1 Upham Crossing,3041,VIC,Australia,3
472,1 Utah Alley,2232,NSW,Australia,10
473,1 Vernon Terrace,4226,QLD,Australia,6
474,1 Vidon Pass,2233,NSW,Australia,8
475,1 Village Green Circle,2285,NSW,Australia,7
476,1 Wayridge Park,4301,QLD,Australia,1
477,10 American Alley,2066,NSW,Australia,12
478,10 Cambridge Street,4567,QLD,Australia,7
479,10 Hauk Point,3936,VIC,Australia,9
480,10 Hazelcrest Street,4413,QLD,Australia,5
481,10 Kedzie Pass,2770,NSW,Australia,7
482,10 Kensington Avenue,2117,NSW,Australia,10
483,10 Pennsylvania Hill,2118,NSW,Australia,11
484,10055 Old Shore Lane,3630,VIC,Australia,1
485,10097 Hooker Way,3196,VIC,Australia,8
486,1031 Kennedy Way,4507,QLD,Australia,7
487,1032 Killdeer Place,3631,VIC,Australia,3
488,10369 Sunbrook Way,4051,QLD,Australia,8
489,1038 Hayes Point,2021,NSW,Australia,7
490,104 Kingsford Park,2154,NSW,Australia,9
491,1041 Center Road,2155,NSW,Australia,10
492,10421 Cordelia Parkway,3188,VIC,Australia,12
493,10434 Melby Pass,2200,NSW,Australia,7
494,105 Shelley Alley,2209,New South Wales,Australia,10
495,106 Donald Way,3216,VIC,Australia,4
496,1063 Forest Avenue,4510,QLD,Australia,3
497,107 Elmside Parkway,4811,QLD,Australia,5
498,107 Garrison Plaza,2200,NSW,Australia,10
499,107 Moland Court,2579,NSW,Australia,5
500,1075 Raven Place,4512,QLD,Australia,7
501,1081 Laurel Park,2049,NSW,Australia,12
502,10878 Waywood Way,4352,QLD,Australia,7
503,109 Kipling Road,2156,NSW,Australia,11
504,109 Tomscot Avenue,2010,NSW,Australia,10
505,10918 Merry Way,2452,New South Wales,Australia,5
506,11 Corscot Plaza,2710,NSW,Australia,1
507,11 Crescent Oaks Junction,4055,QLD,Australia,8
508,11 Dunning Pass,2219,NSW,Australia,10
509,11 Erie Hill,3915,VIC,Australia,7
510,11 Farragut Junction,2530,NSW,Australia,8
511,11 Glendale Court,4121,QLD,Australia,9
512,11 Golf Pass,4805,QLD,Australia,2
513,11 Hermina Junction,3219,VIC,Australia,3
514,11 Manufacturers Junction,2170,NSW,Australia,8
515,11 Mifflin Junction,2193,NSW,Australia,10
516,11 Ryan Hill,2229,NSW,Australia,9
517,11 Sage Place,4055,QLD,Australia,7
518,11 Victoria Place,2036,NSW,Australia,11
519,11035 Toban Lane,2770,NSW,Australia,8
520,1108 Nevada Junction,4701,QLD,Australia,2
521,111 Hooker Avenue,4860,QLD,Australia,2
522,11171 Rigney Court,2770,NSW,Australia,6
523,11207 Lukken Center,3500,VIC,Australia,2
524,1127 Artisan Parkway,4070,QLD,Australia,5
525,1128 Golden Leaf Center,3124,VIC,Australia,9
526,113 Lien Place,2560,NSW,Australia,6
527,11474 Westend Hill,3752,VIC,Australia,8
528,1149 Riverside Parkway,2016,NSW,Australia,11
529,116 Sullivan Avenue,3941,VIC,Australia,9
530,11606 Myrtle Street,2207,NSW,Australia,8
531,1164 Toban Road,3806,VIC,Australia,5
532,11667 Blackbird Street,2226,NSW,Australia,10
533,1172 Mesta Center,4740,QLD,Australia,2
534,11731 3rd Hill,3004,Victoria,Australia,9
535,1176 Pine View Lane,2112,NSW,Australia,11
536,11879 Surrey Court,2768,NSW,Australia,9
537,1192 Declaration Hill,3207,Victoria,Australia,8
538,1197 Carey Junction,2280,NSW,Australia,7
539,12 6th Hill,4810,QLD,Australia,2
540,12 Alpine Lane,3754,VIC,Australia,8
541,12 Elgar Place,2155,NSW,Australia,10
542,12 Express Pass,2340,NSW,Australia,2
543,12 Fairfield Parkway,3029,VIC,Australia,7
544,12 Kings Hill,4272,QLD,Australia,9
545,12 Monument Alley,3124,Victoria,Australia,12
546,12 Prentice Point,4670,QLD,Australia,1
547,12 Quincy Lane,3141,VIC,Australia,8
548,12 Redwing Street,2325,NSW,Australia,4
549,12061 Rowland Alley,3228,VIC,Australia,8
550,121 Anniversary Lane,2200,NSW,Australia,9
551,12103 Merchant Circle,3072,VIC,Australia,9
552,122 Chinook Center,2112,NSW,Australia,11
553,122 Melrose Drive,2102,NSW,Australia,10
554,12306 Lawn Street,2145,New South Wales,Australia,8
555,1231 Grim Road,2760,NSW,Australia,8
556,12357 Arapahoe Parkway,4740,QLD,Australia,3
557,12375 Cambridge Pass,2065,New South Wales,Australia,11
558,124 Fulton Crossing,4680,QLD,Australia,3
559,12439 Kropf Way,3049,VIC,Australia,6
560,1253 Ridge Oak Center,2560,NSW,Australia,4
561,12548 Eagan Court,2768,NSW,Australia,9
562,12574 Truax Alley,2316,NSW,Australia,6
563,12651 Lake View Point,4209,QLD,Australia,7
564,12689 Logan Terrace,4154,QLD,Australia,9
565,1269 Esch Parkway,4078,QLD,Australia,6
566,12764 Raven Plaza,4020,QLD,Australia,7
567,12845 Paget Lane,2026,NSW,Australia,12
568,12860 Warner Court,3129,VIC,Australia,8
569,129 Mallory Junction,2196,NSW,Australia,10
570,13 Alpine Lane,2228,NSW,Australia,9
571,13 Basil Lane,2036,NSW,Australia,9
572,13 Buhler Plaza,2576,NSW,Australia,8
573,13 Colorado Lane,2099,NSW,Australia,9
574,13 Dexter Lane,3279,VIC,Australia,8
575,13 Marcy Alley,3138,VIC,Australia,8
576,13 Tennyson Point,4370,QLD,Australia,6
577,130 Hayes Crossing,2170,NSW,Australia,9
578,130 Thompson Plaza,2199,NSW,Australia,9
579,1301 Northwestern Place,2117,NSW,Australia,9
580,131 Northfield Parkway,3355,VIC,Australia,2
581,131 Tony Road,4213,QLD,Australia,8
582,1323 Maywood Plaza,2226,NSW,Australia,10
583,13282 Pond Circle,2471,NSW,Australia,2
584,133 Quincy Avenue,3810,VIC,Australia,4
585,13392 Emmet Parkway,2171,NSW,Australia,9
586,134 Knutson Street,2281,NSW,Australia,9
587,1346 Forest Dale Point,3111,VIC,Australia,10
588,1349 Namekagon Crossing,2134,NSW,Australia,12
589,135 Crest Line Drive,2044,NSW,Australia,10
590,1351 Lunder Road,2049,NSW,Australia,10
591,1369 Morrow Plaza,3046,VIC,Australia,8
592,1369 Wayridge Terrace,3802,VIC,Australia,7
593,13768 Commercial Trail,2155,NSW,Australia,10
594,13795 Corscot Drive,2147,NSW,Australia,9
595,13845 Hayes Center,3228,VIC,Australia,8
596,13852 Burning Wood Terrace,2199,NSW,Australia,1
597,13854 Artisan Avenue,4508,QLD,Australia,3
598,13950 Jackson Avenue,2099,NSW,Australia,11
599,1396 Sugar Terrace,2145,NSW,Australia,10
600,14 Autumn Leaf Avenue,2570,NSW,Australia,10
601,14 Bunting Alley,2073,NSW,Australia,12
602,14 Pennsylvania Alley,2225,NSW,Australia,10
603,14 Warbler Hill,2770,NSW,Australia,8
604,14 Westport Pass,3029,VIC,Australia,6
605,1411 Jenifer Center,4670,QLD,Australia,3
606,14155 Evergreen Way,2756,NSW,Australia,8
607,14179 Springs Drive,2557,NSW,Australia,9
608,142 Cambridge Place,2761,NSW,Australia,8
609,14254 Hallows Parkway,4615,QLD,Australia,1
610,143 Elka Circle,3134,VIC,Australia,9
611,1435 Lukken Trail,2570,NSW,Australia,8
612,1439 Utah Court,2176,NSW,Australia,9
613,144 Parkside Parkway,4655,QLD,Australia,3
614,1450 Gulseth Park,3337,VIC,Australia,5
615,146 Dakota Pass,4017,QLD,Australia,7
616,147 Brickson Park Drive,4017,QLD,Australia,7
617,147 Golden Leaf Pass,2061,NSW,Australia,10
618,147 Waubesa Point,2094,NSW,Australia,12
619,1472 Meadow Vale Lane,4034,QLD,Australia,7
620,14796 Ramsey Street,2069,NSW,Australia,12
621,148 Marcy Pass,4301,QLD,Australia,4
622,1482 Hauk Trail,3064,VIC,Australia,3
623,14860 Clove Drive,3175,VIC,Australia,5
624,149 Browning Terrace,2343,NSW,Australia,2
625,15 Almo Lane,2029,New South Wales,Australia,10
626,15 Duke Plaza,3013,VIC,Australia,8
627,15 Emmet Street,2233,NSW,Australia,10
628,15 Lindbergh Center,2199,NSW,Australia,9
629,15 Mcguire Junction,4128,QLD,Australia,6
630,15 Shelley Hill,2164,NSW,Australia,8
631,15 Straubel Way,4680,QLD,Australia,2
632,15012 Oneill Plaza,2285,NSW,Australia,5
633,15051 Monterey Street,2756,NSW,Australia,8
634,15067 Commercial Pass,4006,QLD,Australia,7
635,1508 Hooker Avenue,2000,NSW,Australia,8
636,15082 Crest Line Plaza,3040,VIC,Australia,8
637,15093 Hallows Pass,3930,VIC,Australia,9
638,152 Larry Alley,2756,NSW,Australia,9
639,1520 Summerview Road,2020,NSW,Australia,10
640,15239 Northwestern Point,4300,QLD,Australia,4
641,15393 Cody Lane,2046,NSW,Australia,9
642,154 Cambridge Point,3551,VIC,Australia,8
643,154 Heffernan Trail,2038,NSW,Australia,10
644,155 Basil Junction,2210,NSW,Australia,10
645,155 Sunfield Way,3212,VIC,Australia,2
646,1556 Sheridan Hill,4165,QLD,Australia,5
647,15566 Waxwing Place,2135,NSW,Australia,9
648,156 Lakeland Way,4035,QLD,Australia,9
649,1567 Schiller Street,3810,VIC,Australia,6
650,15673 Farmco Point,4017,QLD,Australia,6
651,15776 Thackeray Alley,2261,NSW,Australia,7
652,158 Lindbergh Crossing,3136,VIC,Australia,9
653,158 Utah Court,3082,VIC,Australia,8
654,15811 La Follette Park,2770,NSW,Australia,7
655,1585 Summer Ridge Alley,2548,NSW,Australia,6
656,159 Graceland Terrace,4343,QLD,Australia,1
657,15952 Mockingbird Court,2470,NSW,Australia,3
658,15980 Fairview Drive,2283,NSW,Australia,7
659,15991 Saint Paul Road,4213,QLD,Australia,7
660,16 Carberry Pass,2119,NSW,Australia,11
661,16 Dwight Court,2154,NSW,Australia,10
662,16 Golf View Center,3020,VIC,Australia,6
663,16 Hansons Hill,2454,NSW,Australia,7
664,16 Hudson Alley,2234,NSW,Australia,10
665,16 Maple Wood Center,2155,NSW,Australia,10
666,16 Montana Way,2478,NSW,Australia,7
667,16 Monument Place,4701,QLD,Australia,3
668,16 Saint Paul Street,4670,QLD,Australia,2
669,16 Vahlen Trail,2152,NSW,Australia,10
670,1601 Judy Drive,2026,NSW,Australia,10
671,16039 Warrior Parkway,4130,QLD,Australia,7
672,1605 Northfield Junction,2158,New South Wales,Australia,11
673,1617 Beilfuss Street,2759,NSW,Australia,8
674,1617 Harper Parkway,2096,NSW,Australia,10
675,1617 Lakewood Gardens Lane,2090,NSW,Australia,11
676,162 Golf View Hill,2011,NSW,Australia,6
677,1626 Dawn Street,4514,QLD,Australia,3
678,1628 Bonner Hill,2480,NSW,Australia,3
679,163 Gale Center,2077,NSW,Australia,10
680,163 Straubel Trail,2217,New South Wales,Australia,10
681,16334 Rutledge Trail,3805,VIC,Australia,9
682,16395 Nevada Lane,2145,NSW,Australia,10
683,16405 Doe Crossing Parkway,3630,VIC,Australia,3
684,16420 Veith Crossing,4214,QLD,Australia,7
685,165 Petterle Place,2145,NSW,Australia,8
686,16623 Mariners Cove Plaza,4127,QLD,Australia,2
687,16639 Bunting Circle,3174,VIC,Australia,8
688,16673 Pawling Point,4702,QLD,Australia,5
689,1693 Artisan Hill,2259,NSW,Australia,6
690,16984 Pankratz Park,2324,NSW,Australia,7
691,17 Dapin Avenue,3189,VIC,Australia,10
692,17 Nevada Drive,2122,NSW,Australia,11
693,17 Ohio Drive,4053,QLD,Australia,7
694,17 Sachs Street,2761,NSW,Australia,8
695,17 South Crossing,2770,NSW,Australia,7
696,17 Springs Center,4214,QLD,Australia,7
697,17 Sunfield Road,2211,NSW,Australia,9
698,171 Fordem Junction,2233,New South Wales,Australia,10
699,17123 Northport Circle,4223,QLD,Australia,9
700,1715 Scoville Drive,2031,NSW,Australia,11
701,1721 Nobel Junction,2753,NSW,Australia,8
702,1728 Springview Lane,4509,QLD,Australia,6
703,17357 Katie Center,3677,VIC,Australia,4
704,174 Calypso Crossing,2770,NSW,Australia,7
705,1742 Scott Center,4670,QLD,Australia,2
706,17485 Tennyson Pass,2221,NSW,Australia,10
707,17504 Spohn Center,2756,NSW,Australia,9
708,176 Sutteridge Alley,3121,VIC,Australia,11
709,177 Anniversary Parkway,2428,NSW,Australia,7
710,177 Forest Run Crossing,2046,NSW,Australia,10
711,177 Sheridan Trail,2759,NSW,Australia,8
712,1786 Orin Street,2327,NSW,Australia,3
713,1788 Columbus Trail,4510,QLD,Australia,4
714,1792 Judy Road,2539,NSW,Australia,6
715,17974 Kedzie Circle,2795,NSW,Australia,7
716,17979 Del Mar Point,2448,New South Wales,Australia,4
717,18 Bay Place,2176,NSW,Australia,9
718,18 Buhler Court,3186,VIC,Australia,12
719,18 Chinook Plaza,2756,NSW,Australia,9
720,18 Elgar Park,2166,New South Wales,Australia,9
721,18 Express Street,2165,NSW,Australia,9
722,18 Forest Avenue,2204,NSW,Australia,9
723,18 Jenna Center,2650,New South Wales,Australia,7
724,18 Karstens Drive,2233,NSW,Australia,10
725,18 Logan Alley,2159,NSW,Australia,11
726,18 Parkside Plaza,4122,QLD,Australia,4
727,18 School Alley,4655,QLD,Australia,3
728,18 Stephen Center,3189,VIC,Australia,10
729,18 Towne Way,2171,NSW,Australia,9
730,18072 American Parkway,3195,VIC,Australia,10
731,18083 Mallard Drive,3075,VIC,Australia,7
732,18118 Maple Wood Crossing,2763,NSW,Australia,9
733,1816 Monument Park,3074,VIC,Australia,7
734,1817 Bluejay Avenue,4218,QLD,Australia,10
735,182 Homewood Plaza,4053,QLD,Australia,7
736,182 Thierer Pass,3131,VIC,Australia,12
737,1823 Judy Center,3165,VIC,Australia,10
738,1826 Hazelcrest Park,3087,VIC,Australia,9
739,18264 Maryland Way,4217,QLD,Australia,9
740,183 Ronald Regan Street,2066,NSW,Australia,9
741,184 Hoepker Way,2197,NSW,Australia,9
742,184 Melrose Pass,2756,NSW,Australia,11
743,184 Roth Pass,4211,QLD,Australia,7
744,185 Pennsylvania Way,4226,QLD,Australia,6
745,1855 Stang Terrace,2145,NSW,Australia,9
746,186 Shasta Avenue,2066,NSW,Australia,9
747,1861 Golf Course Circle,2216,NSW,Australia,8
748,18652 Springs Plaza,2259,NSW,Australia,7
749,18708 Darwin Park,3977,VIC,Australia,7
750,1879 Mitchell Center,2206,NSW,Australia,10
751,188 Carberry Point,4650,QLD,Australia,1
752,18939 Upham Hill,3551,Victoria,Australia,3
753,1899 Manley Court,4551,QLD,Australia,7
754,19 Barby Parkway,4127,QLD,Australia,4
755,19 Daystar Alley,2761,NSW,Australia,8
756,19 Del Mar Avenue,3058,VIC,Australia,8
757,19 Fairview Road,4012,QLD,Australia,3
758,19 Green Ridge Avenue,3340,VIC,Australia,3
759,19 Lakewood Gardens Way,2760,NSW,Australia,9
760,1908 Brickson Park Trail,2112,NSW,Australia,8
761,1911 Waxwing Point,2761,NSW,Australia,9
762,1913 Magdeline Point,2022,NSW,Australia,12
763,19220 Evergreen Crossing,3195,VIC,Australia,9
764,1923 Fisk Lane,4341,QLD,Australia,3
765,1929 Crowley Drive,4034,QLD,Australia,7
766,193 Bluejay Hill,2160,NSW,Australia,9
767,19386 Burrows Way,2229,NSW,Australia,10
768,19392 7th Trail,4744,QLD,Australia,1
769,1940 Morning Circle,2765,NSW,Australia,9
770,1944 Charing Cross Junction,2126,NSW,Australia,10
771,1945 Loomis Alley,2871,NSW,Australia,1
772,1946 Golf Course Hill,3156,VIC,Australia,10
773,1949 Pepper Wood Pass,3168,Victoria,Australia,6
774,195 Knutson Place,4019,QLD,Australia,8
775,19507 Red Cloud Park,3338,VIC,Australia,4
776,1966 Glendale Avenue,4207,QLD,Australia,4
777,19679 Buell Pass,4305,QLD,Australia,5
778,197 Goodland Crossing,2320,NSW,Australia,5
779,197 Mifflin Hill,2260,NSW,Australia,10
780,1979 Arapahoe Trail,4701,QLD,Australia,3
781,19795 Bultman Circle,4214,QLD,Australia,8
782,198 Garrison Pass,2767,NSW,Australia,8
783,1988 Bartillon Terrace,4500,QLD,Australia,3
784,19964 Nancy Drive,3121,Victoria,Australia,8
785,19969 5th Parkway,3152,VIC,Australia,9
786,2 2nd Plaza,2283,NSW,Australia,4
787,2 Alpine Circle,2765,NSW,Australia,10
788,2 Annamark Park,2170,NSW,Australia,9
789,2 Armistice Parkway,2193,NSW,Australia,10
790,2 Autumn Leaf Plaza,2137,NSW,Australia,8
791,2 Barby Court,2133,NSW,Australia,8
792,2 Barby Trail,2769,NSW,Australia,10
793,2 Beilfuss Plaza,2000,NSW,Australia,9
794,2 Blue Bill Park Lane,4220,QLD,Australia,8
795,2 Brentwood Place,4151,QLD,Australia,8
796,2 Cambridge Point,3173,VIC,Australia,9
797,2 Clarendon Point,2194,NSW,Australia,7
798,2 Clyde Gallagher Drive,2232,NSW,Australia,10
799,2 Clyde Gallagher Lane,4170,QLD,Australia,5
800,2 Columbus Park,3075,VIC,Australia,7
801,2 Continental Park,3194,VIC,Australia,10
802,2 Continental Plaza,2263,NSW,Australia,6
803,2 Cottonwood Road,2032,NSW,Australia,11
804,2 Crest Line Crossing,2072,NSW,Australia,9
805,2 Darwin Parkway,2118,NSW,Australia,9
806,2 Dawn Avenue,4118,QLD,Australia,5
807,2 Dayton Center,2487,NSW,Australia,9
808,2 Del Sol Circle,3012,VIC,Australia,1
809,2 Derek Pass,2222,NSW,Australia,7
810,2 Dixon Crossing,3910,VIC,Australia,7
811,2 Donald Crossing,2880,NSW,Australia,1
812,2 Dunning Alley,2120,NSW,Australia,10
813,2 Dwight Point,4133,QLD,Australia,5
814,2 Dwight Street,3187,VIC,Australia,11
815,2 East Circle,2716,NSW,Australia,1
816,2 Eastwood Street,2153,NSW,Australia,10
817,2 Eliot Lane,2155,NSW,Australia,11
818,2 Elka Trail,2770,NSW,Australia,8
819,2 Gateway Drive,3995,VIC,Australia,2
820,2 Gerald Street,2071,NSW,Australia,11
821,2 Gina Junction,2085,NSW,Australia,11
822,2 Goodland Lane,3977,VIC,Australia,5
823,2 Green Ridge Park,2478,NSW,Australia,8
824,2 Grim Court,2168,NSW,Australia,8
825,2 Hagan Hill,2155,NSW,Australia,10
826,2 Havey Point,2759,NSW,Australia,8
827,2 Hoffman Way,2212,NSW,Australia,9
828,2 Homewood Center,2775,NSW,Australia,6
829,2 Homewood Pass,4211,QLD,Australia,8
830,2 Jackson Way,4210,QLD,Australia,4
831,2 Larry Trail,2207,NSW,Australia,8
832,2 Lillian Alley,4154,QLD,Australia,9
833,2 Manufacturers Parkway,3199,VIC,Australia,6
834,2 Marquette Drive,2204,NSW,Australia,8
835,2 Maryland Drive,4227,QLD,Australia,7
836,2 Mayfield Alley,2089,NSW,Australia,10
837,2 Mcbride Road,3070,VIC,Australia,10
838,2 Mcguire Terrace,2323,NSW,Australia,7
839,2 Melody Alley,3172,VIC,Australia,8
840,2 Michigan Parkway,3006,VIC,Australia,5
841,2 Monterey Terrace,2120,NSW,Australia,9
842,2 Moulton Drive,2567,NSW,Australia,10
843,2 North Crossing,3111,Victoria,Australia,11
844,2 Northridge Street,2508,NSW,Australia,10
845,2 Nova Street,4228,QLD,Australia,8
846,2 Pankratz Place,2063,NSW,Australia,11
847,2 Pankratz Street,4812,QLD,Australia,5
848,2 Portage Avenue,2170,NSW,Australia,9
849,2 Ramsey Parkway,2104,NSW,Australia,11
850,2 Randy Point,2766,NSW,Australia,8
851,2 Raven Way,3106,VIC,Australia,10
852,2 Ridgeway Circle,2090,NSW,Australia,10
853,2 Riverside Trail,2154,NSW,Australia,11
854,2 Roxbury Pass,3977,VIC,Australia,5
855,2 Roxbury Place,2564,NSW,Australia,8
856,2 Saint Paul Parkway,2040,NSW,Australia,12
857,2 School Street,2010,NSW,Australia,10
858,2 Scott Circle,2506,NSW,Australia,9
859,2 Scott Pass,4870,QLD,Australia,1
860,2 Shasta Street,3977,VIC,Australia,8
861,2 Shoshone Way,4123,QLD,Australia,6
862,2 Sommers Drive,3181,VIC,Australia,10
863,2 Southridge Crossing,2763,NSW,Australia,8
864,2 Spaight Road,2210,NSW,Australia,10
865,2 Spohn Court,2750,NSW,Australia,9
866,2 Starling Pass,3155,VIC,Australia,7
867,2 Straubel Lane,2477,NSW,Australia,6
868,2 Sutherland Street,3799,VIC,Australia,6
869,2 Thierer Lane,3437,VIC,Australia,8
870,2 Thierer Place,4053,QLD,Australia,8
871,2 Thierer Plaza,3976,VIC,Australia,3
872,2 Thierer Road,4113,QLD,Australia,8
873,2 Transport Plaza,2658,NSW,Australia,1
874,2 Union Way,2035,NSW,Australia,12
875,2 Vermont Avenue,2066,NSW,Australia,12
876,2 Victoria Crossing,3280,VIC,Australia,2
877,2 Vidon Center,4818,QLD,Australia,3
878,2 Waxwing Terrace,2429,NSW,Australia,2
879,20 Alpine Circle,3181,VIC,Australia,7
880,20 Bluestem Way,4152,QLD,Australia,9
881,20 Carberry Circle,2165,NSW,Australia,7
882,20 Carpenter Parkway,2192,NSW,Australia,9
883,20 Debs Road,2307,NSW,Australia,4
884,20 Del Mar Circle,2450,NSW,Australia,9
885,20 Dwight Junction,2768,NSW,Australia,10
886,20 Main Road,2230,NSW,Australia,9
887,20 Mcguire Hill,3198,VIC,Australia,4
888,20 Susan Court,3015,VIC,Australia,10
889,201 Pepper Wood Avenue,2154,NSW,Australia,11
890,201 Randy Parkway,3033,VIC,Australia,7
891,201 Valley Edge Park,3030,VIC,Australia,5
892,20101 Prentice Terrace,2074,NSW,Australia,11
893,20198 Hansons Plaza,2340,NSW,Australia,2
894,2028 Lakewood Place,2480,New South Wales,Australia,3
895,20370 Fordem Pass,4825,QLD,Australia,4
896,20373 Kensington Pass,2151,NSW,Australia,8
897,2038 Esker Road,2650,NSW,Australia,4
898,20382 Spohn Alley,2219,New South Wales,Australia,11
899,20415 Clyde Gallagher Parkway,2333,NSW,Australia,5
900,205 Melody Circle,4207,QLD,Australia,4
901,20519 Katie Circle,2152,NSW,Australia,8
902,2054 Sommers Pass,4113,QLD,Australia,4
903,20554 Orin Place,3630,VIC,Australia,1
904,2072 Fremont Parkway,3082,VIC,Australia,4
905,2079 Del Sol Hill,2761,NSW,Australia,8
906,208 Golden Leaf Pass,3195,VIC,Australia,10
907,2083 Spaight Court,3977,VIC,Australia,8
908,20924 Banding Crossing,2516,NSW,Australia,9
909,2094 Bunting Junction,3059,VIC,Australia,9
910,2099 Elmside Parkway,3165,VIC,Australia,10
911,21 2nd Pass,2566,NSW,Australia,8
912,21 Duke Hill,4344,QLD,Australia,4
913,21 Dwight Crossing,2062,NSW,Australia,10
914,21 South Avenue,2076,NSW,Australia,11
915,21 Spohn Drive,2530,NSW,Australia,8
916,21 Sugar Place,4207,QLD,Australia,3
917,21 West Avenue,2155,NSW,Australia,10
918,210 Esch Park,2452,NSW,Australia,8
919,210 Prairie Rose Hill,4060,QLD,Australia,9
920,2121 Dapin Center,3977,VIC,Australia,7
921,21230 Tomscot Lane,2093,NSW,Australia,12
922,2126 Debra Point,2127,NSW,Australia,9
923,213 Alpine Avenue,2168,NSW,Australia,9
924,21498 Springs Point,2089,NSW,Australia,12
925,215 Lindbergh Trail,4401,QLD,Australia,1
926,216 Barnett Junction,4120,QLD,Australia,8
927,217 Meadow Vale Point,2023,NSW,Australia,12
928,2170 Schiller Alley,2160,NSW,Australia,9
929,2178 Washington Hill,3806,VIC,Australia,6
930,21780 Service Park,2560,NSW,Australia,7
931,218 Elka Point,2176,NSW,Australia,10
932,218 Stuart Junction,2223,NSW,Australia,10
933,21800 Duke Parkway,3219,VIC,Australia,3
934,21969 Lawn Court,2095,NSW,Australia,9
935,22 Badeau Avenue,3161,VIC,Australia,11
936,22 Debs Point,2233,NSW,Australia,9
937,22 Hayes Center,3156,VIC,Australia,10
938,22 Mifflin Junction,2096,NSW,Australia,9
939,22 Moulton Place,4878,QLD,Australia,4
940,22 Nelson Terrace,2190,NSW,Australia,10
941,22 Oxford Junction,2315,New South Wales,Australia,3
942,22 Portage Road,2155,NSW,Australia,9
943,22 Sachtjen Avenue,2137,NSW,Australia,12
944,22 Transport Alley,2761,NSW,Australia,9
945,220 American Ash Road,4022,QLD,Australia,6
946,220 Mitchell Place,3099,VIC,Australia,9
947,221 Autumn Leaf Trail,2564,NSW,Australia,7
948,221 Coolidge Parkway,2010,NSW,Australia,9
949,22105 Arrowood Crossing,3124,VIC,Australia,7
950,22125 Ramsey Drive,3198,VIC,Australia,9
951,22171 Bayside Parkway,2880,NSW,Australia,1
952,22239 Waubesa Way,2763,NSW,Australia,9
953,2228 Steensland Terrace,2148,NSW,Australia,8
954,223 Trailsway Parkway,2154,NSW,Australia,10
955,22344 Reinke Pass,4225,QLD,Australia,5
956,22371 Miller Trail,2032,NSW,Australia,10
957,2241 Bonner Trail,4221,QLD,Australia,9
958,2241 Pearson Plaza,4503,QLD,Australia,6
959,2249 Havey Hill,3183,Victoria,Australia,10
960,225 American Point,4508,QLD,Australia,3
961,225 Dexter Crossing,2527,NSW,Australia,8
962,226 Rowland Street,4178,QLD,Australia,7
963,22619 Schurz Street,2321,NSW,Australia,4
964,22669 Lien Center,2565,NSW,Australia,6
965,227 Havey Trail,2795,NSW,Australia,6
966,2271 Fordem Plaza,2780,NSW,Australia,8
967,2272 Buena Vista Center,2065,NSW,Australia,12
968,2272 Dennis Alley,3165,VIC,Australia,10
969,2273 Oneill Place,2118,NSW,Australia,11
970,22774 Pennsylvania Hill,2262,NSW,Australia,6
971,22779 Graedel Road,4655,QLD,Australia,2
972,2294 Pleasure Place,2135,New South Wales,Australia,12
973,22976 Moose Place,2620,NSW,Australia,8
974,23 Clyde Gallagher Alley,3840,VIC,Australia,1
975,23 Glacier Hill Avenue,2259,NSW,Australia,6
976,23 Hollow Ridge Avenue,4702,QLD,Australia,2
977,23 Huxley Road,3064,VIC,Australia,7
978,23 Village Way,4215,QLD,Australia,9
979,23 West Crossing,3192,VIC,Australia,7
980,2309 Gulseth Way,3199,VIC,Australia,8
981,231 Havey Court,2153,NSW,Australia,10
982,23217 Waubesa Pass,2705,NSW,Australia,1
983,233 Toban Alley,2567,NSW,Australia,8
984,2330 Huxley Crossing,2570,NSW,Australia,10
985,23301 Bluestem Drive,3146,VIC,Australia,8
986,23384 Kings Drive,2261,NSW,Australia,9
987,23426 Transport Center,2218,NSW,Australia,10
988,2346 Dawn Terrace,4655,QLD,Australia,3
989,23478 Ramsey Pass,2760,NSW,Australia,6
990,2354 Forster Road,2131,NSW,Australia,11
991,23541 Dayton Drive,2177,NSW,Australia,9
992,236 Fremont Alley,2156,NSW,Australia,12
993,2364 Dovetail Way,3048,VIC,Australia,6
994,237 Garrison Way,2207,NSW,Australia,8
995,237 Summit Pass,4506,QLD,Australia,3
996,23700 Dennis Way,2075,NSW,Australia,11
997,2379 Dorton Pass,2089,NSW,Australia,12
998,238 New Castle Alley,2166,NSW,Australia,9
999,23812 Tony Lane,2036,NSW,Australia,8
1000,2388 Thackeray Place,3130,VIC,Australia,10
1001,2390 Blackbird Point,2035,NSW,Australia,11
1002,24 Corben Terrace,2164,NSW,Australia,8
1003,24 Fuller Lane,3183,VIC,Australia,6
1004,24 Green Parkway,3437,VIC,Australia,8
1005,24 Helena Alley,2566,NSW,Australia,9
1006,24 Hermina Alley,2262,NSW,Australia,6
1007,24 Lerdahl Street,4825,QLD,Australia,3
1008,24 Merchant Plaza,3031,VIC,Australia,10
1009,24 Old Shore Crossing,2250,NSW,Australia,7
1010,24 Scott Pass,4300,QLD,Australia,5
1011,24 Scoville Parkway,4670,QLD,Australia,1
1012,240 Lake View Road,4118,QLD,Australia,5
1013,24044 Bonner Hill,3032,VIC,Australia,8
1014,24167 Montana Place,2065,NSW,Australia,12
1015,24198 Almo Crossing,2021,NSW,Australia,12
1016,2428 Sloan Circle,2763,NSW,Australia,9
1017,243 Mosinee Place,2155,NSW,Australia,10
1018,243 Raven Drive,4815,QLD,Australia,3
1019,243 Ridge Oak Center,2195,NSW,Australia,9
1020,244 Burrows Center,3088,VIC,Australia,9
1021,2444 Aberg Hill,2067,NSW,Australia,12
1022,24596 Hoepker Avenue,2322,NSW,Australia,4
1023,246 Norway Maple Trail,3810,VIC,Australia,2
1024,24649 Kennedy Street,2114,NSW,Australia,8
1025,24688 Hollow Ridge Way,3064,VIC,Australia,7
1026,24712 Hazelcrest Lane,3024,VIC,Australia,7
1027,248 Bartillon Plaza,4059,QLD,Australia,9
1028,248 School Park,3156,VIC,Australia,8
1029,24877 3rd Circle,2063,NSW,Australia,12
1030,249 Anderson Street,2153,NSW,Australia,10
1031,249 Burning Wood Point,2758,NSW,Australia,8
1032,249 Merchant Terrace,4211,QLD,Australia,7
1033,24913 Twin Pines Terrace,3350,VIC,Australia,5
1034,24919 Artisan Court,3015,Victoria,Australia,8
1035,24951 Michigan Pass,2176,NSW,Australia,10
1036,24965 Mitchell Center,4124,QLD,Australia,6
1037,25 Coleman Circle,2214,NSW,Australia,9
1038,25 Darwin Terrace,2207,NSW,Australia,9
1039,25 Graceland Way,2750,NSW,Australia,8
1040,25 Melvin Junction,3064,VIC,Australia,6
1041,25 Mesta Plaza,3975,Victoria,Australia,8
1042,25 Novick Center,2010,NSW,Australia,9
1043,25 Parkside Terrace,4570,QLD,Australia,3
1044,25 Ronald Regan Point,4035,QLD,Australia,7
1045,25 Schlimgen Terrace,2211,NSW,Australia,9
1046,25 Schurz Avenue,2071,NSW,Australia,12
1047,25139 Rockefeller Center,4350,QLD,Australia,2
1048,2517 Glacier Hill Point,3219,VIC,Australia,3
1049,252 Mockingbird Plaza,2216,NSW,Australia,10
1050,25253 Straubel Trail,2153,NSW,Australia,10
1051,2538 Gateway Pass,4152,QLD,Australia,4
1052,25386 Fallview Place,2340,NSW,Australia,3
1053,25413 Delaware Pass,3150,VIC,Australia,12
1054,25460 Buell Avenue,2060,NSW,Australia,10
1055,255 Bonner Lane,3076,VIC,Australia,8
1056,255 Doe Crossing Terrace,2767,NSW,Australia,8
1057,25503 Evergreen Drive,4300,QLD,Australia,5
1058,25522 Mosinee Point,4215,QLD,Australia,7
1059,25567 Linden Court,4564,QLD,Australia,8
1060,25578 Mayfield Drive,2099,NSW,Australia,10
1061,2558 Morningstar Center,4221,QLD,Australia,8
1062,256 Fordem Street,2119,NSW,Australia,11
1063,25607 Summer Ridge Way,2448,NSW,Australia,5
1064,2565 Caliangt Point,2171,NSW,Australia,9
1065,25689 Eastlawn Crossing,2067,NSW,Australia,11
1066,257 Ruskin Crossing,2200,NSW,Australia,10
1067,2570 Wayridge Park,2093,NSW,Australia,9
1068,258 Bunker Hill Hill,2138,NSW,Australia,8
1069,258 Luster Court,2154,NSW,Australia,10
1070,259 Barnett Crossing,2265,NSW,Australia,5
1071,259 Homewood Pass,2092,NSW,Australia,10
1072,259 Summerview Center,4740,QLD,Australia,2
1073,259 Union Junction,3107,VIC,Australia,10
1074,2590 Northport Hill,2070,NSW,Australia,11
1075,25925 Service Crossing,2147,NSW,Australia,9
1076,25943 Montana Street,2747,NSW,Australia,8
1077,2595 Grover Drive,3124,Victoria,Australia,12
1078,26 Barby Terrace,2263,NSW,Australia,6
1079,26 Lotheville Court,2085,NSW,Australia,11
1080,26 Portage Junction,4503,QLD,Australia,5
1081,26 Randy Road,2642,NSW,Australia,2
1082,26049 Straubel Point,2099,NSW,Australia,11
1083,26064 Morningstar Junction,2480,NSW,Australia,2
1084,261 Farmco Drive,4118,QLD,Australia,4
1085,261 Mosinee Avenue,2335,NSW,Australia,5
1086,261 Northport Lane,2567,NSW,Australia,7
1087,26138 Katie Point,2800,NSW,Australia,4
1088,2615 Declaration Court,2031,NSW,Australia,12
1089,26204 Monument Alley,2289,NSW,Australia,8
1090,26223 Warrior Terrace,2204,NSW,Australia,9
1091,26349 Spaight Junction,2756,NSW,Australia,8
1092,26378 Esch Junction,2065,NSW,Australia,10
1093,2639 Brown Road,3910,Victoria,Australia,7
1094,2640 Manley Point,2166,New South Wales,Australia,9
1095,266 Little Fleur Street,4350,QLD,Australia,4
1096,26607 West Hill,2777,NSW,Australia,9
1097,2661 Di Loreto Point,4701,QLD,Australia,7
1098,267 Lukken Park,3930,VIC,Australia,9
1099,26710 Express Trail,4390,QLD,Australia,7
1100,26876 Lyons Court,3166,VIC,Australia,10
1101,2699 Crest Line Way,4869,QLD,Australia,4
1102,27 Dawn Lane,2233,NSW,Australia,10
1103,27 Drewry Road,2102,NSW,Australia,10
1104,27 Evergreen Terrace,2261,NSW,Australia,9
1105,27 Farmco Pass,3806,VIC,Australia,8
1106,27 Fuller Trail,2233,NSW,Australia,8
1107,27 Grayhawk Alley,2102,NSW,Australia,11
1108,27 Hooker Plaza,2177,NSW,Australia,8
1109,27 Mayer Lane,3756,VIC,Australia,7
1110,27 Petterle Center,4370,QLD,Australia,2
1111,27 Rockefeller Plaza,4556,QLD,Australia,8
1112,27 Schlimgen Way,4116,QLD,Australia,8
1113,27 Sunfield Center,4869,QLD,Australia,3
1114,27135 Melvin Plaza,4556,QLD,Australia,8
1115,272 Montana Avenue,2021,NSW,Australia,8
1116,27230 7th Place,2068,NSW,Australia,12
1117,2726 Cardinal Way,3073,Victoria,Australia,5
1118,274 Bultman Park,2566,NSW,Australia,7
1119,274 Ludington Trail,2428,NSW,Australia,5
1120,275 Lindbergh Parkway,2086,NSW,Australia,11
1121,2757 Green Ridge Circle,2567,NSW,Australia,8
1122,276 Coolidge Plaza,4215,QLD,Australia,7
1123,276 Hoffman Road,4017,QLD,Australia,8
1124,2769 Banding Avenue,3189,VIC,Australia,10
1125,277 Lindbergh Alley,2100,NSW,Australia,11
1126,277 Maple Circle,2768,NSW,Australia,8
1127,27784 Hansons Trail,3078,VIC,Australia,11
1128,2782 Stephen Trail,2216,NSW,Australia,10
1129,279 Jenna Circle,2179,NSW,Australia,12
1130,2796 Caliangt Circle,2204,New South Wales,Australia,12
1131,28 5th Center,4413,QLD,Australia,3
1132,28 Mcguire Junction,2171,NSW,Australia,10
1133,28 Menomonie Street,3140,VIC,Australia,10
1134,28 Superior Center,2131,NSW,Australia,11
1135,28 Toban Center,3756,VIC,Australia,2
1136,2800 Dottie Trail,3071,VIC,Australia,10
1137,28008 Mesta Lane,2767,NSW,Australia,9
1138,28014 Kings Park,2300,NSW,Australia,8
1139,2807 Northwestern Pass,3182,VIC,Australia,8
1140,2809 Anderson Lane,3350,VIC,Australia,3
1141,28156 School Park,3188,VIC,Australia,10
1142,282 Esker Crossing,3150,VIC,Australia,10
1143,282 Monterey Circle,4300,QLD,Australia,6
1144,282 West Trail,4005,QLD,Australia,5
1145,2826 Huxley Center,3137,Victoria,Australia,8
1146,2827 Fallview Lane,2064,NSW,Australia,9
1147,283 Claremont Hill,2138,NSW,Australia,9
1148,283 Ryan Street,3752,VIC,Australia,7
1149,2836 Morning Drive,2304,NSW,Australia,7
1150,285 Aberg Point,2192,NSW,Australia,10
1151,28604 Bellgrove Circle,4508,QLD,Australia,6
1152,28634 Nova Circle,3127,VIC,Australia,12
1153,2864 Corscot Parkway,2756,NSW,Australia,8
1154,2875 Anhalt Court,4570,QLD,Australia,3
1155,28809 Mesta Pass,4170,QLD,Australia,8
1156,28820 Monica Circle,2226,NSW,Australia,7
1157,2884 Welch Lane,3807,Victoria,Australia,8
1158,289 Haas Street,2075,New South Wales,Australia,11
1159,289 Lerdahl Terrace,2763,NSW,Australia,8
1160,28905 Hallows Avenue,2320,NSW,Australia,5
1161,28928 Mariners Cove Pass,3040,VIC,Australia,11
1162,29 Basil Point,2284,NSW,Australia,5
1163,29 Delaware Pass,2567,NSW,Australia,8
1164,29 Hansons Crossing,2318,NSW,Australia,4
1165,29 Mallory Circle,3791,VIC,Australia,9
1166,29 Portage Street,4070,QLD,Australia,7
1167,29 South Point,3111,Victoria,Australia,9
1168,29 Spohn Drive,2212,NSW,Australia,10
1169,290 Havey Crossing,3145,VIC,Australia,12
1170,290 Jay Drive,4210,QLD,Australia,3
1171,29133 Canary Circle,2282,NSW,Australia,8
1172,2914 Vahlen Lane,2250,NSW,Australia,8
1173,2918 Summer Ridge Hill,3030,VIC,Australia,2
1174,29180 American Ash Circle,2560,NSW,Australia,9
1175,29279 Hazelcrest Junction,2120,NSW,Australia,10
1176,294 Lawn Junction,3677,VIC,Australia,1
1177,29419 Harper Circle,4209,QLD,Australia,5
1178,2942 Swallow Trail,4214,QLD,Australia,9
1179,29438 Swallow Crossing,2217,NSW,Australia,11
1180,29466 Hanson Pass,4208,QLD,Australia,6
1181,2951 Petterle Place,2756,New South Wales,Australia,9
1182,29585 Weeping Birch Avenue,2830,NSW,Australia,2
1183,29639 Porter Center,4221,QLD,Australia,8
1184,297 Kinsman Park,2766,NSW,Australia,9
1185,2982 Monterey Way,3182,VIC,Australia,10
1186,2986 Holmberg Circle,3021,VIC,Australia,9
1187,29863 Waxwing Court,3056,VIC,Australia,5
1188,29886 Crownhardt Crossing,2141,NSW,Australia,8
1189,29895 Crest Line Point,2049,NSW,Australia,11
1190,299 Pine View Parkway,3121,VIC,Australia,12
1191,2992 Scott Hill,3046,VIC,Australia,8
1192,3 American Ash Parkway,3342,VIC,Australia,7
1193,3 Annamark Avenue,3150,VIC,Australia,11
1194,3 Atwood Lane,2153,NSW,Australia,10
1195,3 Barnett Way,2763,NSW,Australia,9
1196,3 Bashford Plaza,2267,NSW,Australia,5
1197,3 Becker Drive,2566,NSW,Australia,8
1198,3 Blaine Road,4306,QLD,Australia,6
1199,3 Bonner Point,2800,NSW,Australia,4
1200,3 Buell Park,2261,NSW,Australia,7
1201,3 Buena Vista Crossing,2444,NSW,Australia,6
1202,3 Buena Vista Pass,4209,QLD,Australia,5
1203,3 Burning Wood Pass,2322,NSW,Australia,4
1204,3 Butterfield Trail,4519,QLD,Australia,6
1205,3 Canary Center,2040,NSW,Australia,10
1206,3 Center Crossing,2452,NSW,Australia,3
1207,3 Cody Trail,2010,NSW,Australia,7
1208,3 Comanche Court,2537,NSW,Australia,4
1209,3 Cordelia Place,3018,VIC,Australia,9
1210,3 Cordelia Plaza,2153,New South Wales,Australia,10
1211,3 Corscot Crossing,2030,NSW,Australia,12
1212,3 Corscot Hill,4870,QLD,Australia,5
1213,3 Crest Line Plaza,2223,NSW,Australia,10
1214,3 Declaration Circle,4350,QLD,Australia,7
1215,3 Delladonna Street,4799,QLD,Australia,3
1216,3 Erie Hill,3564,Victoria,Australia,2
1217,3 Florence Drive,2151,NSW,Australia,10
1218,3 Fordem Park,4011,QLD,Australia,10
1219,3 Forest Dale Lane,2100,NSW,Australia,11
1220,3 Gina Center,4210,QLD,Australia,7
1221,3 Glacier Hill Parkway,2196,NSW,Australia,10
1222,3 Golf Course Avenue,2203,NSW,Australia,9
1223,3 Hayes Court,3109,VIC,Australia,10
1224,3 High Crossing Parkway,3006,VIC,Australia,7
1225,3 Hintze Pass,3133,VIC,Australia,10
1226,3 Hudson Circle,2250,NSW,Australia,9
1227,3 Independence Hill,2560,NSW,Australia,9
1228,3 Independence Street,4073,QLD,Australia,6
1229,3 Kedzie Center,3106,VIC,Australia,10
1230,3 Loomis Crossing,2217,NSW,Australia,9
1231,3 Lukken Road,2066,NSW,Australia,12
1232,3 Lunder Place,2300,NSW,Australia,10
1233,3 Luster Junction,2323,NSW,Australia,4
1234,3 Lyons Road,2759,NSW,Australia,8
1235,3 Magdeline Terrace,2190,NSW,Australia,10
1236,3 Magdeline Way,4415,QLD,Australia,2
1237,3 Mallard Center,2251,NSW,Australia,8
1238,3 Mandrake Parkway,2118,NSW,Australia,9
1239,3 Manley Crossing,4074,QLD,Australia,6
1240,3 Maple Place,3064,VIC,Australia,7
1241,3 Mariners Cove Terrace,3108,VIC,Australia,10
1242,3 Mariners Cove Terrace,2216,NSW,Australia,10
1243,3 Memorial Junction,2126,NSW,Australia,11
1244,3 Memorial Terrace,2234,NSW,Australia,10
1245,3 Monterey Trail,2582,NSW,Australia,9
1246,3 Monument Crossing,2090,NSW,Australia,10
1247,3 Moulton Lane,2153,NSW,Australia,9
1248,3 Myrtle Pass,2095,NSW,Australia,12
1249,3 Myrtle Terrace,4161,QLD,Australia,7
1250,3 Nancy Circle,3106,VIC,Australia,10
1251,3 Nevada Road,4215,QLD,Australia,3
1252,3 New Castle Terrace,3032,VIC,Australia,8
1253,3 Nova Point,3012,VIC,Australia,4
1254,3 Old Gate Hill,4106,QLD,Australia,5
1255,3 Oriole Place,3183,VIC,Australia,7
1256,3 Park Meadow Drive,3023,VIC,Australia,7
1257,3 Pennsylvania Terrace,2197,NSW,Australia,9
1258,3 Pepper Wood Point,2760,NSW,Australia,8
1259,3 Porter Center,2230,NSW,Australia,9
1260,3 Rigney Center,2794,NSW,Australia,2
1261,3 Riverside Drive,4034,QLD,Australia,8
1262,3 Roth Place,2449,NSW,Australia,2
1263,3 Roxbury Street,2261,NSW,Australia,7
1264,3 Sachs Point,2250,NSW,Australia,7
1265,3 Schlimgen Alley,3201,VIC,Australia,6
1266,3 School Drive,4173,QLD,Australia,7
1267,3 School Place,4124,QLD,Australia,4
1268,3 Shasta Circle,2165,NSW,Australia,8
1269,3 Shasta Way,2076,NSW,Australia,12
1270,3 Sheridan Park,2548,NSW,Australia,8
1271,3 Sutteridge Park,4074,QLD,Australia,6
1272,3 Talisman Court,3204,VIC,Australia,11
1273,3 Talisman Place,4811,QLD,Australia,2
1274,3 Talisman Place,4017,QLD,Australia,5
1275,3 Thierer Plaza,4815,QLD,Australia,1
1276,3 Tomscot Place,3756,VIC,Australia,4
1277,3 Valley Edge Trail,3444,VIC,Australia,7
1278,3 Vermont Alley,2261,NSW,Australia,5
1279,3 Vermont Junction,3757,VIC,Australia,6
1280,3 Washington Plaza,3199,VIC,Australia,7
1281,3 Weeping Birch Plaza,3677,VIC,Australia,2
1282,3 Westridge Avenue,2810,NSW,Australia,5
1283,30 Bay Hill,2229,NSW,Australia,12
1284,30 Crescent Oaks Point,3564,VIC,Australia,2
1285,30 Delladonna Plaza,3046,VIC,Australia,8
1286,30 Parkside Terrace,2210,NSW,Australia,10
1287,30 Prairie Rose Road,2761,NSW,Australia,7
1288,30 Redwing Pass,2112,NSW,Australia,11
1289,30011 Manufacturers Hill,3146,VIC,Australia,9
1290,3007 Summer Ridge Street,4511,QLD,Australia,7
1291,3009 Duke Crossing,2200,NSW,Australia,8
1292,30122 Union Plaza,2066,NSW,Australia,9
1293,3015 Bowman Alley,2777,NSW,Australia,9
1294,3024 Butternut Crossing,2087,NSW,Australia,11
1295,30274 Graedel Way,2577,NSW,Australia,7
1296,303 Michigan Avenue,3977,VIC,Australia,5
1297,304 Moland Street,3810,VIC,Australia,5
1298,3044 Summer Ridge Center,3060,VIC,Australia,8
1299,3047 Spenser Pass,2750,NSW,Australia,8
1300,305 Vera Lane,2165,NSW,Australia,8
1301,3052 Green Drive,3142,VIC,Australia,11
1302,30550 Pierstorff Lane,3093,Victoria,Australia,7
1303,306 Longview Street,2145,NSW,Australia,7
1304,30624 John Wall Point,3101,VIC,Australia,7
1305,3073 Golf View Terrace,4165,QLD,Australia,8
1306,3075 Victoria Drive,2290,NSW,Australia,7
1307,308 Jana Crossing,2153,New South Wales,Australia,10
1308,3082 Almo Center,2454,NSW,Australia,4
1309,309 Oneill Way,2068,NSW,Australia,10
1310,309 Shopko Center,4211,QLD,Australia,10
1311,3093 Mockingbird Place,3356,VIC,Australia,2
1312,30991 Macpherson Parkway,2155,NSW,Australia,9
1313,31 Declaration Drive,4500,QLD,Australia,5
1314,31 Dovetail Trail,2088,NSW,Australia,9
1315,31 Eastwood Circle,2460,NSW,Australia,3
1316,31 International Pass,4173,QLD,Australia,7
1317,31 Melvin Park,4163,QLD,Australia,8
1318,31 Northwestern Court,2206,NSW,Australia,10
1319,31 Packers Pass,2205,NSW,Australia,10
1320,31 Scofield Trail,3020,VIC,Australia,8
1321,31 Twin Pines Trail,3775,Victoria,Australia,10
1322,310 Cody Street,2125,NSW,Australia,11
1323,310 Stephen Terrace,4073,QLD,Australia,9
1324,3107 Calypso Terrace,2210,New South Wales,Australia,9
1325,311 Chive Way,4680,QLD,Australia,3
1326,311 Dapin Point,2549,NSW,Australia,3
1327,311 Emmet Point,4211,QLD,Australia,7
1328,31111 Hoepker Road,3034,VIC,Australia,9
1329,31168 Messerschmidt Street,3024,VIC,Australia,5
1330,31186 Hoard Junction,2015,NSW,Australia,12
1331,312 Swallow Place,3021,VIC,Australia,7
1332,3126 Bayside Hill,4503,QLD,Australia,4
1333,3126 Butterfield Pass,2573,NSW,Australia,8
1334,313 Mifflin Center,4504,QLD,Australia,5
1335,313 Schiller Trail,3018,VIC,Australia,4
1336,31331 Old Shore Crossing,2211,NSW,Australia,8
1337,31369 Meadow Valley Road,4034,QLD,Australia,5
1338,314 Northland Plaza,4213,QLD,Australia,5
1339,3140 Hudson Road,3130,VIC,Australia,5
1340,31414 Superior Park,2539,NSW,Australia,7
1341,31435 Eagle Crest Drive,2230,NSW,Australia,10
1342,31435 Surrey Court,2074,NSW,Australia,11
1343,3144 Ruskin Trail,2046,NSW,Australia,11
1344,31445 Morningstar Drive,3429,VIC,Australia,5
1345,31446 5th Court,3064,VIC,Australia,4
1346,31601 Birchwood Court,4105,QLD,Australia,8
1347,3169 Old Gate Point,2211,NSW,Australia,9
1348,3173 Park Meadow Park,2261,NSW,Australia,5
1349,318 Jenifer Alley,2119,NSW,Australia,11
1350,319 Michigan Way,4350,QLD,Australia,4
1351,31953 Dixon Way,2580,NSW,Australia,4
1352,32 Banding Center,2141,NSW,Australia,9
1353,32 Calypso Park,2481,NSW,Australia,11
1354,32 Cody Place,4035,QLD,Australia,8
1355,32 Dennis Hill,2233,NSW,Australia,9
1356,32 Elmside Point,2560,NSW,Australia,6
1357,32 Farragut Avenue,2076,NSW,Australia,11
1358,32 Hagan Junction,2570,NSW,Australia,9
1359,32 Larry Way,3073,VIC,Australia,10
1360,32 Meadow Ridge Alley,4610,QLD,Australia,1
1361,32 Spenser Crossing,2880,NSW,Australia,1
1362,32 Steensland Plaza,2233,NSW,Australia,9
1363,32 Sutteridge Trail,2470,NSW,Australia,1
1364,32 Vidon Point,4118,QLD,Australia,7
1365,320 Acker Drive,2251,NSW,Australia,7
1366,3201 Canary Center,2540,NSW,Australia,9
1367,3202 Ridge Oak Alley,4121,QLD,Australia,9
1368,3205 Service Park,2158,NSW,Australia,10
1369,3206 Debs Point,3071,VIC,Australia,10
1370,32062 Oak Terrace,3205,VIC,Australia,8
1371,321 Glendale Center,2820,NSW,Australia,1
1372,321 Muir Crossing,3175,VIC,Australia,5
1373,322 Garrison Way,3169,VIC,Australia,9
1374,322 Namekagon Trail,2107,NSW,Australia,11
1375,322 Scott Plaza,2170,NSW,Australia,5
1376,32304 Larry Road,4014,QLD,Australia,7
1377,324 Mifflin Road,2290,NSW,Australia,7
1378,3241 Rigney Place,3337,VIC,Australia,4
1379,3242 Arizona Junction,4101,QLD,Australia,10
1380,32571 Dixon Center,3337,VIC,Australia,3
1381,327 Loeprich Street,3187,VIC,Australia,11
1382,327 Monument Street,3201,VIC,Australia,4
1383,32705 Shelley Junction,3172,VIC,Australia,8
1384,32708 Bluestem Alley,3976,VIC,Australia,7
1385,32798 Melby Center,4055,QLD,Australia,8
1386,32876 American Ash Avenue,2099,NSW,Australia,11
1387,329 Glacier Hill Alley,3076,Victoria,Australia,8
1388,33 Almo Terrace,3051,VIC,Australia,10
1389,33 Bayside Way,4702,QLD,Australia,1
1390,33 Del Mar Junction,2264,NSW,Australia,8
1391,33 Farwell Crossing,2575,NSW,Australia,10
1392,33 Kropf Hill,2211,NSW,Australia,10
1393,33 Norway Maple Street,2760,NSW,Australia,7
1394,33 Novick Parkway,2156,NSW,Australia,12
1395,33 Prentice Street,2300,NSW,Australia,9
1396,33 Rockefeller Avenue,4740,QLD,Australia,2
1397,33 Sugar Alley,2060,NSW,Australia,12
1398,33006 Petterle Trail,4121,QLD,Australia,8
1399,33055 Menomonie Parkway,4133,QLD,Australia,8
1400,3306 Bartelt Alley,2323,NSW,Australia,4
1401,33061 Fremont Lane,4720,QLD,Australia,3
1402,332 Maywood Crossing,3136,VIC,Australia,9
1403,332 Summerview Park,3000,VIC,Australia,8
1404,33221 Maple Wood Place,2260,NSW,Australia,10
1405,33297 Hoepker Way,2843,NSW,Australia,1
1406,333 Bunting Crossing,2536,NSW,Australia,4
1407,33331 Corry Road,2560,NSW,Australia,8
1408,33477 Trailsway Park,4818,QLD,Australia,5
1409,33550 Spohn Terrace,3630,VIC,Australia,1
1410,33564 Jana Court,4218,QLD,Australia,5
1411,336 Fordem Trail,2088,NSW,Australia,12
1412,336 Service Pass,2073,NSW,Australia,11
1413,337 Brentwood Pass,2529,NSW,Australia,8
1414,33782 Doe Crossing Terrace,2280,NSW,Australia,7
1415,33792 Burrows Plaza,4125,QLD,Australia,7
1416,33794 Sommers Crossing,2502,NSW,Australia,6
1417,338 Grasskamp Lane,2573,NSW,Australia,7
1418,338 Little Fleur Avenue,2170,NSW,Australia,9
1419,3383 Fair Oaks Circle,3046,VIC,Australia,8
1420,3384 Nelson Circle,4227,QLD,Australia,3
1421,3387 Warrior Court,2527,NSW,Australia,7
1422,3397 Ronald Regan Plaza,4511,QLD,Australia,5
1423,34 3rd Place,3030,VIC,Australia,8
1424,34 Arrowood Pass,2567,NSW,Australia,9
1425,34 Calypso Court,2153,NSW,Australia,10
1426,34 Colorado Pass,2287,NSW,Australia,6
1427,34 Kim Center,2036,NSW,Australia,11
1428,34 Packers Trail,3168,VIC,Australia,10
1429,34 Russell Plaza,4127,QLD,Australia,6
1430,34 Vidon Way,3037,VIC,Australia,8
1431,34 Warrior Trail,2759,NSW,Australia,8
1432,340 Northview Circle,2340,NSW,Australia,4
1433,3403 Spenser Terrace,3143,VIC,Australia,8
1434,341 Katie Junction,4817,QLD,Australia,4
1435,341 Londonderry Point,4215,QLD,Australia,7
1436,341 Saint Paul Lane,2033,NSW,Australia,9
1437,3416 Texas Pass,2747,NSW,Australia,7
1438,3417 Huxley Pass,3355,VIC,Australia,2
1439,34222 Vera Circle,3240,VIC,Australia,7
1440,34329 Heffernan Plaza,3178,VIC,Australia,7
1441,344 Dayton Drive,2148,NSW,Australia,9
1442,344 Delladonna Place,2196,NSW,Australia,10
1443,344 Rockefeller Way,3966,VIC,Australia,2
1444,34457 Springview Street,2759,NSW,Australia,9
1445,345 Dovetail Avenue,4305,QLD,Australia,5
1446,3463 Merchant Trail,3152,VIC,Australia,10
1447,3466 Truax Terrace,2127,NSW,Australia,8
1448,3467 Prairie Rose Lane,3034,VIC,Australia,7
1449,3468 Rigney Place,3505,VIC,Australia,1
1450,3469 Service Road,2770,NSW,Australia,5
1451,34694 Sugar Place,4740,QLD,Australia,5
1452,34748 Charing Cross Point,3057,VIC,Australia,10
1453,34775 Melrose Road,2152,NSW,Australia,10
1454,34797 Londonderry Trail,3806,VIC,Australia,7
1455,3483 Burrows Hill,2137,NSW,Australia,11
1456,34953 Oak Circle,2153,NSW,Australia,10
1457,3496 Brown Drive,2207,New South Wales,Australia,8
1458,34976 Lindbergh Hill,4304,QLD,Australia,4
1459,35 Chive Alley,2033,NSW,Australia,10
1460,35 Debra Way,3201,VIC,Australia,6
1461,35 Eastwood Plaza,3163,VIC,Australia,9
1462,35 Harbort Way,2446,NSW,Australia,8
1463,35 Lakewood Gardens Junction,3806,VIC,Australia,9
1464,35 Larry Plaza,2093,NSW,Australia,9
1465,35 Shelley Court,3156,VIC,Australia,8
1466,3516 Kensington Lane,2164,NSW,Australia,9
1467,3519 Schurz Alley,4034,QLD,Australia,7
1468,352 Bonner Crossing,3084,VIC,Australia,8
1469,352 Forster Place,4132,QLD,Australia,3
1470,352 Roth Street,4300,QLD,Australia,6
1471,3525 Buena Vista Plaza,2120,NSW,Australia,9
1472,3528 Granby Circle,4825,QLD,Australia,5
1473,35280 Harper Junction,2700,NSW,Australia,2
1474,353 Donald Street,3199,VIC,Australia,7
1475,353 Oneill Park,3145,VIC,Australia,9
1476,353 Scott Road,2770,NSW,Australia,7
1477,353 Stuart Trail,4702,QLD,Australia,3
1478,3538 Bunting Hill,3805,VIC,Australia,7
1479,35386 Mockingbird Road,3749,VIC,Australia,4
1480,3542 Arkansas Place,3380,VIC,Australia,1
1481,35454 Welch Hill,2477,NSW,Australia,6
1482,355 Thackeray Circle,3025,Victoria,Australia,9
1483,356 Petterle Way,2193,NSW,Australia,9
1484,3563 Darwin Avenue,3095,VIC,Australia,9
1485,35631 Colorado Crossing,2630,NSW,Australia,2
1486,3567 Northfield Lane,2430,NSW,Australia,5
1487,357 Elgar Alley,3910,VIC,Australia,9
1488,35796 Buhler Plaza,3108,Victoria,Australia,10
1489,358 Ronald Regan Point,2065,NSW,Australia,12
1490,35807 Oneill Way,4300,QLD,Australia,4
1491,359 Briar Crest Road,2155,NSW,Australia,10
1492,359 Kropf Point,2750,NSW,Australia,9
1493,36 Grayhawk Plaza,2031,NSW,Australia,9
1494,36 Helena Drive,4305,QLD,Australia,1
1495,36 Marquette Center,2250,NSW,Australia,7
1496,36 Service Lane,2750,NSW,Australia,7
1497,36 Sommers Place,2096,NSW,Australia,12
1498,36 Vidon Parkway,2798,NSW,Australia,6
1499,360 Green Ridge Junction,2508,NSW,Australia,9
1500,360 Troy Parkway,3223,VIC,Australia,6
1501,3605 Vidon Hill,3305,VIC,Australia,1
1502,36072 Lakewood Gardens Court,4051,QLD,Australia,8
1503,3609 Shelley Road,2126,NSW,Australia,10
1504,3619 Elgar Terrace,3337,VIC,Australia,3
1505,362 Mayer Terrace,4680,QLD,Australia,5
1506,363 Schiller Court,2763,NSW,Australia,7
1507,36360 Coleman Trail,3850,Victoria,Australia,3
1508,3638 Starling Alley,2027,NSW,Australia,11
1509,36445 Meadow Valley Road,3087,VIC,Australia,9
1510,365 Jenifer Point,4116,QLD,Australia,7
1511,36516 Forster Lane,4034,QLD,Australia,7
1512,366 Hovde Park,2566,NSW,Australia,8
1513,366 International Way,2170,NSW,Australia,8
1514,367 Algoma Lane,2153,NSW,Australia,10
1515,367 Talmadge Way,2705,NSW,Australia,1
1516,36708 Algoma Junction,2170,NSW,Australia,6
1517,3673 Jenna Center,4301,QLD,Australia,3
1518,36744 Birchwood Center,4019,QLD,Australia,3
1519,36866 Summit Point,3750,VIC,Australia,9
1520,369 Milwaukee Court,3630,VIC,Australia,2
1521,36903 Reinke Trail,3147,VIC,Australia,10
1522,36912 Gina Pass,2133,NSW,Australia,11
1523,37 Banding Avenue,2567,NSW,Australia,9
1524,37 Clarendon Lane,4655,QLD,Australia,3
1525,37 Darwin Circle,2282,NSW,Australia,8
1526,37 Division Way,2153,NSW,Australia,9
1527,37 Dorton Street,2594,NSW,Australia,3
1528,37 Hintze Center,4011,QLD,Australia,11
1529,37 Hintze Court,2168,NSW,Australia,9
1530,37 Ilene Hill,3121,Victoria,Australia,10
1531,37 Mockingbird Street,4017,QLD,Australia,3
1532,37 Roth Place,2144,NSW,Australia,10
1533,37 Summerview Park,2101,NSW,Australia,11
1534,37 Sutherland Terrace,2830,NSW,Australia,4
1535,37 Tennessee Way,4078,QLD,Australia,5
1536,370 Portage Parkway,3125,VIC,Australia,8
1537,37006 Hoard Circle,3182,VIC,Australia,7
1538,37024 Anniversary Place,2204,NSW,Australia,11
1539,37093 Manitowish Center,2170,NSW,Australia,10
1540,3720 Anniversary Court,4812,QLD,Australia,2
1541,37208 Golf View Terrace,2145,NSW,Australia,8
1542,3723 Bunker Hill Circle,2065,NSW,Australia,10
1543,37258 Stephen Place,4116,QLD,Australia,9
1544,373 Cordelia Trail,3500,VIC,Australia,1
1545,373 Hayes Terrace,2010,NSW,Australia,9
1546,373 Oak Valley Avenue,2048,NSW,Australia,11
1547,3732 Linden Avenue,4820,QLD,Australia,1
1548,37353 Alpine Circle,2214,NSW,Australia,8
1549,37363 Morning Park,3108,VIC,Australia,7
1550,3743 Melody Avenue,3550,Victoria,Australia,4
1551,37430 Merrick Center,2770,NSW,Australia,6
1552,3748 Lake View Lane,2590,NSW,Australia,1
1553,37495 Summerview Park,2619,NSW,Australia,7
1554,375 Drewry Alley,4120,QLD,Australia,9
1555,375 Luster Parkway,2147,NSW,Australia,9
1556,37595 Packers Terrace,3064,VIC,Australia,5
1557,376 Buena Vista Street,2026,NSW,Australia,11
1558,3762 Victoria Alley,4078,QLD,Australia,6
1559,3765 Mandrake Alley,2763,NSW,Australia,9
1560,378 Butterfield Pass,4300,QLD,Australia,6
1561,378 Maple Pass,2153,NSW,Australia,10
1562,378 Prentice Point,4064,QLD,Australia,9
1563,37817 Burning Wood Circle,2126,NSW,Australia,11
1564,3785 Dapin Drive,2036,NSW,Australia,6
1565,3788 Service Trail,3805,VIC,Australia,8
1566,379 Scofield Pass,3101,VIC,Australia,8
1567,37983 Logan Street,2154,NSW,Australia,11
1568,38 Armistice Alley,2018,NSW,Australia,8
1569,38 Armistice Lane,3250,VIC,Australia,2
1570,38 Hansons Place,3023,VIC,Australia,7
1571,38 Havey Place,3049,VIC,Australia,5
1572,38 Jackson Lane,3610,VIC,Australia,3
1573,38 Main Park,3188,VIC,Australia,8
1574,38 Steensland Circle,2234,NSW,Australia,10
1575,38 Thompson Plaza,2452,NSW,Australia,5
1576,38 Trailsway Parkway,2118,NSW,Australia,11
1577,38 Valley Edge Plaza,3095,VIC,Australia,10
1578,38017 Briar Crest Drive,2165,NSW,Australia,9
1579,382 Dayton Lane,2148,NSW,Australia,8
1580,382 Maywood Parkway,4127,QLD,Australia,6
1581,38233 Boyd Alley,3976,VIC,Australia,6
1582,3828 Norway Maple Avenue,2027,NSW,Australia,11
1583,383 Little Fleur Circle,2753,NSW,Australia,7
1584,383 Rockefeller Junction,2753,NSW,Australia,9
1585,3831 Paget Road,3163,VIC,Australia,6
1586,38330 Badeau Place,2154,NSW,Australia,11
1587,38473 Waubesa Alley,2759,NSW,Australia,8
1588,386 Jay Junction,4218,QLD,Australia,3
1589,387 Pawling Drive,2580,NSW,Australia,4
1590,38726 Ilene Crossing,2212,New South Wales,Australia,10
1591,38759 Butterfield Avenue,4305,QLD,Australia,2
1592,38792 Calypso Crossing,2778,NSW,Australia,7
1593,388 Karstens Drive,2428,NSW,Australia,5
1594,388 Shoshone Trail,2234,NSW,Australia,10
1595,388 Weeping Birch Plaza,2156,NSW,Australia,11
1596,38834 Green Center,2132,NSW,Australia,11
1597,38834 Manufacturers Hill,2768,NSW,Australia,10
1598,3897 Oxford Pass,3350,VIC,Australia,5
1599,39 3rd Drive,2026,New South Wales,Australia,10
1600,39 Badeau Court,2572,NSW,Australia,8
1601,39 Lindbergh Drive,2170,NSW,Australia,8
1602,39 Ronald Regan Alley,3765,VIC,Australia,8
1603,390 Meadow Vale Circle,2560,NSW,Australia,9
1604,390 Wayridge Plaza,2756,NSW,Australia,9
1605,3903 Messerschmidt Park,2164,NSW,Australia,8
1606,39035 Westerfield Plaza,2463,NSW,Australia,4
1607,39179 Bayside Terrace,3148,VIC,Australia,9
1608,392 Grim Pass,4680,QLD,Australia,6
1609,392 Ridge Oak Road,4165,QLD,Australia,7
1610,393 Dexter Junction,4151,QLD,Australia,9
1611,393 Warrior Crossing,3190,VIC,Australia,10
1612,3934 Karstens Circle,2650,NSW,Australia,2
1613,394 Russell Avenue,2209,NSW,Australia,10
1614,3957 American Ash Plaza,2440,NSW,Australia,2
1615,396 Butternut Point,2230,NSW,Australia,12
1616,396 Sachs Road,2147,NSW,Australia,8
1617,3962 Rigney Center,3156,VIC,Australia,8
1618,39632 Michigan Park,4165,QLD,Australia,5
1619,39677 Emmet Terrace,2211,NSW,Australia,10
1620,39716 Vera Junction,3170,VIC,Australia,9
1621,39746 Eliot Center,2177,NSW,Australia,9
1622,398 Butternut Place,3027,VIC,Australia,7
1623,3981 Karstens Place,2570,NSW,Australia,8
1624,3984 Clove Street,3192,VIC,Australia,10
1625,39846 Springs Crossing,2154,NSW,Australia,10
1626,399 Butterfield Crossing,4115,QLD,Australia,7
1627,39946 Kenwood Court,3070,VIC,Australia,9
1628,39988 Porter Pass,4152,QLD,Australia,7
1629,4 5th Circle,2800,NSW,Australia,2
1630,4 5th Point,2075,NSW,Australia,11
1631,4 Almo Plaza,2085,NSW,Australia,10
1632,4 American Ash Circle,2211,NSW,Australia,10
1633,4 Amoth Trail,4161,QLD,Australia,6
1634,4 Barby Avenue,2705,NSW,Australia,5
1635,4 Barby Point,4216,QLD,Australia,8
1636,4 Barby Road,2647,NSW,Australia,3
1637,4 Bartelt Hill,4510,QLD,Australia,1
1638,4 Bayside Place,4508,QLD,Australia,4
1639,4 Becker Center,2145,NSW,Australia,10
1640,4 Carioca Way,3182,Victoria,Australia,10
1641,4 Center Park,3807,VIC,Australia,6
1642,4 Crescent Oaks Alley,2541,NSW,Australia,5
1643,4 Dayton Terrace,2280,NSW,Australia,9
1644,4 Debra Hill,3106,VIC,Australia,10
1645,4 Delaware Terrace,3804,VIC,Australia,8
1646,4 Delaware Trail,2210,New South Wales,Australia,9
1647,4 Dexter Park,4505,QLD,Australia,2
1648,4 Dovetail Crossing,2350,NSW,Australia,2
1649,4 Eastlawn Crossing,2036,NSW,Australia,12
1650,4 Emmet Avenue,4300,QLD,Australia,1
1651,4 Express Plaza,2191,NSW,Australia,10
1652,4 Fairfield Way,2487,NSW,Australia,10
1653,4 Farragut Center,2065,NSW,Australia,12
1654,4 Florence Street,2032,NSW,Australia,11
1655,4 Gateway Court,3107,VIC,Australia,10
1656,4 Glendale Crossing,3148,VIC,Australia,10
1657,4 Golden Leaf Road,4670,QLD,Australia,2
1658,4 Graedel Parkway,2560,NSW,Australia,8
1659,4 Hagan Hill,2197,NSW,Australia,9
1660,4 Hanover Junction,3192,VIC,Australia,10
1661,4 Hoard Pass,2153,NSW,Australia,9
1662,4 Huxley Alley,4070,QLD,Australia,8
1663,4 Ilene Street,2145,NSW,Australia,7
1664,4 Jay Court,2763,NSW,Australia,9
1665,4 Jenifer Hill,3147,VIC,Australia,12
1666,4 Judy Park,2016,NSW,Australia,10
1667,4 Kennedy Trail,3147,VIC,Australia,8
1668,4 Lillian Plaza,2283,NSW,Australia,6
1669,4 Loeprich Avenue,4022,QLD,Australia,3
1670,4 Loftsgordon Avenue,3023,VIC,Australia,8
1671,4 Londonderry Junction,4159,QLD,Australia,7
1672,4 Londonderry Lane,3084,VIC,Australia,10
1673,4 Loomis Hill,2527,NSW,Australia,7
1674,4 Macpherson Drive,2560,NSW,Australia,8
1675,4 Macpherson Street,3143,VIC,Australia,4
1676,4 Mallory Hill,2880,NSW,Australia,1
1677,4 Mariners Cove Street,2043,NSW,Australia,9
1678,4 Mayfield Center,3155,VIC,Australia,9
1679,4 Maywood Court,2228,NSW,Australia,10
1680,4 Milwaukee Park,3046,VIC,Australia,9
1681,4 Mosinee Lane,4165,QLD,Australia,5
1682,4 Northridge Center,2076,NSW,Australia,11
1683,4 Oriole Hill,2340,NSW,Australia,7
1684,4 Pankratz Street,2101,NSW,Australia,11
1685,4 Pond Parkway,3185,Victoria,Australia,9
1686,4 Quincy Trail,2800,NSW,Australia,3
1687,4 Ridgeway Court,4030,QLD,Australia,4
1688,4 Rieder Drive,3064,VIC,Australia,5
1689,4 Rockefeller Plaza,3196,VIC,Australia,5
1690,4 Rowland Plaza,2324,NSW,Australia,4
1691,4 Rowland Way,2126,NSW,Australia,10
1692,4 Sachtjen Avenue,4210,QLD,Australia,10
1693,4 Sachtjen Drive,4701,QLD,Australia,3
1694,4 Shopko Circle,2196,NSW,Australia,5
1695,4 Stone Corner Avenue,4503,QLD,Australia,6
1696,4 Sunfield Circle,2194,NSW,Australia,8
1697,4 Sunnyside Crossing,2125,NSW,Australia,12
1698,4 Susan Center,3170,VIC,Australia,9
1699,4 Sutteridge Trail,2153,NSW,Australia,10
1700,4 Sycamore Pass,3977,VIC,Australia,5
1701,4 Thackeray Pass,2487,NSW,Australia,9
1702,4 Toban Junction,2154,NSW,Australia,8
1703,4 Tomscot Alley,4343,QLD,Australia,7
1704,4 Vahlen Alley,2756,NSW,Australia,8
1705,4 Vahlen Junction,2227,NSW,Australia,10
1706,4 Westridge Circle,2763,NSW,Australia,8
1707,40 Bowman Crossing,2031,NSW,Australia,10
1708,40 Dexter Crossing,2250,NSW,Australia,9
1709,40 Erie Plaza,3138,VIC,Australia,9
1710,40 Ilene Drive,3690,VIC,Australia,1
1711,40 Kinsman Pass,2065,NSW,Australia,10
1712,40 New Castle Avenue,2043,NSW,Australia,11
1713,40 Rigney Street,2200,NSW,Australia,8
1714,40 Sauthoff Circle,3129,VIC,Australia,10
1715,40 Veith Circle,4701,QLD,Australia,1
1716,400 Petterle Crossing,4301,QLD,Australia,3
1717,40047 Twin Pines Parkway,3806,VIC,Australia,8
1718,4006 Algoma Crossing,2041,NSW,Australia,12
1719,40062 Steensland Center,3977,VIC,Australia,6
1720,401 Pond Circle,4019,QLD,Australia,7
1721,402 Clyde Gallagher Terrace,3153,VIC,Australia,6
1722,40252 Springs Park,4870,QLD,Australia,9
1723,4033 Hermina Road,2304,NSW,Australia,7
1724,40402 Moulton Park,2282,NSW,Australia,8
1725,4044 Tennessee Parkway,2315,NSW,Australia,9
1726,40504 Tennyson Drive,2046,NSW,Australia,9
1727,4052 Katie Court,4300,QLD,Australia,5
1728,40545 Forster Point,2262,NSW,Australia,7
1729,40570 Acker Alley,2166,NSW,Australia,9
1730,4079 Lindbergh Center,3021,VIC,Australia,8
1731,408 Grover Place,4165,QLD,Australia,9
1732,4081 Lighthouse Bay Alley,4053,QLD,Australia,9
1733,4081 Veith Lane,4306,QLD,Australia,4
1734,4085 Jackson Hill,2830,NSW,Australia,7
1735,4086 Darwin Terrace,2176,NSW,Australia,9
1736,409 Bobwhite Road,2226,NSW,Australia,10
1737,4092 Brentwood Trail,2147,NSW,Australia,10
1738,40923 Truax Drive,2208,NSW,Australia,10
1739,40985 Cherokee Junction,2155,NSW,Australia,10
1740,41 Bay Pass,2018,NSW,Australia,10
1741,41 Dwight Way,3585,VIC,Australia,1
1742,41 Eagan Junction,2570,NSW,Australia,8
1743,41 Knutson Alley,4370,QLD,Australia,4
1744,41 Northridge Road,4730,QLD,Australia,4
1745,41 Ronald Regan Center,3008,VIC,Australia,5
1746,41 Schurz Center,2749,New South Wales,Australia,8
1747,41 Service Lane,2217,New South Wales,Australia,11
1748,41 Spaight Road,4503,QLD,Australia,5
1749,41 Superior Crossing,2747,NSW,Australia,8
1750,41 Vahlen Park,2230,NSW,Australia,12
1751,41 Westport Center,3280,VIC,Australia,4
1752,410 Hoepker Pass,4123,QLD,Australia,5
1753,411 Anthes Circle,2030,NSW,Australia,12
1754,411 Homewood Lane,4020,QLD,Australia,5
1755,411 Lien Place,4226,QLD,Australia,10
1756,41141 Cascade Hill,2075,NSW,Australia,9
1757,41205 Straubel Place,4305,QLD,Australia,4
1758,4123 Eliot Alley,4306,QLD,Australia,6
1759,413 Mayer Street,2046,New South Wales,Australia,9
1760,414 Kensington Lane,3076,VIC,Australia,8
1761,415 Walton Lane,4883,QLD,Australia,3
1762,416 Hayes Trail,3095,VIC,Australia,9
1763,41605 Mitchell Street,2750,NSW,Australia,8
1764,417 Transport Trail,4503,QLD,Australia,4
1765,4171 Beilfuss Street,3153,VIC,Australia,8
1766,41759 Crowley Circle,2560,NSW,Australia,8
1767,4177 Bluejay Street,2560,NSW,Australia,8
1768,4178 Bartelt Parkway,2505,NSW,Australia,8
1769,4179 Carioca Terrace,2220,NSW,Australia,11
1770,41821 Sheridan Center,2756,NSW,Australia,9
1771,419 2nd Center,4220,QLD,Australia,9
1772,42 Arizona Pass,4510,QLD,Australia,5
1773,42 Cordelia Park,2567,NSW,Australia,8
1774,42 Dahle Parkway,3806,VIC,Australia,7
1775,42 Lunder Drive,2027,NSW,Australia,11
1776,42 Manitowish Hill,4352,QLD,Australia,5
1777,42 Maryland Plaza,2486,NSW,Australia,5
1778,42 Oxford Circle,2220,NSW,Australia,11
1779,42 Thompson Hill,2234,NSW,Australia,10
1780,42 Upham Pass,4558,QLD,Australia,3
1781,420 Twin Pines Crossing,3338,VIC,Australia,3
1782,42067 Duke Terrace,2031,NSW,Australia,10
1783,421 Bobwhite Road,2160,NSW,Australia,6
1784,4216 Annamark Pass,4300,QLD,Australia,4
1785,422 Crownhardt Court,4179,QLD,Australia,7
1786,422 Valley Edge Pass,2000,NSW,Australia,10
1787,4222 Porter Lane,3136,Victoria,Australia,9
1788,42293 Banding Plaza,2136,NSW,Australia,10
1789,423 Debra Terrace,3082,VIC,Australia,8
1790,423 Golf Point,2044,NSW,Australia,10
1791,423 Mcbride Place,2477,NSW,Australia,7
1792,4233 Service Avenue,2340,NSW,Australia,5
1793,424 Almo Junction,2830,NSW,Australia,4
1794,42473 Sycamore Pass,3355,VIC,Australia,4
1795,425 Marquette Way,2116,NSW,Australia,10
1796,425 Thierer Junction,2761,NSW,Australia,8
1797,42554 Burrows Court,2117,NSW,Australia,10
1798,42554 Randy Road,2047,NSW,Australia,12
1799,4262 Melvin Avenue,2759,NSW,Australia,8
1800,4263 Hanson Place,2021,NSW,Australia,11
1801,427 Rockefeller Drive,2093,NSW,Australia,12
1802,427 Talmadge Terrace,2486,NSW,Australia,8
1803,4270 Loeprich Lane,3064,VIC,Australia,7
1804,42739 Moose Pass,3442,VIC,Australia,8
1805,42829 Charing Cross Road,3107,VIC,Australia,8
1806,4284 Debra Drive,4814,QLD,Australia,3
1807,4284 Surrey Circle,2068,NSW,Australia,12
1808,42946 Fieldstone Pass,2750,NSW,Australia,9
1809,42952 Fairfield Center,3012,VIC,Australia,8
1810,4297 Emmet Lane,2170,NSW,Australia,8
1811,43 Commercial Road,4128,QLD,Australia,7
1812,43 Eagle Crest Parkway,2295,NSW,Australia,8
1813,43 Esker Pass,2228,NSW,Australia,8
1814,43 Hollow Ridge Center,3215,VIC,Australia,3
1815,43 Jana Way,3750,VIC,Australia,7
1816,43 South Pass,3620,VIC,Australia,2
1817,43 Sunbrook Terrace,4160,QLD,Australia,10
1818,43 Upham Crossing,3143,VIC,Australia,9
1819,4301 Haas Junction,2204,NSW,Australia,9
1820,431 Ilene Center,2026,NSW,Australia,10
1821,4314 Ridgeview Court,2176,NSW,Australia,9
1822,432 Longview Circle,3192,VIC,Australia,10
1823,4320 Toban Avenue,2260,NSW,Australia,11
1824,433 Mockingbird Center,3840,VIC,Australia,2
1825,434 Eggendart Circle,2260,NSW,Australia,12
1826,43455 Carey Center,4131,QLD,Australia,4
1827,43491 Jenifer Street,2750,NSW,Australia,7
1828,435 Kennedy Circle,2173,NSW,Australia,10
1829,4351 Maywood Hill,3551,VIC,Australia,4
1830,4362 Morningstar Place,4869,QLD,Australia,2
1831,4364 Gale Park,2196,NSW,Australia,10
1832,4365 Basil Junction,2539,NSW,Australia,7
1833,4368 Dayton Street,2753,NSW,Australia,10
1834,4370 Haas Trail,2870,NSW,Australia,5
1835,4380 Rusk Terrace,2086,NSW,Australia,11
1836,43811 Golf View Road,3380,VIC,Australia,1
1837,4386 Spaight Court,3752,VIC,Australia,8
1838,43898 Prentice Court,3025,VIC,Australia,9
1839,439 Ridgeway Court,4213,QLD,Australia,9
1840,44 Bunting Parkway,2106,NSW,Australia,10
1841,44 Lakewood Gardens Pass,2122,NSW,Australia,10
1842,44 Londonderry Parkway,2164,NSW,Australia,10
1843,44 Northridge Plaza,2166,NSW,Australia,8
1844,44 Ramsey Road,2515,NSW,Australia,9
1845,44 Service Alley,3023,VIC,Australia,7
1846,44 Upham Crossing,2148,NSW,Australia,7
1847,440 Ronald Regan Pass,2261,NSW,Australia,7
1848,440 Shasta Crossing,2118,NSW,Australia,10
1849,4408 Haas Way,2171,NSW,Australia,9
1850,44083 Village Court,2142,NSW,Australia,7
1851,441 Old Shore Circle,2131,NSW,Australia,11
1852,441 Superior Junction,2320,NSW,Australia,6
1853,4415 Dwight Center,2528,NSW,Australia,7
1854,4423 Bartelt Parkway,2038,New South Wales,Australia,12
1855,44339 Golden Leaf Alley,4557,QLD,Australia,4
1856,4439 7th Terrace,2177,NSW,Australia,9
1857,444 Spaight Crossing,3070,VIC,Australia,10
1858,4444 Bunting Point,2430,NSW,Australia,7
1859,44516 Katie Parkway,2765,New South Wales,Australia,7
1860,44594 5th Street,4220,QLD,Australia,9
1861,446 Dottie Court,2225,NSW,Australia,10
1862,446 Warrior Pass,4740,QLD,Australia,5
1863,44621 Linden Drive,2155,NSW,Australia,10
1864,447 Delaware Park,3911,VIC,Australia,5
1865,44778 Bellgrove Crossing,3205,VIC,Australia,10
1866,4478 Banding Way,2830,NSW,Australia,3
1867,4498 Donald Crossing,2525,NSW,Australia,10
1868,44997 Anniversary Way,4114,QLD,Australia,3
1869,45 Fordem Court,3191,VIC,Australia,10
1870,45 Hazelcrest Junction,3073,VIC,Australia,9
1871,45 Redwing Road,3182,VIC,Australia,12
1872,45 Talisman Pass,4102,QLD,Australia,4
1873,45 Tony Trail,2259,NSW,Australia,7
1874,45 Waubesa Lane,4213,QLD,Australia,9
1875,451 Luster Hill,2170,NSW,Australia,9
1876,4517 Colorado Place,2210,NSW,Australia,10
1877,45201 Atwood Place,2176,NSW,Australia,9
1878,4527 Butterfield Circle,2076,NSW,Australia,9
1879,4527 Farmco Place,3155,VIC,Australia,8
1880,453 Gina Avenue,3141,VIC,Australia,8
1881,453 Sheridan Street,2747,NSW,Australia,8
1882,45314 Pepper Wood Junction,2251,NSW,Australia,6
1883,4534 Stone Corner Terrace,2233,NSW,Australia,9
1884,4535 Daystar Parkway,2072,NSW,Australia,12
1885,454 Green Ridge Avenue,2176,NSW,Australia,10
1886,4543 Service Terrace,2566,NSW,Australia,8
1887,45454 Spenser Center,3149,VIC,Australia,12
1888,455 Hooker Lane,3337,Victoria,Australia,2
1889,4559 Stoughton Lane,2097,NSW,Australia,10
1890,4559 Sundown Trail,2148,NSW,Australia,8
1891,45613 Meadow Valley Center,3976,VIC,Australia,6
1892,457 Merry Pass,4812,QLD,Australia,3
1893,457 Ryan Road,3218,VIC,Australia,7
1894,45725 Hagan Pass,2519,NSW,Australia,9
1895,45793 Nancy Plaza,4226,QLD,Australia,8
1896,4589 Lien Terrace,2068,NSW,Australia,12
1897,459 Meadow Valley Junction,4155,QLD,Australia,10
1898,4591 Del Sol Court,2745,NSW,Australia,8
1899,46 Dawn Way,2340,NSW,Australia,5
1900,46 Dovetail Avenue,2830,NSW,Australia,4
1901,46 Dunning Junction,4220,QLD,Australia,9
1902,46 Eastlawn Lane,2218,NSW,Australia,11
1903,46 Hollow Ridge Way,2011,NSW,Australia,11
1904,46 Independence Parkway,3065,VIC,Australia,12
1905,46 Stone Corner Avenue,2210,NSW,Australia,10
1906,46 Victoria Center,2770,NSW,Australia,9
1907,46031 Hudson Place,2075,NSW,Australia,11
1908,4604 Cordelia Drive,2144,NSW,Australia,10
1909,4605 Lakewood Gardens Terrace,3216,VIC,Australia,7
1910,461 Esker Court,3630,VIC,Australia,1
1911,46100 Jay Place,4075,QLD,Australia,6
1912,4622 Dixon Junction,2048,NSW,Australia,8
1913,4623 Anniversary Terrace,2031,NSW,Australia,10
1914,463 Atwood Court,4160,QLD,Australia,7
1915,463 Bultman Crossing,4211,QLD,Australia,5
1916,463 Merry Center,3128,VIC,Australia,10
1917,463 Rowland Drive,2066,NSW,Australia,9
1918,46310 Raven Trail,4220,QLD,Australia,4
1919,464 Acker Way,2756,NSW,Australia,9
1920,464 Bonner Place,3012,VIC,Australia,8
1921,46418 Hauk Pass,3184,VIC,Australia,10
1922,4643 Cambridge Circle,3064,VIC,Australia,6
1923,465 Russell Court,2282,NSW,Australia,9
1924,46512 Cambridge Avenue,2759,NSW,Australia,8
1925,46523 Mcbride Circle,3161,VIC,Australia,9
1926,4658 Tennessee Street,3121,VIC,Australia,11
1927,466 Briar Crest Junction,2222,NSW,Australia,10
1928,466 Westport Drive,2263,NSW,Australia,7
1929,4662 Clemons Road,4270,QLD,Australia,8
1930,46631 School Road,2099,NSW,Australia,11
1931,4668 Coleman Street,2160,NSW,Australia,5
1932,4671 Buell Trail,3564,Victoria,Australia,2
1933,4672 Morningstar Circle,2760,NSW,Australia,7
1934,4694 Carioca Court,4060,QLD,Australia,10
1935,47 Chinook Road,4421,QLD,Australia,2
1936,47 Dwight Road,4217,QLD,Australia,8
1937,47 Glacier Hill Junction,4873,QLD,Australia,2
1938,47 Jana Junction,3802,VIC,Australia,7
1939,47 Kensington Avenue,2650,NSW,Australia,4
1940,47 Spenser Circle,2770,NSW,Australia,7
1941,47 Veith Junction,3196,VIC,Australia,9
1942,470 Bunting Center,2447,NSW,Australia,3
1943,4709 Cardinal Hill,2028,NSW,Australia,12
1944,472 Blaine Junction,2440,NSW,Australia,3
1945,47204 Rigney Street,2770,NSW,Australia,6
1946,47226 Algoma Place,4305,QLD,Australia,3
1947,47336 Garrison Court,4670,QLD,Australia,1
1948,474 Farragut Way,4812,QLD,Australia,3
1949,4744 Garrison Drive,4132,QLD,Australia,4
1950,4753 Sheridan Center,3048,VIC,Australia,6
1951,4754 Moulton Alley,2069,NSW,Australia,9
1952,4754 Ramsey Junction,3130,VIC,Australia,9
1953,47566 Old Gate Avenue,3064,VIC,Australia,6
1954,4757 Texas Trail,3136,VIC,Australia,9
1955,4763 Merchant Avenue,2756,New South Wales,Australia,8
1956,47855 Tomscot Parkway,2226,NSW,Australia,8
1957,47878 Pond Park,4133,QLD,Australia,3
1958,48 Arizona Drive,2768,NSW,Australia,10
1959,48 Bobwhite Crossing,4122,QLD,Australia,8
1960,48 Cascade Terrace,3057,VIC,Australia,8
1961,48 Dawn Center,4132,QLD,Australia,3
1962,48 Eagan Avenue,4868,QLD,Australia,4
1963,48 Laurel Parkway,4017,QLD,Australia,5
1964,48 Lighthouse Bay Point,2430,NSW,Australia,7
1965,48 Melby Trail,2131,NSW,Australia,8
1966,48 Rockefeller Court,3786,VIC,Australia,8
1967,48 Sheridan Road,3185,VIC,Australia,11
1968,48 Straubel Court,2400,NSW,Australia,1
1969,48 Warbler Road,4053,QLD,Australia,7
1970,48007 Lakewood Hill,3141,VIC,Australia,10
1971,48023 International Way,3630,VIC,Australia,1
1972,4817 Fulton Junction,2761,NSW,Australia,8
1973,482 Bartelt Junction,4280,QLD,Australia,7
1974,4821 Schlimgen Avenue,2007,NSW,Australia,11
1975,4826 Crowley Park,2779,NSW,Australia,7
1976,48333 Waywood Road,2113,NSW,Australia,11
1977,484 Lindbergh Street,2161,NSW,Australia,6
1978,48418 Crescent Oaks Court,2770,NSW,Australia,9
1979,4853 Gulseth Avenue,4503,QLD,Australia,5
1980,486 Atwood Pass,2065,NSW,Australia,12
1981,486 Clyde Gallagher Road,2170,NSW,Australia,9
1982,486 Mariners Cove Plaza,3046,VIC,Australia,7
1983,4861 School Park,2290,NSW,Australia,3
1984,4870 Shelley Alley,3225,VIC,Australia,7
1985,4885 Stone Corner Alley,3046,VIC,Australia,8
1986,4888 Hoepker Plaza,2072,NSW,Australia,12
1987,4889 Tomscot Park,2093,NSW,Australia,11
1988,48948 Little Fleur Alley,3134,VIC,Australia,7
1989,4898 Buell Terrace,3043,VIC,Australia,7
1990,49 Buhler Plaza,2650,NSW,Australia,2
1991,49 Emmet Junction,2015,NSW,Australia,11
1992,49 Fulton Park,3156,VIC,Australia,8
1993,49 Londonderry Lane,2650,New South Wales,Australia,4
1994,49 Sheridan Circle,2560,NSW,Australia,7
1995,49 Surrey Pass,2325,NSW,Australia,4
1996,49 Talmadge Trail,2036,NSW,Australia,11
1997,4903 Hoepker Terrace,3500,VIC,Australia,3
1998,491 Merry Crossing,3011,Victoria,Australia,4
1999,4912 Lukken Way,4570,QLD,Australia,3
2000,493 Buell Point,4500,QLD,Australia,8
2001,493 Calypso Center,2170,NSW,Australia,8
2002,495 Elmside Drive,2179,NSW,Australia,8
2003,49503 Sachtjen Circle,4208,QLD,Australia,8
2004,49530 Evergreen Lane,3163,VIC,Australia,10
2005,496 Summit Road,2120,NSW,Australia,10
2006,4962 Wayridge Road,2220,NSW,Australia,12
2007,498 Golf Parkway,2144,NSW,Australia,10
2008,49932 Messerschmidt Point,2138,NSW,Australia,11
2009,49956 Hovde Crossing,2745,NSW,Australia,9
2010,5 1st Park,2285,NSW,Australia,6
2011,5 Algoma Point,3809,VIC,Australia,5
2012,5 Anhalt Court,3122,VIC,Australia,7
2013,5 Atwood Crossing,2321,NSW,Australia,3
2014,5 Carioca Pass,2594,NSW,Australia,3
2015,5 Columbus Crossing,3040,VIC,Australia,10
2016,5 Coolidge Avenue,4750,QLD,Australia,2
2017,5 Corry Court,2119,NSW,Australia,10
2018,5 Dahle Trail,2117,NSW,Australia,10
2019,5 Derek Pass,2090,NSW,Australia,10
2020,5 Dixon Junction,2340,NSW,Australia,2
2021,5 Elgar Place,4132,QLD,Australia,5
2022,5 Fairfield Parkway,2557,NSW,Australia,8
2023,5 Farmco Junction,4127,QLD,Australia,7
2024,5 Farmco Way,2747,NSW,Australia,8
2025,5 Fisk Way,2230,NSW,Australia,12
2026,5 Florence Hill,4124,QLD,Australia,7
2027,5 Forster Center,2075,NSW,Australia,9
2028,5 Gale Street,4507,QLD,Australia,8
2029,5 Golf Course Street,2300,NSW,Australia,8
2030,5 Grim Center,2069,New South Wales,Australia,12
2031,5 Hauk Lane,2650,NSW,Australia,3
2032,5 Hauk Way,4870,QLD,Australia,8
2033,5 Hintze Hill,2641,NSW,Australia,1
2034,5 Huxley Point,2154,NSW,Australia,10
2035,5 Iowa Road,2154,NSW,Australia,11
2036,5 Jana Drive,4570,QLD,Australia,1
2037,5 Kenwood Road,2075,NSW,Australia,11
2038,5 Knutson Crossing,2114,NSW,Australia,10
2039,5 Lakewood Gardens Court,2118,NSW,Australia,9
2040,5 Larry Terrace,3130,VIC,Australia,10
2041,5 Loftsgordon Avenue,2068,NSW,Australia,12
2042,5 Lotheville Parkway,2760,NSW,Australia,8
2043,5 Lyons Alley,2216,NSW,Australia,10
2044,5 Manley Avenue,2122,NSW,Australia,11
2045,5 Maple Parkway,2160,NSW,Australia,9
2046,5 Moland Court,4551,QLD,Australia,6
2047,5 Moose Road,3977,VIC,Australia,8
2048,5 Muir Circle,2030,NSW,Australia,12
2049,5 Myrtle Trail,2285,NSW,Australia,5
2050,5 Northland Plaza,2096,NSW,Australia,9
2051,5 Onsgard Plaza,3134,VIC,Australia,10
2052,5 Porter Road,4014,QLD,Australia,6
2053,5 Prairie Rose Road,4817,QLD,Australia,2
2054,5 Reindahl Point,3400,VIC,Australia,2
2055,5 Rutledge Center,4311,QLD,Australia,3
2056,5 Sachs Terrace,4207,QLD,Australia,4
2057,5 Schurz Place,4350,QLD,Australia,6
2058,5 Shelley Pass,2763,NSW,Australia,8
2059,5 Sheridan Circle,3934,VIC,Australia,11
2060,5 Spohn Alley,2121,NSW,Australia,11
2061,5 Springview Terrace,3620,VIC,Australia,4
2062,5 Steensland Hill,2768,NSW,Australia,10
2063,5 Stone Corner Parkway,2093,NSW,Australia,9
2064,5 Stoughton Parkway,2099,NSW,Australia,9
2065,5 Warbler Avenue,3071,VIC,Australia,10
2066,50 2nd Center,3188,VIC,Australia,9
2067,50 7th Circle,4305,QLD,Australia,1
2068,50 Claremont Junction,3818,VIC,Australia,6
2069,50 Dahle Crossing,3199,VIC,Australia,9
2070,50 Declaration Junction,3213,VIC,Australia,6
2071,50 Everett Way,2064,NSW,Australia,9
2072,50 Londonderry Park,2034,NSW,Australia,10
2073,50 Meadow Ridge Way,2880,NSW,Australia,1
2074,500 Victoria Plaza,2147,NSW,Australia,9
2075,501 Reindahl Alley,2069,NSW,Australia,12
2076,5015 Pawling Park,2525,NSW,Australia,9
2077,502 John Wall Pass,3199,VIC,Australia,7
2078,503 Clove Crossing,4306,QLD,Australia,4
2079,5037 Merchant Crossing,2226,New South Wales,Australia,11
2080,504 Mesta Lane,2261,NSW,Australia,8
2081,50469 Shelley Avenue,4350,QLD,Australia,8
2082,505 Village Pass,4007,QLD,Australia,4
2083,50506 Buhler Terrace,3083,VIC,Australia,8
2084,50532 Hoard Center,4209,QLD,Australia,7
2085,506 Iowa Center,4580,QLD,Australia,3
2086,506 Tennyson Avenue,4118,QLD,Australia,9
2087,5060 Donald Park,2539,NSW,Australia,5
2088,50602 Katie Lane,4701,QLD,Australia,6
2089,5061 Cottonwood Trail,3765,VIC,Australia,7
2090,5063 Shopko Pass,2582,NSW,Australia,8
2091,507 Onsgard Place,4701,QLD,Australia,1
2092,50774 Dennis Park,3631,VIC,Australia,3
2093,50851 Vahlen Avenue,2567,NSW,Australia,7
2094,5086 Meadow Ridge Circle,3350,VIC,Australia,7
2095,509 Fisk Hill,2031,NSW,Australia,11
2096,509 Ridgeway Junction,3166,VIC,Australia,10
2097,51 Bay Junction,2081,NSW,Australia,10
2098,51 Crescent Oaks Parkway,2761,NSW,Australia,8
2099,51 Dixon Court,2570,NSW,Australia,8
2100,51 Hollow Ridge Terrace,2768,NSW,Australia,9
2101,51 Leroy Place,2065,NSW,Australia,10
2102,51 Londonderry Trail,2153,NSW,Australia,10
2103,5106 Northridge Drive,2560,NSW,Australia,7
2104,5108 Springview Circle,2128,NSW,Australia,7
2105,511 Gulseth Plaza,3028,VIC,Australia,6
2106,51152 Brickson Park Crossing,2768,NSW,Australia,9
2107,51158 Mitchell Place,3747,VIC,Australia,3
2108,51188 Annamark Hill,2037,NSW,Australia,9
2109,512 Forest Run Center,3188,VIC,Australia,11
2110,513 Hauk Street,2261,NSW,Australia,9
2111,5130 Manley Court,2287,NSW,Australia,7
2112,5131 Northview Hill,3177,VIC,Australia,3
2113,51313 Fulton Junction,2580,NSW,Australia,7
2114,5147 Kensington Pass,2204,NSW,Australia,9
2115,515 3rd Road,2037,NSW,Australia,12
2116,515 Bunting Point,4115,QLD,Australia,8
2117,515 Fallview Way,2484,NSW,Australia,8
2118,515 Monterey Terrace,2107,NSW,Australia,12
2119,515 Warrior Pass,4226,QLD,Australia,9
2120,51529 Cascade Place,3550,VIC,Australia,4
2121,5157 Maple Wood Circle,2537,NSW,Australia,8
2122,51673 Heffernan Park,4655,QLD,Australia,3
2123,51739 Sundown Hill,2009,NSW,Australia,9
2124,51757 Weeping Birch Center,2470,NSW,Australia,5
2125,5176 Division Hill,3216,VIC,Australia,5
2126,51763 Carey Place,3056,VIC,Australia,7
2127,518 Colorado Trail,2100,NSW,Australia,10
2128,518 Donald Street,2170,NSW,Australia,9
2129,51800 Meadow Vale Point,3023,VIC,Australia,7
2130,519 Maywood Pass,2768,NSW,Australia,10
2131,51960 Gulseth Point,2009,NSW,Australia,12
2132,52 Carey Alley,4740,QLD,Australia,5
2133,52 Corben Place,3197,VIC,Australia,10
2134,52 Helena Lane,2192,NSW,Australia,10
2135,52 Moland Street,3331,VIC,Australia,4
2136,52 Ruskin Pass,2089,NSW,Australia,10
2137,52 Steensland Place,3910,VIC,Australia,8
2138,520 Mesta Alley,2200,NSW,Australia,8
2139,520 Parkside Lane,2164,NSW,Australia,9
2140,520 Stephen Pass,3011,Victoria,Australia,9
2141,5204 Delaware Pass,2560,NSW,Australia,8
2142,52273 Bay Place,3145,VIC,Australia,11
2143,52408 Autumn Leaf Road,3030,VIC,Australia,7
2144,52425 Prairie Rose Road,4500,QLD,Australia,6
2145,525 Kedzie Street,4012,QLD,Australia,8
2146,5251 Merrick Court,3103,VIC,Australia,8
2147,52541 Lakewood Gardens Court,3922,VIC,Australia,2
2148,52593 Iowa Place,2529,NSW,Australia,8
2149,526 Kipling Drive,3193,VIC,Australia,11
2150,526 Schiller Road,4157,QLD,Australia,7
2151,5271 Vernon Court,3207,VIC,Australia,10
2152,52726 High Crossing Junction,3802,VIC,Australia,7
2153,52737 Morningstar Crossing,2250,NSW,Australia,3
2154,5274 Lindbergh Alley,4217,QLD,Australia,1
2155,52753 Logan Hill,2031,NSW,Australia,12
2156,528 Buell Crossing,2748,NSW,Australia,10
2157,528 Golf View Plaza,2471,NSW,Australia,2
2158,528 Mandrake Crossing,2222,NSW,Australia,11
2159,5287 Wayridge Alley,2069,NSW,Australia,12
2160,529 Monterey Street,3338,VIC,Australia,3
2161,5290 Lunder Park,2287,NSW,Australia,7
2162,5298 Nevada Circle,3500,VIC,Australia,1
2163,53 Anthes Point,4341,QLD,Australia,2
2164,53 Dakota Court,2027,NSW,Australia,9
2165,53 Dunning Lane,3024,VIC,Australia,6
2166,53 Hintze Circle,4005,QLD,Australia,7
2167,53 Muir Terrace,2170,NSW,Australia,8
2168,53 Steensland Parkway,2773,NSW,Australia,10
2169,53 Talisman Trail,2097,New South Wales,Australia,9
2170,53 Texas Road,2262,NSW,Australia,7
2171,53 Union Terrace,2763,NSW,Australia,8
2172,5304 Oneill Pass,2117,NSW,Australia,10
2173,531 Springview Lane,3101,VIC,Australia,10
2174,5310 Mosinee Crossing,4151,QLD,Australia,9
2175,53141 Merrick Street,2064,NSW,Australia,12
2176,532 Bartillon Circle,2166,NSW,Australia,7
2177,532 Emmet Way,2260,NSW,Australia,8
2178,53221 Namekagon Parkway,2557,NSW,Australia,9
2179,5323 Chive Avenue,2486,NSW,Australia,7
2180,53245 Mesta Street,3207,VIC,Australia,6
2181,533 Ramsey Center,4507,QLD,Australia,5
2182,5333 Aberg Lane,4877,QLD,Australia,4
2183,53358 David Circle,4306,QLD,Australia,3
2184,5337 Dennis Pass,2170,NSW,Australia,9
2185,5339 Paget Plaza,2190,NSW,Australia,10
2186,534 Arrowood Trail,4212,QLD,Australia,8
2187,5342 Hallows Lane,2021,NSW,Australia,12
2188,53485 Sycamore Junction,3192,VIC,Australia,8
2189,53504 Dakota Terrace,2570,NSW,Australia,8
2190,53533 Dakota Pass,2077,NSW,Australia,10
2191,5356 Ruskin Place,2850,NSW,Australia,3
2192,5357 Mcguire Plaza,3073,VIC,Australia,9
2193,5359 Alpine Hill,2579,NSW,Australia,5
2194,536 Crowley Crossing,2167,NSW,Australia,7
2195,53649 Mandrake Place,2749,NSW,Australia,8
2196,53683 Arapahoe Parkway,2121,NSW,Australia,11
2197,537 Amoth Center,2220,NSW,Australia,9
2198,537 Packers Street,4562,QLD,Australia,5
2199,53723 Dunning Street,2153,NSW,Australia,11
2200,53740 Vera Parkway,3644,VIC,Australia,1
2201,5390 Park Meadow Park,2222,NSW,Australia,10
2202,5394 Dryden Terrace,3149,VIC,Australia,11
2203,54 Annamark Place,2565,NSW,Australia,8
2204,54 Bonner Drive,3068,VIC,Australia,10
2205,54 Bowman Park,2031,NSW,Australia,10
2206,54 Green Point,3015,VIC,Australia,10
2207,54 Harbort Road,2480,NSW,Australia,7
2208,54 Hermina Road,2000,NSW,Australia,12
2209,54 Miller Parkway,3041,VIC,Australia,8
2210,54 Nevada Plaza,2096,NSW,Australia,12
2211,54 Sage Plaza,4726,QLD,Australia,1
2212,54 Veith Drive,2073,NSW,Australia,12
2213,5406 Mockingbird Center,4870,QLD,Australia,7
2214,5409 Mandrake Circle,2152,NSW,Australia,10
2215,541 Ramsey Alley,3201,VIC,Australia,7
2216,541 Southridge Trail,2067,NSW,Australia,12
2217,5413 Burning Wood Plaza,4220,QLD,Australia,8
2218,5413 Harbort Terrace,3226,VIC,Australia,7
2219,542 Hayes Plaza,2750,NSW,Australia,9
2220,54250 Welch Pass,3145,VIC,Australia,11
2221,54285 Annamark Way,3977,VIC,Australia,6
2222,54294 Hovde Court,2500,NSW,Australia,8
2223,54295 Dorton Hill,2219,NSW,Australia,10
2224,543 Killdeer Park,2322,New South Wales,Australia,4
2225,543 Morrow Terrace,2261,NSW,Australia,8
2226,543 Victoria Park,4702,QLD,Australia,6
2227,5437 Oak Alley,2024,NSW,Australia,10
2228,544 Northland Place,2190,NSW,Australia,10
2229,5444 Corry Pass,2761,NSW,Australia,8
2230,5447 Buell Hill,2567,NSW,Australia,9
2231,5447 Weeping Birch Place,2086,NSW,Australia,12
2232,5449 Jenna Road,2170,NSW,Australia,9
2233,546 Summerview Center,2074,NSW,Australia,11
2234,54613 Service Court,4069,QLD,Australia,8
2235,5463 Arapahoe Point,4503,QLD,Australia,4
2236,5468 Moose Lane,2445,NSW,Australia,7
2237,548 Dahle Lane,2075,NSW,Australia,11
2238,5484 Hagan Crossing,3021,VIC,Australia,7
2239,549 Longview Terrace,4030,QLD,Australia,9
2240,549 Randy Point,2560,NSW,Australia,7
2241,54905 Anniversary Pass,4570,QLD,Australia,2
2242,54970 Veith Hill,4125,QLD,Australia,7
2243,55 Anzinger Drive,4152,QLD,Australia,9
2244,55 Birchwood Alley,2176,NSW,Australia,9
2245,55 Daystar Court,2234,NSW,Australia,10
2246,55 Elgar Park,4306,QLD,Australia,7
2247,55 Fairfield Court,3175,VIC,Australia,8
2248,55 Fordem Street,3147,VIC,Australia,10
2249,55 Gateway Trail,2147,NSW,Australia,9
2250,55 Hauk Court,4350,QLD,Australia,7
2251,55 Hovde Parkway,3975,VIC,Australia,8
2252,55 Red Cloud Pass,2536,NSW,Australia,5
2253,5510 Pepper Wood Street,3429,VIC,Australia,6
2254,5511 Clove Lane,3153,VIC,Australia,7
2255,5515 Artisan Center,3337,VIC,Australia,3
2256,55152 Delaware Park,2151,NSW,Australia,10
2257,552 Talisman Circle,2250,NSW,Australia,7
2258,5528 North Hill,2681,NSW,Australia,1
2259,55326 Fulton Hill,3931,VIC,Australia,10
2260,55433 Schmedeman Lane,2263,NSW,Australia,8
2261,5549 Bay Point,4068,QLD,Australia,9
2262,55497 Warrior Alley,3123,VIC,Australia,9
2263,55501 Sugar Street,2548,NSW,Australia,7
2264,5558 Northport Point,2087,NSW,Australia,11
2265,55590 Ridgeview Court,2147,NSW,Australia,9
2266,556 Esch Street,2090,NSW,Australia,12
2267,556 Gale Road,4165,QLD,Australia,6
2268,5565 Park Meadow Trail,2155,NSW,Australia,9
2269,558 Grayhawk Circle,2086,NSW,Australia,10
2270,558 Maple Court,2557,NSW,Australia,9
2271,558 Thompson Junction,2440,NSW,Australia,6
2272,5583 Prairie Rose Trail,2765,NSW,Australia,8
2273,55850 Butterfield Road,2168,New South Wales,Australia,9
2274,5586 Buena Vista Avenue,3106,VIC,Australia,10
2275,55876 Knutson Point,3057,VIC,Australia,6
2276,559 Blackbird Street,4580,QLD,Australia,2
2277,56 Anderson Alley,2194,NSW,Australia,10
2278,56 Anniversary Avenue,2121,NSW,Australia,12
2279,56 Bultman Parkway,4721,QLD,Australia,1
2280,56 Graceland Alley,3031,VIC,Australia,7
2281,56 Sommers Point,2204,NSW,Australia,8
2282,56 Sullivan Crossing,2768,NSW,Australia,9
2283,56 Trailsway Street,4575,QLD,Australia,4
2284,560 Melody Alley,4122,QLD,Australia,7
2285,56045 Express Avenue,2176,NSW,Australia,9
2286,56145 Porter Lane,2010,NSW,Australia,10
2287,563 Northport Drive,4701,QLD,Australia,1
2288,563 Sundown Point,2226,NSW,Australia,10
2289,5636 Glendale Point,2769,NSW,Australia,10
2290,564 Northview Junction,3195,VIC,Australia,11
2291,5649 Crest Line Place,4455,QLD,Australia,2
2292,565 Bunting Park,2076,NSW,Australia,11
2293,5668 Corscot Circle,2065,NSW,Australia,12
2294,567 Scott Park,4118,QLD,Australia,5
2295,56709 Petterle Street,2443,NSW,Australia,6
2296,5674 Superior Point,2528,NSW,Australia,7
2297,56747 Monument Avenue,4306,QLD,Australia,8
2298,5676 Golf View Junction,2137,NSW,Australia,12
2299,56873 Buena Vista Crossing,2035,NSW,Australia,9
2300,5699 Forster Street,2346,NSW,Australia,2
2301,57 Boyd Avenue,2287,NSW,Australia,7
2302,57 Columbus Road,4870,QLD,Australia,5
2303,57 Debra Terrace,2259,NSW,Australia,6
2304,57 Gulseth Terrace,2099,NSW,Australia,10
2305,57 Marquette Hill,4120,QLD,Australia,6
2306,57 Tennessee Alley,4034,QLD,Australia,5
2307,57 Thierer Parkway,2177,NSW,Australia,9
2308,57 Village Green Center,2077,NSW,Australia,10
2309,570 Butternut Pass,2340,NSW,Australia,4
2310,5700 Banding Lane,2762,NSW,Australia,9
2311,5701 Sugar Court,2880,NSW,Australia,1
2312,57042 Village Green Point,4511,QLD,Australia,6
2313,5705 Spaight Place,3067,VIC,Australia,9
2314,571 Golf Alley,2650,NSW,Australia,5
2315,5718 John Wall Plaza,4350,QLD,Australia,1
2316,572 Brown Circle,2756,NSW,Australia,8
2317,572 Buena Vista Plaza,2111,NSW,Australia,9
2318,572 Gerald Trail,2145,NSW,Australia,7
2319,572 Meadow Ridge Drive,3160,VIC,Australia,7
2320,572 Spohn Drive,3046,VIC,Australia,8
2321,5723 Raven Drive,3126,Victoria,Australia,12
2322,57384 Sycamore Park,4370,QLD,Australia,6
2323,5748 Porter Circle,4352,QLD,Australia,8
2324,5748 Walton Court,4114,QLD,Australia,3
2325,575 Katie Terrace,2835,NSW,Australia,1
2326,575 Prentice Road,2168,NSW,Australia,8
2327,5766 Pearson Court,2227,NSW,Australia,8
2328,5767 Thierer Road,2217,NSW,Australia,8
2329,5772 Kennedy Junction,3030,VIC,Australia,5
2330,5772 Ridgeway Place,3066,VIC,Australia,10
2331,57769 Gulseth Lane,2040,NSW,Australia,10
2332,57835 Ruskin Lane,2325,NSW,Australia,5
2333,5786 Kinsman Point,2127,NSW,Australia,8
2334,57863 Pond Avenue,2773,NSW,Australia,9
2335,57866 Dawn Plaza,3029,VIC,Australia,7
2336,57878 Northfield Crossing,2144,NSW,Australia,10
2337,5795 Comanche Circle,4825,QLD,Australia,2
2338,57953 Drewry Street,2518,NSW,Australia,10
2339,58 Helena Hill,2205,New South Wales,Australia,7
2340,58 High Crossing Place,4212,QLD,Australia,10
2341,58 Hoepker Center,4343,QLD,Australia,2
2342,58 Kipling Avenue,4560,QLD,Australia,8
2343,58 Maywood Place,2750,NSW,Australia,9
2344,58 Parkside Hill,2117,NSW,Australia,12
2345,58 Shelley Crossing,2570,NSW,Australia,8
2346,58 Spenser Circle,3030,VIC,Australia,3
2347,580 Blaine Center,2029,NSW,Australia,10
2348,58047 Westport Road,2040,NSW,Australia,12
2349,5809 Coolidge Avenue,2747,NSW,Australia,6
2350,581 Granby Parkway,3025,VIC,Australia,8
2351,5811 Hanson Lane,2260,NSW,Australia,7
2352,5811 Moulton Drive,2766,NSW,Australia,8
2353,5814 Bunker Hill Street,3070,VIC,Australia,7
2354,582 Kropf Avenue,2032,NSW,Australia,11
2355,58211 Surrey Crossing,2170,NSW,Australia,9
2356,583 Coleman Parkway,4213,QLD,Australia,9
2357,583 Eagle Crest Road,2000,NSW,Australia,8
2358,583 Jenna Pass,2567,NSW,Australia,9
2359,5837 Hayes Court,2113,NSW,Australia,11
2360,5847 Bunting Alley,2130,NSW,Australia,11
2361,585 Loomis Court,2097,New South Wales,Australia,11
2362,58516 Tony Plaza,2567,NSW,Australia,8
2363,5854 Weeping Birch Avenue,2022,NSW,Australia,10
2364,58563 Monterey Hill,4300,QLD,Australia,2
2365,586 Miller Parkway,2835,NSW,Australia,1
2366,5861 Browning Park,2065,NSW,Australia,8
2367,587 Rieder Court,4211,QLD,Australia,8
2368,58729 Moland Trail,2035,NSW,Australia,12
2369,5873 Hagan Park,3015,Victoria,Australia,10
2370,588 Menomonie Way,4179,QLD,Australia,9
2371,5882 American Ash Point,3214,VIC,Australia,3
2372,58821 Warbler Crossing,2291,NSW,Australia,9
2373,589 Main Plaza,2290,NSW,Australia,4
2374,5890 Comanche Trail,3429,VIC,Australia,6
2375,59 Coolidge Hill,2010,NSW,Australia,9
2376,59 Hoepker Lane,3191,VIC,Australia,11
2377,59 Old Gate Drive,4878,QLD,Australia,5
2378,59 Prentice Lane,4551,QLD,Australia,7
2379,59 Spaight Circle,2233,New South Wales,Australia,9
2380,59 Steensland Alley,2018,NSW,Australia,11
2381,59 Waywood Road,3163,VIC,Australia,8
2382,590 Hayes Court,2027,NSW,Australia,11
2383,59000 American Center,2530,NSW,Australia,8
2384,59041 Independence Point,4020,QLD,Australia,9
2385,5913 Ramsey Road,2478,NSW,Australia,10
2386,59170 Westridge Junction,2147,NSW,Australia,8
2387,592 Merry Lane,3184,VIC,Australia,3
2388,592 Oak Valley Center,2534,NSW,Australia,9
2389,592 Tennessee Alley,2231,NSW,Australia,10
2390,59231 Claremont Place,2170,NSW,Australia,9
2391,59265 Sullivan Junction,3031,VIC,Australia,4
2392,59364 Huxley Drive,3028,VIC,Australia,5
2393,59504 Drewry Park,4061,QLD,Australia,8
2394,59531 Barnett Pass,3352,VIC,Australia,4
2395,59643 Reindahl Plaza,3127,VIC,Australia,11
2396,5965 Glacier Hill Terrace,3025,VIC,Australia,9
2397,59694 1st Crossing,4503,QLD,Australia,7
2398,598 Randy Way,2380,NSW,Australia,1
2399,5982 Mosinee Avenue,3340,VIC,Australia,5
2400,59901 Bartelt Terrace,4069,QLD,Australia,9
2401,59929 West Alley,2026,NSW,Australia,10
2402,5998 Bayside Terrace,2526,NSW,Australia,9
2403,5999 Waxwing Lane,4511,QLD,Australia,1
2404,6 3rd Point,2256,NSW,Australia,9
2405,6 4th Lane,3079,VIC,Australia,11
2406,6 Anderson Court,2880,NSW,Australia,1
2407,6 Anniversary Place,2213,NSW,Australia,10
2408,6 Barby Road,4300,QLD,Australia,4
2409,6 Briar Crest Court,2117,NSW,Australia,12
2410,6 Buell Point,2062,NSW,Australia,12
2411,6 Calypso Parkway,4161,QLD,Australia,5
2412,6 Canary Plaza,2223,NSW,Australia,8
2413,6 Carioca Avenue,3185,VIC,Australia,9
2414,6 Cascade Trail,2770,NSW,Australia,9
2415,6 Continental Alley,3174,VIC,Australia,8
2416,6 Dapin Park,4503,QLD,Australia,6
2417,6 Dovetail Circle,2200,NSW,Australia,9
2418,6 Eggendart Circle,3016,Victoria,Australia,7
2419,6 Eliot Parkway,2045,NSW,Australia,12
2420,6 Forest Avenue,2870,NSW,Australia,4
2421,6 Forest Dale Parkway,4017,QLD,Australia,4
2422,6 Forster Crossing,3198,VIC,Australia,8
2423,6 Fulton Road,3174,Victoria,Australia,8
2424,6 Golf Center,2042,NSW,Australia,10
2425,6 Graceland Court,4301,QLD,Australia,2
2426,6 Green Ridge Circle,4350,QLD,Australia,3
2427,6 Haas Park,2750,NSW,Australia,7
2428,6 Hallows Pass,2118,NSW,Australia,11
2429,6 Hansons Park,2145,NSW,Australia,7
2430,6 Harper Lane,2150,NSW,Australia,10
2431,6 Heffernan Center,2125,New South Wales,Australia,11
2432,6 Hoard Plaza,3111,VIC,Australia,10
2433,6 Homewood Avenue,2142,New South Wales,Australia,8
2434,6 Kedzie Hill,2214,NSW,Australia,9
2435,6 Kings Avenue,2135,NSW,Australia,12
2436,6 La Follette Lane,3977,VIC,Australia,6
2437,6 Lerdahl Plaza,4519,QLD,Australia,6
2438,6 Logan Junction,2148,NSW,Australia,9
2439,6 Loomis Trail,2099,NSW,Australia,11
2440,6 Ludington Place,2042,NSW,Australia,11
2441,6 Maple Wood Junction,4012,QLD,Australia,7
2442,6 Mariners Cove Center,2233,NSW,Australia,10
2443,6 Meadow Vale Court,2153,New South Wales,Australia,10
2444,6 Melody Plaza,4215,QLD,Australia,8
2445,6 Melody Trail,2145,NSW,Australia,9
2446,6 Michigan Lane,4076,QLD,Australia,3
2447,6 Michigan Park,3173,VIC,Australia,9
2448,6 Monument Circle,3186,VIC,Australia,11
2449,6 Morning Drive,2232,NSW,Australia,9
2450,6 Morning Park,3666,VIC,Australia,2
2451,6 Morningstar Park,2324,NSW,Australia,7
2452,6 Morningstar Way,2165,NSW,Australia,7
2453,6 Moulton Point,2145,NSW,Australia,10
2454,6 Nobel Way,2322,NSW,Australia,4
2455,6 North Court,3862,VIC,Australia,7
2456,6 Northfield Point,3140,VIC,Australia,9
2457,6 Pankratz Crossing,2228,NSW,Australia,11
2458,6 Pawling Trail,2871,NSW,Australia,7
2459,6 Reindahl Hill,2196,NSW,Australia,9
2460,6 Reinke Street,2768,NSW,Australia,10
2461,6 Rockefeller Lane,2294,NSW,Australia,7
2462,6 Rockefeller Pass,3075,VIC,Australia,7
2463,6 Ryan Drive,2165,NSW,Australia,10
2464,6 Sauthoff Court,2144,NSW,Australia,9
2465,6 Service Parkway,4275,QLD,Australia,3
2466,6 Springs Junction,4123,QLD,Australia,5
2467,6 Sunbrook Center,4350,QLD,Australia,6
2468,6 Swallow Park,2165,NSW,Australia,7
2469,6 Sycamore Drive,4053,QLD,Australia,7
2470,6 Tennyson Place,2138,NSW,Australia,9
2471,6 Upham Place,4556,QLD,Australia,7
2472,6 Veith Road,4118,QLD,Australia,4
2473,6 Warbler Road,2462,NSW,Australia,5
2474,6 Weeping Birch Pass,2064,NSW,Australia,12
2475,6 Westend Center,2546,NSW,Australia,6
2476,6 Westport Road,4350,QLD,Australia,2
2477,60 Banding Terrace,2880,NSW,Australia,1
2478,60 Briar Crest Circle,2170,NSW,Australia,9
2479,60 Cordelia Parkway,2759,NSW,Australia,8
2480,60 Eagan Circle,4018,QLD,Australia,8
2481,60 Fulton Trail,2234,NSW,Australia,10
2482,60 Meadow Vale Hill,3032,Victoria,Australia,5
2483,60 Meadow Valley Avenue,2219,NSW,Australia,10
2484,60 Morningstar Center,2126,NSW,Australia,10
2485,60 Oneill Street,2170,New South Wales,Australia,9
2486,60 Sycamore Lane,2148,NSW,Australia,9
2487,60 Towne Pass,2877,NSW,Australia,1
2488,6001 Calypso Park,2320,NSW,Australia,5
2489,60010 Knutson Road,3137,Victoria,Australia,7
2490,6002 Del Sol Trail,3630,VIC,Australia,2
2491,60086 Summit Lane,2116,NSW,Australia,10
2492,601 Dryden Way,2264,NSW,Australia,7
2493,6011 Knutson Way,3065,VIC,Australia,7
2494,602 Haas Drive,3799,VIC,Australia,3
2495,6026 Graceland Crossing,2121,NSW,Australia,11
2496,60272 Montana Drive,2223,NSW,Australia,8
2497,603 Kenwood Avenue,2070,NSW,Australia,11
2498,6030 South Drive,2120,NSW,Australia,10
2499,6031 Susan Terrace,4118,QLD,Australia,5
2500,60320 Emmet Road,4806,QLD,Australia,4
2501,6033 Blaine Court,2075,NSW,Australia,12
2502,6039 Columbus Court,2280,NSW,Australia,8
2503,60424 Bultman Terrace,2120,NSW,Australia,10
2504,6043 Badeau Place,4820,QLD,Australia,1
2505,60447 Ridgeway Plaza,3048,VIC,Australia,6
2506,6046 Sheridan Way,2322,NSW,Australia,3
2507,60595 Northport Court,4122,QLD,Australia,8
2508,60601 Hoffman Court,2041,NSW,Australia,12
2509,60650 Mcbride Point,3918,VIC,Australia,7
2510,60717 Farmco Center,2047,NSW,Australia,12
2511,6072 Ridge Oak Junction,2222,NSW,Australia,10
2512,608 Basil Alley,2306,NSW,Australia,4
2513,608 Rutledge Drive,2121,NSW,Australia,11
2514,6085 Petterle Circle,3130,VIC,Australia,10
2515,60855 Fieldstone Avenue,3939,VIC,Australia,6
2516,6088 Roxbury Hill,2766,New South Wales,Australia,8
2517,60911 Almo Point,2066,NSW,Australia,12
2518,61 Donald Crossing,2142,NSW,Australia,9
2519,61 Kennedy Park,2745,NSW,Australia,10
2520,61 Kim Avenue,2079,NSW,Australia,10
2521,61 Lukken Plaza,3182,VIC,Australia,6
2522,61 Northfield Pass,2190,NSW,Australia,10
2523,61 Shoshone Alley,3150,VIC,Australia,10
2524,61 Talmadge Lane,4504,QLD,Australia,6
2525,61 Upham Parkway,4558,QLD,Australia,4
2526,610 Lakewood Gardens Point,4078,QLD,Australia,7
2527,61043 Summer Ridge Junction,2229,NSW,Australia,11
2528,61293 Delladonna Way,2015,NSW,Australia,9
2529,613 Emmet Junction,2154,NSW,Australia,11
2530,613 Erie Lane,2088,NSW,Australia,12
2531,613 Erie Lane,3996,NSW,Australia,10
2532,613 Mayfield Trail,4012,QLD,Australia,6
2533,6136 Farragut Plaza,3181,VIC,Australia,6
2534,6137 Scoville Center,2120,NSW,Australia,10
2535,614 Burning Wood Way,2148,NSW,Australia,9
2536,614 Shopko Trail,4350,QLD,Australia,3
2537,6142 Grayhawk Lane,2298,NSW,Australia,8
2538,61493 Manufacturers Junction,2539,NSW,Australia,9
2539,615 Spenser Drive,4220,QLD,Australia,10
2540,6159 Katie Street,2750,NSW,Australia,8
2541,617 Welch Street,4122,QLD,Australia,7
2542,6170 Buena Vista Way,2320,NSW,Australia,7
2543,618 Chinook Way,2155,NSW,Australia,10
2544,618 Independence Pass,2800,NSW,Australia,1
2545,618 Kropf Drive,2261,NSW,Australia,9
2546,6183 Morrow Court,2113,NSW,Australia,11
2547,6188 Anniversary Circle,4551,QLD,Australia,6
2548,61949 7th Road,4573,QLD,Australia,8
2549,61976 Emmet Junction,2178,NSW,Australia,10
2550,62 Cherokee Terrace,2630,NSW,Australia,1
2551,62 Doe Crossing Junction,2760,NSW,Australia,7
2552,62 Elka Terrace,2430,NSW,Australia,3
2553,62 John Wall Lane,2326,NSW,Australia,1
2554,62 Linden Drive,4209,QLD,Australia,4
2555,62 Luster Avenue,2036,NSW,Australia,11
2556,62 Mallard Avenue,3437,VIC,Australia,7
2557,62 Northport Lane,2049,NSW,Australia,10
2558,62 Steensland Road,4350,QLD,Australia,3
2559,62 Tennyson Way,2099,NSW,Australia,11
2560,6201 Schiller Drive,2502,NSW,Australia,6
2561,62047 Ludington Terrace,2148,NSW,Australia,8
2562,62052 Loomis Avenue,4014,QLD,Australia,8
2563,62117 Trailsway Place,3356,Victoria,Australia,1
2564,6220 Sugar Court,2300,NSW,Australia,8
2565,6221 Monica Plaza,2095,NSW,Australia,12
2566,62215 Delaware Plaza,4118,QLD,Australia,3
2567,6229 Amoth Place,3156,VIC,Australia,8
2568,62293 Raven Parkway,2486,NSW,Australia,8
2569,623 Carberry Way,2145,NSW,Australia,8
2570,623 Melody Avenue,4500,QLD,Australia,4
2571,623 Talisman Way,2763,NSW,Australia,8
2572,6236 Summerview Terrace,2110,NSW,Australia,12
2573,6238 Hanover Crossing,3141,VIC,Australia,7
2574,624 Atwood Circle,2164,NSW,Australia,8
2575,624 Harper Way,2094,NSW,Australia,10
2576,6244 Forest Point,4103,QLD,Australia,9
2577,6247 Crest Line Terrace,2250,NSW,Australia,8
2578,62551 Del Mar Avenue,2300,NSW,Australia,6
2579,6262 Elgar Avenue,4735,QLD,Australia,2
2580,6265 Moland Terrace,2076,NSW,Australia,10
2581,6269 Oak Valley Avenue,2323,NSW,Australia,5
2582,627 Ronald Regan Alley,4505,QLD,Australia,6
2583,6278 Old Shore Parkway,2250,NSW,Australia,9
2584,6279 Lien Junction,2560,NSW,Australia,6
2585,62842 Pearson Point,2508,NSW,Australia,9
2586,62965 Morningstar Junction,4109,QLD,Australia,9
2587,63 Bayside Center,2018,NSW,Australia,11
2588,63 Golf Crossing,2217,NSW,Australia,8
2589,63 Grayhawk Pass,2769,NSW,Australia,9
2590,63 International Drive,4165,QLD,Australia,7
2591,63 Lukken Drive,2170,New South Wales,Australia,9
2592,63 School Plaza,2145,NSW,Australia,9
2593,631 Fuller Parkway,3023,VIC,Australia,7
2594,63123 Merry Alley,4500,QLD,Australia,8
2595,6327 Lunder Crossing,4655,QLD,Australia,4
2596,633 Cordelia Alley,3037,VIC,Australia,7
2597,633 Menomonie Junction,3523,VIC,Australia,2
2598,6330 Monica Way,2540,NSW,Australia,9
2599,63344 Holmberg Crossing,2025,NSW,Australia,10
2600,63493 Erie Place,2144,NSW,Australia,7
2601,6354 Briar Crest Road,2022,NSW,Australia,12
2602,63576 Anzinger Trail,2168,NSW,Australia,9
2603,63588 Clove Court,2017,NSW,Australia,9
2604,636 Debs Circle,3039,VIC,Australia,9
2605,63663 Darwin Crossing,2565,NSW,Australia,10
2606,63785 Anthes Circle,3260,VIC,Australia,1
2607,63795 Logan Junction,3805,VIC,Australia,7
2608,638 Browning Terrace,3079,VIC,Australia,6
2609,638 Thackeray Junction,4178,QLD,Australia,3
2610,6382 Bayside Street,2153,NSW,Australia,10
2611,63832 Maple Wood Court,3172,VIC,Australia,9
2612,6386 Raven Road,2579,NSW,Australia,2
2613,63862 Dawn Park,4655,QLD,Australia,2
2614,6390 Truax Park,3012,Victoria,Australia,9
2615,6395 Anthes Hill,4504,QLD,Australia,4
2616,64 Everett Circle,2756,NSW,Australia,8
2617,64 Hayes Circle,2209,NSW,Australia,11
2618,64 Macpherson Junction,2208,NSW,Australia,11
2619,64 Macpherson Junction,4061,QLD,Australia,8
2620,64 Milwaukee Pass,4350,QLD,Australia,4
2621,64 Muir Lane,2148,NSW,Australia,8
2622,64 Nancy Plaza,3137,VIC,Australia,7
2623,64 Nelson Drive,4820,QLD,Australia,1
2624,64 Northview Pass,3163,VIC,Australia,9
2625,64 Quincy Alley,4170,QLD,Australia,9
2626,64 Trailsway Place,3802,VIC,Australia,7
2627,64 Village Green Pass,2048,NSW,Australia,9
2628,640 Toban Hill,4702,QLD,Australia,6
2629,6406 Parkside Hill,2017,NSW,Australia,9
2630,6407 Pierstorff Center,4209,QLD,Australia,6
2631,64080 Susan Park,4207,QLD,Australia,7
2632,641 Waywood Lane,2336,NSW,Australia,7
2633,64107 Little Fleur Trail,4211,QLD,Australia,3
2634,6414 Hanover Avenue,2060,NSW,Australia,12
2635,6415 4th Alley,2766,NSW,Australia,8
2636,6416 Grover Street,2322,NSW,Australia,7
2637,6418 Jenna Trail,2640,NSW,Australia,4
2638,6418 Sachs Trail,2810,NSW,Australia,1
2639,642 Anderson Circle,4132,QLD,Australia,5
2640,64201 Bonner Point,3169,VIC,Australia,5
2641,64211 Laurel Alley,3141,VIC,Australia,10
2642,643 Clyde Gallagher Road,3107,VIC,Australia,10
2643,644 Karstens Place,3040,VIC,Australia,11
2644,644 Mcbride Street,2086,NSW,Australia,11
2645,645 Thackeray Street,4879,QLD,Australia,6
2646,646 Mariners Cove Place,3023,Victoria,Australia,6
2647,64610 Sachtjen Center,2575,NSW,Australia,10
2648,6466 Troy Street,2763,NSW,Australia,8
2649,6468 West Park,3161,VIC,Australia,6
2650,64700 2nd Alley,2145,NSW,Australia,7
2651,6471 Meadow Valley Court,2097,NSW,Australia,11
2652,648 Rigney Pass,2460,NSW,Australia,2
2653,6489 Pennsylvania Road,2164,NSW,Australia,9
2654,6491 Gerald Court,2261,NSW,Australia,9
2655,65 Kinsman Trail,3023,VIC,Australia,6
2656,65 Sachtjen Park,2067,NSW,Australia,11
2657,65 Southridge Alley,2745,NSW,Australia,10
2658,65 Sunbrook Road,2284,NSW,Australia,4
2659,65 Waxwing Drive,2121,NSW,Australia,11
2660,650 Barby Street,2023,NSW,Australia,12
2661,6505 Fieldstone Alley,4037,QLD,Australia,8
2662,651 Mesta Drive,3173,VIC,Australia,9
2663,65105 Sommers Pass,3016,VIC,Australia,10
2664,65209 Merrick Avenue,4873,QLD,Australia,2
2665,6534 New Castle Plaza,2033,NSW,Australia,12
2666,65345 Marcy Crossing,2065,NSW,Australia,12
2667,65387 Thackeray Parkway,3197,VIC,Australia,10
2668,654 Kim Parkway,3175,VIC,Australia,3
2669,654 Logan Plaza,4113,QLD,Australia,10
2670,6541 Dahle Junction,2212,NSW,Australia,9
2671,655 Chive Pass,3083,VIC,Australia,9
2672,6551 Atwood Road,4216,QLD,Australia,7
2673,656 Bartelt Parkway,3127,VIC,Australia,12
2674,65620 Michigan Way,3141,VIC,Australia,10
2675,6563 Susan Pass,3024,VIC,Australia,7
2676,65634 Del Mar Crossing,4053,QLD,Australia,7
2677,65662 Haas Trail,2560,NSW,Australia,7
2678,65675 Spenser Way,3207,VIC,Australia,12
2679,6568 Northridge Pass,3029,VIC,Australia,6
2680,65769 Hoard Plaza,3030,VIC,Australia,7
2681,658 Northfield Junction,3023,VIC,Australia,7
2682,65880 Cascade Drive,2164,NSW,Australia,9
2683,65885 Maple Hill,3072,VIC,Australia,10
2684,659 Scofield Street,3175,VIC,Australia,5
2685,6590 Fremont Avenue,2077,NSW,Australia,8
2686,65973 Morrow Alley,2170,NSW,Australia,9
2687,66 Arrowood Court,4551,QLD,Australia,8
2688,66 Division Pass,3840,VIC,Australia,1
2689,66 Hudson Crossing,2153,NSW,Australia,10
2690,66 Sunfield Road,2821,NSW,Australia,1
2691,66 Talmadge Terrace,3630,VIC,Australia,1
2692,66028 Randy Terrace,2155,NSW,Australia,10
2693,6604 Hansons Court,2760,NSW,Australia,8
2694,6620 Elmside Drive,4118,QLD,Australia,9
2695,6621 Carberry Crossing,3083,VIC,Australia,8
2696,66238 Old Gate Circle,4157,QLD,Australia,9
2697,66286 Homewood Alley,2075,NSW,Australia,11
2698,663 Bellgrove Parkway,3812,Victoria,Australia,8
2699,663 Sunfield Court,3564,VIC,Australia,2
2700,6631 Farragut Terrace,2148,NSW,Australia,6
2701,6632 Truax Hill,2230,NSW,Australia,9
2702,6659 Kenwood Plaza,4380,QLD,Australia,1
2703,666 Holy Cross Parkway,4818,QLD,Australia,4
2704,6672 Butternut Avenue,3458,VIC,Australia,6
2705,6674 Russell Center,2197,NSW,Australia,9
2706,66811 Lerdahl Way,4160,QLD,Australia,4
2707,66834 Melby Way,2160,NSW,Australia,9
2708,66897 Pawling Circle,2066,NSW,Australia,9
2709,6691 Lindbergh Drive,2147,NSW,Australia,9
2710,6698 Melody Crossing,4556,QLD,Australia,8
2711,67 8th Terrace,3564,Victoria,Australia,4
2712,67 Aberg Hill,2519,NSW,Australia,4
2713,67 Carioca Road,4211,QLD,Australia,9
2714,67 Crowley Drive,3216,VIC,Australia,4
2715,67 Elka Court,3630,VIC,Australia,3
2716,67 Holmberg Way,2165,NSW,Australia,9
2717,67 Hooker Place,2380,NSW,Australia,5
2718,67 Lakewood Gardens Circle,2506,NSW,Australia,7
2719,67 Lerdahl Parkway,4670,QLD,Australia,1
2720,671 American Ash Way,2365,NSW,Australia,2
2721,671 Mallory Pass,2177,NSW,Australia,8
2722,67104 Bunting Crossing,2043,NSW,Australia,9
2723,6712 Nova Crossing,2065,NSW,Australia,10
2724,67125 Melody Place,2747,NSW,Australia,8
2725,67143 Bluejay Court,4214,QLD,Australia,8
2726,672 Crowley Place,3043,VIC,Australia,8
2727,67234 Transport Hill,2777,New South Wales,Australia,7
2728,67241 Heath Way,2151,NSW,Australia,8
2729,673 Comanche Parkway,2470,NSW,Australia,2
2730,67348 Lakewood Gardens Road,2852,NSW,Australia,2
2731,6735 Katie Way,2150,NSW,Australia,7
2732,6736 Anthes Junction,2250,NSW,Australia,7
2733,67396 Roxbury Court,4817,QLD,Australia,3
2734,67473 Nova Avenue,3089,VIC,Australia,10
2735,6750 Truax Trail,2145,NSW,Australia,8
2736,6759 Nevada Point,2323,NSW,Australia,6
2737,6764 Commercial Avenue,2753,NSW,Australia,8
2738,677 Butternut Crossing,2216,NSW,Australia,7
2739,677 Eagan Trail,3183,VIC,Australia,7
2740,677 Golden Leaf Junction,4054,QLD,Australia,6
2741,67727 Westerfield Hill,4164,QLD,Australia,9
2742,6779 Melrose Way,2450,NSW,Australia,7
2743,678 Monterey Center,2759,NSW,Australia,8
2744,678 Old Gate Pass,3171,Victoria,Australia,9
2745,67884 Fair Oaks Parkway,3931,VIC,Australia,9
2746,679 Huxley Trail,2087,NSW,Australia,11
2747,68 Chinook Street,4814,QLD,Australia,2
2748,68 Delaware Avenue,2768,NSW,Australia,10
2749,68 Little Fleur Crossing,2046,New South Wales,Australia,12
2750,68 Roth Crossing,2295,NSW,Australia,8
2751,6804 Red Cloud Parkway,2099,NSW,Australia,9
2752,68063 Blue Bill Park Center,3058,VIC,Australia,9
2753,6809 Maple Park,3023,VIC,Australia,8
2754,681 Butterfield Lane,2233,NSW,Australia,9
2755,681 Elmside Place,3750,VIC,Australia,6
2756,681 Ridgeway Junction,4208,QLD,Australia,7
2757,681 School Avenue,2077,NSW,Australia,10
2758,681 Transport Pass,4055,QLD,Australia,7
2759,68111 Bartillon Court,3995,VIC,Australia,3
2760,68128 Leroy Street,4213,QLD,Australia,8
2761,6814 Haas Place,2230,NSW,Australia,7
2762,6815 South Junction,3198,VIC,Australia,9
2763,68150 Boyd Road,2745,New South Wales,Australia,9
2764,682 Claremont Circle,4350,QLD,Australia,6
2765,682 Sheridan Avenue,2566,NSW,Australia,9
2766,682 Spenser Plaza,3977,VIC,Australia,6
2767,68294 Clarendon Crossing,2230,New South Wales,Australia,10
2768,683 Scoville Park,3168,VIC,Australia,8
2769,6837 West Pass,4119,QLD,Australia,7
2770,6838 Anniversary Junction,2484,NSW,Australia,4
2771,684 Northport Circle,2213,New South Wales,Australia,10
2772,6841 Dawn Drive,2880,NSW,Australia,1
2773,68473 Leroy Avenue,4105,QLD,Australia,9
2774,68486 Anderson Alley,3083,VIC,Australia,8
2775,685 International Lane,4825,QLD,Australia,2
2776,6851 Orin Parkway,2142,NSW,Australia,10
2777,686 Rusk Parkway,2566,NSW,Australia,8
2778,686 Scoville Drive,3012,VIC,Australia,5
2779,6860 Green Ridge Avenue,2126,NSW,Australia,11
2780,6865 Duke Trail,2234,NSW,Australia,10
2781,687 Almo Crossing,2160,NSW,Australia,10
2782,68730 Hermina Place,3130,VIC,Australia,10
2783,6876 Mandrake Avenue,2298,NSW,Australia,6
2784,688 Kropf Circle,3351,VIC,Australia,5
2785,688 Straubel Junction,2113,NSW,Australia,9
2786,68861 School Hill,2199,NSW,Australia,9
2787,68882 Commercial Crossing,2320,NSW,Australia,3
2788,6898 Redwing Park,2148,NSW,Australia,9
2789,69 Dexter Parkway,2460,NSW,Australia,3
2790,69 Hovde Plaza,2680,NSW,Australia,5
2791,69 Huxley Lane,4205,QLD,Australia,3
2792,69 Porter Parkway,4128,QLD,Australia,7
2793,69 Valley Edge Lane,3144,VIC,Australia,8
2794,690 Glacier Hill Circle,2127,New South Wales,Australia,10
2795,690 Hanson Center,2330,NSW,Australia,3
2796,6901 Russell Street,3977,VIC,Australia,6
2797,69131 Kipling Alley,3351,VIC,Australia,4
2798,6915 Nobel Crossing,2195,NSW,Australia,6
2799,692 Anniversary Junction,4207,QLD,Australia,1
2800,692 Leroy Parkway,3043,VIC,Australia,9
2801,6920 Dwight Circle,4173,QLD,Australia,7
2802,6923 Tennessee Circle,2766,NSW,Australia,9
2803,69278 High Crossing Place,2795,NSW,Australia,5
2804,6933 Leroy Parkway,4209,QLD,Australia,4
2805,694 Northwestern Court,2155,NSW,Australia,10
2806,69444 Mccormick Junction,2539,NSW,Australia,9
2807,69490 Orin Trail,3029,VIC,Australia,5
2808,695 Anthes Crossing,4350,QLD,Australia,2
2809,6950 Morrow Street,2326,NSW,Australia,3
2810,69555 Dakota Alley,4211,QLD,Australia,5
2811,6956 Clyde Gallagher Park,2281,NSW,Australia,9
2812,6958 Knutson Pass,3620,VIC,Australia,1
2813,696 Harbort Junction,2196,NSW,Australia,10
2814,6970 Almo Court,2049,NSW,Australia,9
2815,698 Lunder Point,2016,NSW,Australia,10
2816,698 Old Gate Lane,2619,NSW,Australia,3
2817,698 Summer Ridge Way,2529,NSW,Australia,7
2818,69810 Westridge Avenue,2573,NSW,Australia,6
2819,6988 Acker Crossing,2217,NSW,Australia,10
2820,6988 Waxwing Hill,4700,QLD,Australia,3
2821,69881 Westport Parkway,2880,NSW,Australia,1
2822,69893 Loomis Junction,2229,NSW,Australia,10
2823,699 Hudson Road,2138,NSW,Australia,9
2824,69914 Bowman Place,2330,NSW,Australia,7
2825,6994 Hanson Place,2580,NSW,Australia,5
2826,7 Anzinger Drive,2745,NSW,Australia,10
2827,7 Arapahoe Pass,3101,VIC,Australia,12
2828,7 Barnett Road,2713,NSW,Australia,1
2829,7 Bartillon Circle,2260,NSW,Australia,8
2830,7 Bartillon Junction,2044,NSW,Australia,10
2831,7 Bayside Point,3085,VIC,Australia,8
2832,7 Beilfuss Center,2550,NSW,Australia,4
2833,7 Blue Bill Park Lane,2765,NSW,Australia,9
2834,7 Buhler Drive,2142,NSW,Australia,7
2835,7 Canary Trail,3977,VIC,Australia,10
2836,7 Carberry Crossing,2485,New South Wales,Australia,2
2837,7 Center Circle,2096,NSW,Australia,9
2838,7 Charing Cross Hill,2121,NSW,Australia,9
2839,7 Claremont Court,2111,NSW,Australia,12
2840,7 Clemons Drive,4370,QLD,Australia,2
2841,7 Dahle Avenue,2620,NSW,Australia,9
2842,7 Debra Point,3175,VIC,Australia,4
2843,7 Debs Park,4157,QLD,Australia,3
2844,7 Debs Point,2322,NSW,Australia,4
2845,7 Del Mar Crossing,4680,QLD,Australia,7
2846,7 Del Sol Road,4220,QLD,Australia,9
2847,7 Delaware Hill,2320,NSW,Australia,6
2848,7 Eastlawn Street,2346,NSW,Australia,1
2849,7 Eggendart Hill,4055,QLD,Australia,8
2850,7 Elgar Plaza,2250,NSW,Australia,9
2851,7 Erie Court,2263,NSW,Australia,7
2852,7 Farmco Trail,2759,NSW,Australia,9
2853,7 Fordem Point,3057,VIC,Australia,7
2854,7 Granby Crossing,3083,VIC,Australia,9
2855,7 Green Ridge Way,2763,NSW,Australia,8
2856,7 Havey Point,4005,QLD,Australia,2
2857,7 Holmberg Circle,2018,NSW,Australia,9
2858,7 Holy Cross Lane,4300,QLD,Australia,5
2859,7 Hooker Place,2428,NSW,Australia,3
2860,7 Jackson Court,2076,NSW,Australia,10
2861,7 Jackson Point,3561,VIC,Australia,1
2862,7 John Wall Parkway,4020,QLD,Australia,5
2863,7 Killdeer Junction,4306,QLD,Australia,3
2864,7 Kingsford Parkway,3085,VIC,Australia,9
2865,7 Lake View Street,4060,QLD,Australia,9
2866,7 Laurel Avenue,2125,NSW,Australia,12
2867,7 Laurel Junction,2079,NSW,Australia,10
2868,7 Lerdahl Court,4207,QLD,Australia,6
2869,7 Luster Trail,2007,NSW,Australia,8
2870,7 Macpherson Way,4064,QLD,Australia,9
2871,7 Magdeline Trail,3034,VIC,Australia,10
2872,7 Main Crossing,2065,NSW,Australia,12
2873,7 Mcguire Terrace,3754,VIC,Australia,6
2874,7 Meadow Ridge Center,2165,NSW,Australia,9
2875,7 Meadow Vale Court,2114,NSW,Australia,10
2876,7 Melrose Circle,4017,QLD,Australia,5
2877,7 Mifflin Terrace,2323,NSW,Australia,3
2878,7 Monterey Street,3068,VIC,Australia,12
2879,7 New Castle Terrace,2223,NSW,Australia,10
2880,7 Norway Maple Avenue,4172,QLD,Australia,5
2881,7 Novick Parkway,2160,NSW,Australia,5
2882,7 Ohio Court,3796,VIC,Australia,8
2883,7 Onsgard Court,4551,QLD,Australia,9
2884,7 Pankratz Point,3011,VIC,Australia,8
2885,7 Park Meadow Drive,4055,QLD,Australia,3
2886,7 Pepper Wood Crossing,3038,VIC,Australia,8
2887,7 Porter Parkway,2261,NSW,Australia,8
2888,7 Reindahl Center,2767,NSW,Australia,8
2889,7 Reinke Junction,2145,NSW,Australia,10
2890,7 Rieder Street,3155,VIC,Australia,7
2891,7 Schurz Parkway,4212,QLD,Australia,7
2892,7 Scoville Trail,4304,QLD,Australia,2
2893,7 Shasta Terrace,2821,NSW,Australia,2
2894,7 Springview Lane,2256,NSW,Australia,6
2895,7 Starling Crossing,2570,NSW,Australia,9
2896,7 Summerview Parkway,3073,VIC,Australia,6
2897,7 Sunbrook Terrace,2200,NSW,Australia,9
2898,7 Vernon Lane,2232,NSW,Australia,10
2899,7 Village Green Circle,3109,VIC,Australia,10
2900,7 Warbler Point,2250,NSW,Australia,9
2901,7 Weeping Birch Alley,2230,NSW,Australia,12
2902,7 Westridge Terrace,4504,QLD,Australia,7
2903,70 Erie Street,4814,QLD,Australia,2
2904,70 Oakridge Pass,2019,NSW,Australia,10
2905,70 Old Gate Avenue,3043,VIC,Australia,7
2906,70 Old Gate Street,2354,NSW,Australia,3
2907,70 Shopko Drive,2487,NSW,Australia,9
2908,70 West Plaza,3020,VIC,Australia,8
2909,7006 Miller Avenue,3444,VIC,Australia,4
2910,7008 Warner Park,4670,QLD,Australia,2
2911,701 Talisman Crossing,2000,NSW,Australia,10
2912,7015 Hintze Parkway,2153,NSW,Australia,11
2913,70262 Hermina Court,3690,VIC,Australia,2
2914,7032 Hallows Drive,2126,NSW,Australia,11
2915,7035 Crest Line Place,3101,VIC,Australia,11
2916,7037 North Park,2484,NSW,Australia,6
2917,70416 Becker Court,2099,NSW,Australia,10
2918,7046 Fairview Place,4510,QLD,Australia,3
2919,7046 Surrey Road,2287,NSW,Australia,7
2920,70488 Logan Court,2074,NSW,Australia,12
2921,7049 Sutteridge Lane,2251,NSW,Australia,8
2922,706 Anniversary Alley,3064,VIC,Australia,3
2923,7066 Sunbrook Terrace,2299,NSW,Australia,8
2924,70676 Eggendart Trail,3028,VIC,Australia,8
2925,707 Spaight Place,2830,NSW,Australia,4
2926,708 Russell Parkway,2530,NSW,Australia,7
2927,70836 Colorado Plaza,2571,NSW,Australia,11
2928,70875 Hudson Point,3212,VIC,Australia,6
2929,709 Rieder Terrace,3995,VIC,Australia,2
2930,709 Schmedeman Street,2155,NSW,Australia,11
2931,70980 Washington Parkway,2300,NSW,Australia,10
2932,71 Cherokee Hill,2127,NSW,Australia,7
2933,71 Hayes Circle,2320,NSW,Australia,7
2934,71 Manley Way,2036,NSW,Australia,7
2935,71 Meadow Ridge Parkway,2539,NSW,Australia,11
2936,71 Moulton Drive,3065,VIC,Australia,10
2937,71 Orin Crossing,2155,NSW,Australia,9
2938,71 Sundown Circle,4720,QLD,Australia,1
2939,710 Schiller Plaza,3338,VIC,Australia,1
2940,7101 Gulseth Hill,2293,NSW,Australia,9
2941,71039 Packers Street,2034,NSW,Australia,10
2942,7107 Manitowish Road,4815,QLD,Australia,2
2943,711 Hayes Court,2120,NSW,Australia,10
2944,711 Sachtjen Point,2540,NSW,Australia,8
2945,711 Summerview Junction,2075,NSW,Australia,10
2946,71109 Vernon Way,3350,VIC,Australia,4
2947,712 Sage Park,3149,VIC,Australia,9
2948,713 Eastwood Terrace,2360,NSW,Australia,1
2949,713 Redwing Crossing,2121,NSW,Australia,11
2950,7135 Ruskin Avenue,2563,NSW,Australia,11
2951,7163 2nd Point,3931,VIC,Australia,8
2952,7169 North Lane,2023,NSW,Australia,9
2953,717 Oakridge Way,2117,NSW,Australia,8
2954,71725 Goodland Lane,4509,QLD,Australia,7
2955,7174 Thackeray Point,2153,NSW,Australia,10
2956,7175 Orin Junction,2088,NSW,Australia,12
2957,71761 Almo Street,4178,QLD,Australia,7
2958,71776 Express Avenue,2749,NSW,Australia,8
2959,718 Colorado Court,2220,NSW,Australia,8
2960,718 Fair Oaks Point,2068,NSW,Australia,12
2961,71801 Grover Point,2166,NSW,Australia,10
2962,7181 Dakota Trail,3029,VIC,Australia,5
2963,7188 Cody Way,3350,VIC,Australia,9
2964,719 Vahlen Way,2560,NSW,Australia,8
2965,7198 Rowland Street,4030,QLD,Australia,9
2966,72 Briar Crest Hill,3148,VIC,Australia,10
2967,72 Buell Pass,2200,NSW,Australia,9
2968,72 Dennis Road,3805,VIC,Australia,7
2969,72 Dorton Crossing,3133,VIC,Australia,10
2970,72 Ilene Point,2575,NSW,Australia,8
2971,72 Ludington Circle,2770,NSW,Australia,6
2972,72 Mandrake Court,3183,VIC,Australia,9
2973,72 Mosinee Court,3146,VIC,Australia,9
2974,72 Shasta Plaza,4152,QLD,Australia,4
2975,720 Menomonie Avenue,2749,NSW,Australia,8
2976,7202 Prairieview Court,2221,NSW,Australia,11
2977,7208 Old Gate Avenue,2112,NSW,Australia,11
2978,721 Morrow Plaza,2069,NSW,Australia,12
2979,7216 American Ash Place,2062,NSW,Australia,12
2980,72204 Springs Way,3104,VIC,Australia,12
2981,72258 Bayside Court,4211,QLD,Australia,7
2982,72297 Sutherland Junction,2560,NSW,Australia,8
2983,723 Center Court,3933,VIC,Australia,11
2984,7230 Montana Place,2777,NSW,Australia,9
2985,7231 Pepper Wood Point,2428,NSW,Australia,8
2986,7233 Lerdahl Lane,4212,QLD,Australia,7
2987,7234 Dawn Alley,4670,QLD,Australia,1
2988,724 Erie Way,3500,VIC,Australia,2
2989,724 West Park,2112,NSW,Australia,11
2990,72419 Eagan Road,2040,NSW,Australia,10
2991,7245 Cottonwood Center,2285,New South Wales,Australia,5
2992,725 Cordelia Junction,3028,Victoria,Australia,8
2993,7256 Forster Crossing,2533,NSW,Australia,8
2994,7258 Mandrake Terrace,3138,VIC,Australia,9
2995,726 Erie Center,3106,VIC,Australia,11
2996,726 Warrior Center,2077,NSW,Australia,10
2997,72673 Mayfield Trail,4209,QLD,Australia,6
2998,72728 Ruskin Way,2291,NSW,Australia,6
2999,7279 Steensland Circle,3803,VIC,Australia,7
3000,7282 Prairie Rose Trail,3184,VIC,Australia,9
3001,7285 Waxwing Pass,2620,NSW,Australia,5
3002,72850 Lotheville Junction,2480,NSW,Australia,4
3003,73 Burrows Court,3121,VIC,Australia,8
3004,73 Debra Terrace,2141,NSW,Australia,7
3005,73 Eagan Hill,3040,VIC,Australia,10
3006,73 Glacier Hill Drive,2880,NSW,Australia,1
3007,73 Hallows Circle,2558,NSW,Australia,7
3008,73 Muir Trail,3196,VIC,Australia,7
3009,730 Butternut Trail,4018,QLD,Australia,4
3010,730 Dixon Place,3158,VIC,Australia,8
3011,730 Judy Drive,3939,VIC,Australia,2
3012,73042 Roth Crossing,2100,New South Wales,Australia,11
3013,731 Haas Trail,2125,NSW,Australia,11
3014,7310 Shopko Trail,4500,QLD,Australia,8
3015,73128 Pearson Pass,4132,QLD,Australia,4
3016,7317 Huxley Alley,2112,NSW,Australia,8
3017,7330 Helena Pass,2176,NSW,Australia,9
3018,73363 Butterfield Crossing,4567,QLD,Australia,9
3019,734 South Court,4152,QLD,Australia,8
3020,7342 Fieldstone Junction,2093,New South Wales,Australia,12
3021,73425 Mitchell Court,4304,QLD,Australia,3
3022,7343 Washington Road,2287,NSW,Australia,5
3023,7346 Luster Circle,4131,QLD,Australia,5
3024,735 Eastlawn Place,4160,QLD,Australia,8
3025,73506 Cordelia Lane,4217,QLD,Australia,4
3026,7353 Thierer Road,4300,QLD,Australia,2
3027,736 Ohio Court,2200,NSW,Australia,10
3028,736 Roxbury Junction,2540,NSW,Australia,6
3029,736 Tomscot Center,4503,QLD,Australia,5
3030,73637 Nancy Street,2469,NSW,Australia,1
3031,7365 Carioca Hill,4680,QLD,Australia,4
3032,738 Division Street,3024,VIC,Australia,8
3033,738 Dixon Drive,2575,NSW,Australia,8
3034,738 Sloan Place,3212,VIC,Australia,5
3035,7380 Canary Pass,3111,VIC,Australia,7
3036,7389 Union Place,2745,NSW,Australia,8
3037,739 Elmside Way,3074,VIC,Australia,8
3038,73907 Fallview Point,2250,NSW,Australia,7
3039,7391 Ruskin Parkway,4356,QLD,Australia,5
3040,7395 Blackbird Lane,2134,NSW,Australia,9
3041,74 Anniversary Junction,2330,New South Wales,Australia,6
3042,740 Calypso Drive,2100,NSW,Australia,10
3043,74011 Manufacturers Street,2320,NSW,Australia,6
3044,74013 Mesta Terrace,3084,Victoria,Australia,9
3045,7415 Schlimgen Drive,2064,NSW,Australia,9
3046,74164 Village Green Parkway,3037,VIC,Australia,9
3047,74251 Golden Leaf Lane,4413,QLD,Australia,3
3048,7427 Fuller Trail,3082,VIC,Australia,8
3049,743 Karstens Point,2122,NSW,Australia,11
3050,743 Stone Corner Parkway,4127,QLD,Australia,6
3051,7435 Monument Road,3807,VIC,Australia,9
3052,744 Hazelcrest Way,2155,NSW,Australia,9
3053,7447 Nevada Park,2193,NSW,Australia,8
3054,745 Troy Avenue,2769,NSW,Australia,9
3055,7450 Prairie Rose Drive,2868,NSW,Australia,1
3056,7451 Jana Lane,2138,NSW,Australia,8
3057,747 Thackeray Circle,4551,QLD,Australia,7
3058,7482 Hanson Park,2567,NSW,Australia,5
3059,74910 Burning Wood Junction,3132,VIC,Australia,10
3060,75 Bartillon Street,3228,VIC,Australia,8
3061,75 Duke Plaza,2147,NSW,Australia,9
3062,75 Grim Circle,2147,NSW,Australia,10
3063,75 Hansons Alley,2260,NSW,Australia,9
3064,75 Hoepker Street,2232,NSW,Australia,10
3065,75 Loftsgordon Hill,3147,VIC,Australia,11
3066,75 Logan Place,3071,VIC,Australia,10
3067,75 Longview Terrace,2640,NSW,Australia,3
3068,75 Mesta Hill,4509,QLD,Australia,7
3069,75 Scott Place,3806,VIC,Australia,7
3070,75 Westerfield Park,4570,QLD,Australia,1
3071,7509 Prairieview Center,2289,NSW,Australia,9
3072,751 Cordelia Terrace,2880,NSW,Australia,1
3073,75106 Oriole Junction,2030,NSW,Australia,12
3074,75132 Portage Point,4555,QLD,Australia,7
3075,75164 Sherman Crossing,2031,NSW,Australia,11
3076,7518 Canary Parkway,2145,NSW,Australia,9
3077,752 Nevada Circle,2089,NSW,Australia,10
3078,7524 David Place,2850,NSW,Australia,3
3079,75251 Marquette Lane,4122,QLD,Australia,7
3080,7526 Artisan Parkway,4223,QLD,Australia,8
3081,7530 Sutteridge Hill,3030,VIC,Australia,7
3082,75322 Prentice Court,3046,VIC,Australia,9
3083,75351 Ridgeview Lane,3181,VIC,Australia,11
3084,7547 Garrison Alley,2705,NSW,Australia,5
3085,755 Ramsey Terrace,4152,QLD,Australia,6
3086,7555 Springview Crossing,3195,VIC,Australia,10
3087,75581 Express Center,4503,QLD,Australia,3
3088,756 Farragut Place,4740,QLD,Australia,2
3089,7561 Donald Center,3810,VIC,Australia,5
3090,75612 Clarendon Junction,4352,QLD,Australia,6
3091,75642 Kinsman Terrace,4014,QLD,Australia,8
3092,75688 Maple Court,3618,VIC,Australia,1
3093,757 Debs Avenue,4670,QLD,Australia,4
3094,757 International Road,3158,VIC,Australia,8
3095,75717 Bartillon Road,2880,NSW,Australia,1
3096,7574 Onsgard Drive,4011,QLD,Australia,7
3097,75790 Towne Avenue,4221,QLD,Australia,9
3098,75826 Bellgrove Trail,3095,Victoria,Australia,10
3099,75848 Ohio Lane,3037,VIC,Australia,7
3100,7585 Rutledge Trail,3161,VIC,Australia,9
3101,76 Aberg Hill,3028,VIC,Australia,6
3102,76 Graedel Street,4812,QLD,Australia,6
3103,76 Hanson Junction,2147,NSW,Australia,9
3104,76 Londonderry Park,2777,NSW,Australia,9
3105,76 Norway Maple Drive,4509,QLD,Australia,6
3106,76 Roxbury Pass,2528,NSW,Australia,6
3107,76 Schiller Pass,4455,QLD,Australia,3
3108,760 Forest Dale Place,3068,Victoria,Australia,12
3109,76085 Eagan Crossing,3071,VIC,Australia,10
3110,7609 Jackson Terrace,2155,NSW,Australia,11
3111,761 Bellgrove Lane,2541,NSW,Australia,7
3112,761 Carioca Drive,4226,QLD,Australia,7
3113,7628 Larry Trail,3428,VIC,Australia,7
3114,7633 Mayer Plaza,2768,NSW,Australia,10
3115,76369 Ridge Oak Place,3162,Victoria,Australia,9
3116,764 Dahle Alley,4115,QLD,Australia,8
3117,765 6th Plaza,4226,QLD,Australia,7
3118,7650 Stone Corner Avenue,3201,VIC,Australia,5
3119,7671 Oak Valley Junction,2170,NSW,Australia,9
3120,7674 Roxbury Junction,4815,QLD,Australia,4
3121,7681 Waywood Alley,3860,VIC,Australia,1
3122,769 Banding Avenue,2151,NSW,Australia,10
3123,77 Acker Alley,3151,VIC,Australia,10
3124,77 Armistice Alley,2208,NSW,Australia,10
3125,77 Golf Course Junction,3027,VIC,Australia,8
3126,77 Green Court,2570,NSW,Australia,9
3127,77 Gulseth Lane,3181,VIC,Australia,8
3128,77 Nova Junction,3218,VIC,Australia,8
3129,77 Pankratz Plaza,4306,QLD,Australia,8
3130,77 Pawling Pass,2537,NSW,Australia,3
3131,77006 Nelson Point,4171,QLD,Australia,10
3132,7709 Bluestem Place,3068,VIC,Australia,5
3133,771 Sugar Way,2076,NSW,Australia,11
3134,7714 Heffernan Circle,3130,VIC,Australia,8
3135,77196 West Crossing,2166,NSW,Australia,8
3136,772 Superior Street,2759,NSW,Australia,8
3137,77248 Columbus Drive,2340,NSW,Australia,7
3138,7727 Merrick Parkway,2099,NSW,Australia,11
3139,773 Tomscot Plaza,2203,NSW,Australia,10
3140,7730 Oakridge Trail,3380,VIC,Australia,1
3141,7740 Crescent Oaks Circle,4350,QLD,Australia,5
3142,77410 Bluejay Street,3046,VIC,Australia,9
3143,77433 Sunfield Court,3179,VIC,Australia,9
3144,7764 Declaration Hill,2261,NSW,Australia,9
3145,77729 Kim Plaza,2560,NSW,Australia,7
3146,778 7th Parkway,2071,NSW,Australia,9
3147,778 Cambridge Street,4209,QLD,Australia,4
3148,7798 Westport Trail,4031,QLD,Australia,9
3149,78 Algoma Circle,2166,NSW,Australia,8
3150,78 Barnett Alley,2154,NSW,Australia,11
3151,78 Bowman Court,2027,NSW,Australia,11
3152,78 Bultman Junction,2047,NSW,Australia,10
3153,78 Colorado Park,4105,QLD,Australia,8
3154,78 Declaration Center,2209,NSW,Australia,10
3155,78 Del Sol Hill,2535,New South Wales,Australia,8
3156,78 Glacier Hill Drive,2026,NSW,Australia,10
3157,78 Jackson Point,2047,NSW,Australia,11
3158,78 Parkside Trail,3046,VIC,Australia,8
3159,78 Rockefeller Park,2159,NSW,Australia,10
3160,78 Shasta Place,2135,NSW,Australia,12
3161,78 Southridge Parkway,2257,NSW,Australia,9
3162,78 Surrey Place,2502,NSW,Australia,7
3163,780 Carberry Place,3199,VIC,Australia,9
3164,78000 Arrowood Center,2775,NSW,Australia,9
3165,78019 Manley Center,2304,NSW,Australia,5
3166,781 Dorton Avenue,3012,Victoria,Australia,10
3167,78152 Harper Parkway,2756,NSW,Australia,8
3168,7823 Village Green Park,3030,VIC,Australia,8
3169,78258 Hanover Plaza,3070,VIC,Australia,10
3170,7827 Spohn Court,2093,NSW,Australia,9
3171,7837 Derek Street,2147,NSW,Australia,9
3172,78426 Fulton Plaza,4223,QLD,Australia,9
3173,7847 Buell Trail,2759,NSW,Australia,8
3174,78478 Pond Road,4128,QLD,Australia,7
3175,785 Crest Line Hill,3634,VIC,Australia,1
3176,7858 Sauthoff Crossing,3079,VIC,Australia,11
3177,786 Bonner Drive,2340,NSW,Australia,4
3178,786 Rowland Court,2035,NSW,Australia,11
3179,7875 Fieldstone Pass,4216,QLD,Australia,10
3180,78814 Sundown Drive,4810,QLD,Australia,8
3181,789 Alpine Lane,2390,NSW,Australia,8
3182,78960 Schiller Lane,2450,NSW,Australia,4
3183,79 Arkansas Drive,3008,VIC,Australia,10
3184,79 Butterfield Street,2016,NSW,Australia,11
3185,79 Crescent Oaks Court,2806,NSW,Australia,1
3186,79 Eggendart Trail,3977,VIC,Australia,8
3187,79 Grasskamp Center,2170,NSW,Australia,9
3188,79 Holy Cross Hill,2145,NSW,Australia,7
3189,79 Lighthouse Bay Lane,3082,VIC,Australia,8
3190,79 Moland Junction,2795,NSW,Australia,4
3191,7901 Park Meadow Plaza,3076,Victoria,Australia,7
3192,7905 Spaight Alley,2763,NSW,Australia,8
3193,79055 Moose Terrace,2176,NSW,Australia,9
3194,7909 Pierstorff Crossing,2517,New South Wales,Australia,9
3195,791 Elgar Trail,4340,QLD,Australia,5
3196,7912 Jana Lane,2194,NSW,Australia,8
3197,7916 Clyde Gallagher Place,2075,NSW,Australia,11
3198,7917 Norway Maple Way,2074,NSW,Australia,11
3199,792 Clyde Gallagher Trail,2120,NSW,Australia,10
3200,792 Maple Trail,2097,NSW,Australia,12
3201,79206 Independence Drive,3061,VIC,Australia,5
3202,7921 Trailsway Center,2759,NSW,Australia,9
3203,7928 Mendota Circle,4503,QLD,Australia,2
3204,7929 Grasskamp Trail,2119,NSW,Australia,11
3205,79291 3rd Circle,2760,NSW,Australia,8
3206,7939 Toban Crossing,2770,NSW,Australia,7
3207,794 Kennedy Court,4740,QLD,Australia,2
3208,79427 Hudson Trail,3677,VIC,Australia,1
3209,7949 Waywood Way,2318,NSW,Australia,7
3210,79494 Ruskin Circle,2527,NSW,Australia,9
3211,795 Arapahoe Hill,4818,QLD,Australia,7
3212,7962 Dottie Park,2284,NSW,Australia,5
3213,797 Orin Terrace,2119,NSW,Australia,10
3214,79737 Hollow Ridge Trail,2199,NSW,Australia,9
3215,7975 Browning Plaza,3038,VIC,Australia,4
3216,7978 Carberry Way,4817,QLD,Australia,2
3217,79862 Darwin Crossing,4215,QLD,Australia,8
3218,8 Anderson Lane,2214,NSW,Australia,9
3219,8 Arizona Way,2233,NSW,Australia,9
3220,8 Armistice Circle,3977,VIC,Australia,6
3221,8 Becker Drive,4868,QLD,Australia,4
3222,8 Bobwhite Court,3127,VIC,Australia,10
3223,8 Bobwhite Park,2768,NSW,Australia,10
3224,8 Boyd Road,2075,NSW,Australia,12
3225,8 Buell Crossing,2320,NSW,Australia,5
3226,8 Bunting Hill,2155,NSW,Australia,10
3227,8 Carioca Terrace,4007,QLD,Australia,8
3228,8 Clarendon Circle,2121,NSW,Australia,11
3229,8 Clyde Gallagher Court,4217,QLD,Australia,8
3230,8 Colorado Circle,3730,VIC,Australia,4
3231,8 Crowley Terrace,2760,NSW,Australia,8
3232,8 Dayton Park,2050,NSW,Australia,9
3233,8 Dixon Parkway,2783,NSW,Australia,7
3234,8 Dottie Court,3480,Victoria,Australia,1
3235,8 Drewry Street,4655,QLD,Australia,5
3236,8 Eagle Crest Circle,2137,NSW,Australia,12
3237,8 Eggendart Court,2478,NSW,Australia,9
3238,8 Erie Center,3690,VIC,Australia,2
3239,8 Farwell Parkway,2428,NSW,Australia,2
3240,8 Garrison Trail,2226,NSW,Australia,10
3241,8 Glendale Terrace,4014,QLD,Australia,8
3242,8 Golf Drive,2747,NSW,Australia,9
3243,8 Grayhawk Circle,2089,NSW,Australia,10
3244,8 Green Ridge Place,2565,NSW,Australia,9
3245,8 Grover Parkway,2089,NSW,Australia,10
3246,8 Haas Park,2074,NSW,Australia,10
3247,8 Hagan Hill,4508,QLD,Australia,4
3248,8 Hansons Street,3076,VIC,Australia,7
3249,8 Harper Center,2650,NSW,Australia,3
3250,8 Havey Alley,2031,NSW,Australia,8
3251,8 Heffernan Crossing,2126,NSW,Australia,12
3252,8 Hoffman Alley,3181,VIC,Australia,10
3253,8 Holmberg Street,2444,NSW,Australia,7
3254,8 Holy Cross Center,2047,NSW,Australia,9
3255,8 Kingsford Hill,3429,Victoria,Australia,6
3256,8 Kinsman Alley,4304,QLD,Australia,2
3257,8 Lake View Way,3977,VIC,Australia,7
3258,8 Lawn Hill,3752,Victoria,Australia,7
3259,8 Mariners Cove Drive,2096,NSW,Australia,10
3260,8 Marquette Court,2204,NSW,Australia,11
3261,8 Mccormick Crossing,2227,NSW,Australia,8
3262,8 Melrose Road,4116,QLD,Australia,7
3263,8 Mendota Plaza,2567,NSW,Australia,9
3264,8 Moland Junction,2148,NSW,Australia,7
3265,8 Moland Pass,2065,NSW,Australia,10
3266,8 Monterey Plaza,2066,NSW,Australia,9
3267,8 Monument Junction,2154,NSW,Australia,11
3268,8 Northridge Drive,2072,NSW,Australia,10
3269,8 Pawling Alley,3930,Victoria,Australia,8
3270,8 Pearson Trail,2166,NSW,Australia,9
3271,8 Prairie Rose Circle,2745,NSW,Australia,9
3272,8 Randy Parkway,2209,NSW,Australia,11
3273,8 Ridgeview Park,2323,NSW,Australia,5
3274,8 Riverside Place,4211,QLD,Australia,5
3275,8 Rockefeller Lane,2306,NSW,Australia,4
3276,8 Roxbury Way,3031,VIC,Australia,8
3277,8 Scott Street,3205,VIC,Australia,8
3278,8 Sommers Circle,2305,NSW,Australia,7
3279,8 Starling Pass,2767,NSW,Australia,8
3280,8 Starling Trail,2282,NSW,Australia,8
3281,8 Superior Court,3174,VIC,Australia,5
3282,8 Superior Hill,2153,NSW,Australia,10
3283,8 Talisman Avenue,2211,NSW,Australia,10
3284,8 Texas Plaza,3081,VIC,Australia,9
3285,8 Veith Alley,2750,NSW,Australia,5
3286,8 Vermont Pass,3930,VIC,Australia,9
3287,8 Village Street,4825,QLD,Australia,5
3288,8 Warrior Avenue,3197,VIC,Australia,9
3289,80 Cambridge Plaza,2159,NSW,Australia,11
3290,80 Cordelia Street,4061,QLD,Australia,5
3291,80 Duke Terrace,2233,NSW,Australia,10
3292,80 Lakewood Street,2576,NSW,Australia,10
3293,80 Maple Avenue,2536,NSW,Australia,4
3294,80 Northland Place,4178,QLD,Australia,8
3295,80 Scofield Alley,3121,VIC,Australia,10
3296,80027 Ryan Terrace,3551,Victoria,Australia,3
3297,8003 Pepper Wood Way,3250,VIC,Australia,2
3298,8007 Dawn Terrace,2166,NSW,Australia,9
3299,80070 Mockingbird Center,2289,NSW,Australia,8
3300,801 Kings Parkway,2227,NSW,Australia,10
3301,801 Shasta Crossing,2539,NSW,Australia,8
3302,8012 American Parkway,2138,NSW,Australia,11
3303,802 Bashford Hill,3150,VIC,Australia,10
3304,80260 Morning Road,3178,VIC,Australia,9
3305,80269 Southridge Park,4014,QLD,Australia,6
3306,8029 Gulseth Center,2304,NSW,Australia,7
3307,80302 Stang Parkway,3677,VIC,Australia,1
3308,804 Shelley Junction,2567,NSW,Australia,7
3309,80424 Corben Alley,2136,NSW,Australia,10
3310,8044 Emmet Hill,3150,Victoria,Australia,9
3311,805 Division Plaza,4165,QLD,Australia,4
3312,807 Beilfuss Crossing,3030,VIC,Australia,7
3313,8078 Talisman Trail,4209,QLD,Australia,7
3314,808 Debra Center,3911,Victoria,Australia,10
3315,808 Starling Place,2173,NSW,Australia,9
3316,8080 Victoria Plaza,4217,QLD,Australia,11
3317,8088 Macpherson Hill,2323,NSW,Australia,5
3318,80932 5th Street,2754,NSW,Australia,8
3319,81 American Place,2259,NSW,Australia,6
3320,81 Artisan Park,2259,NSW,Australia,5
3321,81 Carpenter Terrace,3321,VIC,Australia,3
3322,81 Darwin Court,2210,NSW,Australia,10
3323,81 Forest Dale Center,3555,VIC,Australia,3
3324,81 Holy Cross Alley,2077,NSW,Australia,8
3325,81 Lien Drive,3216,VIC,Australia,3
3326,81 Monument Avenue,2126,NSW,Australia,12
3327,81 Pine View Avenue,4208,QLD,Australia,5
3328,81 Westerfield Point,2768,NSW,Australia,10
3329,8107 Coolidge Pass,2075,NSW,Australia,12
3330,8108 Clyde Gallagher Crossing,3756,VIC,Australia,4
3331,811 Tony Road,4220,QLD,Australia,9
3332,81114 7th Place,4869,QLD,Australia,4
3333,81167 Division Hill,2873,NSW,Australia,1
3334,81183 Maple Wood Plaza,4152,QLD,Australia,8
3335,81254 Buhler Trail,4740,QLD,Australia,2
3336,81310 Charing Cross Plaza,3805,Victoria,Australia,7
3337,8142 Tomscot Drive,4132,QLD,Australia,4
3338,8147 Dapin Hill,2280,NSW,Australia,8
3339,816 Gale Pass,2261,NSW,Australia,7
3340,816 Spohn Center,2036,NSW,Australia,10
3341,81609 Vernon Terrace,3934,VIC,Australia,8
3342,8179 Veith Pass,2577,NSW,Australia,7
3343,81848 Amoth Road,3282,Victoria,Australia,2
3344,81856 Express Lane,2299,NSW,Australia,6
3345,8188 Fuller Hill,3175,VIC,Australia,8
3346,819 Basil Plaza,4053,QLD,Australia,8
3347,8194 Lien Street,4032,QLD,Australia,7
3348,8194 Sachtjen Drive,3844,VIC,Australia,1
3349,81942 Scott Street,2066,NSW,Australia,10
3350,82 8th Alley,4210,QLD,Australia,9
3351,82 Dahle Crossing,3195,VIC,Australia,10
3352,82 Hanover Avenue,2101,NSW,Australia,10
3353,82 Lukken Lane,2190,NSW,Australia,10
3354,82 Mcbride Trail,3223,VIC,Australia,6
3355,82 Shasta Drive,4825,QLD,Australia,3
3356,82 Vermont Street,2021,NSW,Australia,12
3357,82 Warrior Hill,3174,VIC,Australia,8
3358,8200 Dapin Drive,4503,QLD,Australia,4
3359,82010 Lakewood Center,2770,NSW,Australia,6
3360,8207 Cascade Court,3810,VIC,Australia,5
3361,8208 Lotheville Street,3805,VIC,Australia,8
3362,8208 Parkside Point,2320,NSW,Australia,6
3363,8209 Tony Plaza,2810,NSW,Australia,1
3364,82206 Dennis Place,4124,QLD,Australia,8
3365,82237 Dapin Court,4570,QLD,Australia,4
3366,8234 Riverside Park,2481,NSW,Australia,9
3367,82391 Kensington Lane,3058,VIC,Australia,9
3368,8250 Johnson Point,4115,QLD,Australia,3
3369,82520 Mifflin Drive,2333,NSW,Australia,5
3370,8256 Annamark Court,3638,VIC,Australia,1
3371,82583 North Hill,2528,NSW,Australia,7
3372,82591 Fallview Hill,3021,VIC,Australia,8
3373,82598 Arkansas Hill,2088,NSW,Australia,12
3374,8276 Hudson Trail,2250,NSW,Australia,6
3375,8279 Golf View Center,3127,VIC,Australia,12
3376,828 Cascade Crossing,3196,VIC,Australia,9
3377,828 Schlimgen Circle,2450,NSW,Australia,5
3378,828 Waubesa Pass,2234,NSW,Australia,10
3379,829 Washington Crossing,3186,VIC,Australia,9
3380,8298 Texas Alley,2194,NSW,Australia,10
3381,83 American Ash Drive,2261,NSW,Australia,8
3382,83 Brickson Park Drive,3029,VIC,Australia,8
3383,83 Graceland Avenue,3977,VIC,Australia,3
3384,83 Graedel Court,4505,QLD,Australia,2
3385,83 Luster Drive,2848,NSW,Australia,1
3386,83 Ryan Hill,4551,QLD,Australia,8
3387,83 Sunfield Hill,3216,VIC,Australia,7
3388,83 Wayridge Circle,4152,QLD,Australia,9
3389,830 Summit Center,3075,Victoria,Australia,7
3390,8300 Vermont Center,3429,Victoria,Australia,6
3391,83007 Bartillon Lane,2830,NSW,Australia,4
3392,83012 Dapin Lane,4300,QLD,Australia,4
3393,8303 Mallard Center,2234,NSW,Australia,11
3394,8304 Derek Park,3130,Victoria,Australia,10
3395,8308 Linden Place,2570,NSW,Australia,9
3396,831 Daystar Circle,2038,NSW,Australia,12
3397,831 Hayes Park,4218,QLD,Australia,8
3398,831 Prairieview Trail,4405,QLD,Australia,1
3399,8312 Dunning Crossing,3101,VIC,Australia,8
3400,83148 Rowland Alley,2530,NSW,Australia,8
3401,8318 Continental Alley,3175,VIC,Australia,7
3402,832 Moulton Trail,2560,NSW,Australia,8
3403,833 Luster Way,4005,QLD,Australia,8
3404,833 Sherman Court,3810,VIC,Australia,6
3405,834 Pierstorff Lane,4228,QLD,Australia,10
3406,83441 Donald Pass,4565,QLD,Australia,7
3407,835 Thackeray Place,2261,NSW,Australia,6
3408,835 West Hill,2118,NSW,Australia,11
3409,8360 Washington Avenue,3124,VIC,Australia,12
3410,8369 Golf Court,2777,NSW,Australia,9
3411,837 Elmside Center,2761,NSW,Australia,8
3412,837 Evergreen Junction,2774,NSW,Australia,8
3413,83758 Kings Hill,2770,NSW,Australia,7
3414,838 Redwing Street,2428,NSW,Australia,8
3415,8385 Lien Drive,3192,Victoria,Australia,10
3416,8397 Holy Cross Parkway,2087,NSW,Australia,11
3417,83975 Rowland Place,2166,NSW,Australia,6
3418,84 Calypso Circle,3690,Victoria,Australia,5
3419,84 Florence Parkway,2516,New South Wales,Australia,8
3420,84 Lawn Way,2223,NSW,Australia,9
3421,84 Loomis Pass,2000,NSW,Australia,12
3422,84 Main Lane,3149,VIC,Australia,10
3423,84 Monument Terrace,4127,QLD,Australia,4
3424,84 Porter Alley,2153,NSW,Australia,10
3425,84 Southridge Lane,2799,NSW,Australia,2
3426,84 Stuart Lane,3146,VIC,Australia,11
3427,84 Westridge Hill,2061,NSW,Australia,10
3428,84019 Porter Trail,2871,NSW,Australia,3
3429,84041 Holy Cross Circle,2142,NSW,Australia,8
3430,841 Anderson Drive,3101,VIC,Australia,8
3431,842 Rutledge Parkway,2145,NSW,Australia,9
3432,842 Texas Crossing,4130,QLD,Australia,7
3433,8425 Jackson Terrace,2763,NSW,Australia,9
3434,8435 Arkansas Terrace,2340,NSW,Australia,4
3435,8439 Katie Crossing,3028,VIC,Australia,8
3436,845 Mendota Center,2148,NSW,Australia,8
3437,845 Talisman Pass,4210,QLD,Australia,7
3438,84504 Doe Crossing Road,2441,NSW,Australia,4
3439,8454 Pierstorff Way,2115,NSW,Australia,11
3440,84549 Jenifer Crossing,2570,NSW,Australia,8
3441,8458 Stang Parkway,2671,NSW,Australia,2
3442,846 Carberry Street,4218,QLD,Australia,11
3443,846 Clove Junction,4300,QLD,Australia,5
3444,8462 Emmet Trail,4878,QLD,Australia,4
3445,847 David Hill,4035,QLD,Australia,8
3446,84707 Harper Circle,3114,VIC,Australia,10
3447,84741 Scoville Terrace,3029,VIC,Australia,5
3448,84749 Holy Cross Terrace,2767,NSW,Australia,8
3449,8476 Village Green Park,2774,NSW,Australia,9
3450,848 Cascade Alley,4301,QLD,Australia,3
3451,848 Dawn Drive,4818,QLD,Australia,5
3452,8492 Autumn Leaf Center,3214,VIC,Australia,2
3453,8498 Hoepker Circle,3136,Victoria,Australia,8
3454,85 Carioca Drive,2154,NSW,Australia,11
3455,85 Cody Hill,2770,NSW,Australia,8
3456,85 Hudson Street,2505,NSW,Australia,8
3457,85 Kim Way,3140,VIC,Australia,9
3458,85 Laurel Trail,3809,VIC,Australia,6
3459,85 Magdeline Crossing,3149,VIC,Australia,9
3460,85 Northland Circle,2077,NSW,Australia,10
3461,85 Straubel Park,2147,NSW,Australia,9
3462,85 Trailsway Road,3175,VIC,Australia,9
3463,850 Manitowish Avenue,2148,NSW,Australia,8
3464,851 Meadow Valley Place,3205,VIC,Australia,10
3465,8530 Darwin Street,2880,NSW,Australia,1
3466,85301 John Wall Road,2101,NSW,Australia,11
3467,85476 Shasta Park,2065,NSW,Australia,12
3468,8548 Hanover Park,2067,NSW,Australia,11
3469,8551 Mayfield Court,3175,VIC,Australia,12
3470,85549 Sheridan Parkway,4170,QLD,Australia,8
3471,856 Basil Drive,3064,VIC,Australia,5
3472,8561 Alpine Center,2380,NSW,Australia,3
3473,85688 New Castle Crossing,4171,QLD,Australia,10
3474,8572 Melvin Drive,3145,VIC,Australia,11
3475,8578 Mifflin Pass,2170,NSW,Australia,5
3476,858 Independence Terrace,2121,NSW,Australia,10
3477,858 Swallow Parkway,2150,NSW,Australia,8
3478,8582 Morrow Pass,4165,QLD,Australia,7
3479,8587 Graceland Way,2206,NSW,Australia,10
3480,859 Harbort Alley,2099,NSW,Australia,11
3481,85931 Johnson Alley,3039,VIC,Australia,6
3482,8594 Warner Park,3053,VIC,Australia,6
3483,8595 Ruskin Plaza,3196,VIC,Australia,10
3484,85957 Basil Way,3029,VIC,Australia,7
3485,85958 Bartillon Way,3201,VIC,Australia,6
3486,8598 Nova Parkway,2758,NSW,Australia,9
3487,85999 Cherokee Street,2086,NSW,Australia,11
3488,86 Claremont Junction,2135,NSW,Australia,7
3489,86 Fairfield Alley,2558,NSW,Australia,8
3490,86 Hansons Parkway,2211,NSW,Australia,8
3491,86 Huxley Parkway,3068,Victoria,Australia,8
3492,86 Menomonie Plaza,2290,NSW,Australia,4
3493,86 Morningstar Junction,2031,NSW,Australia,12
3494,86 Stang Way,2213,NSW,Australia,10
3495,860 Banding Terrace,2029,NSW,Australia,11
3496,860 Hintze Lane,2154,NSW,Australia,11
3497,8601 Cardinal Court,4505,QLD,Australia,8
3498,8611 Loomis Lane,2155,New South Wales,Australia,10
3499,8612 Kennedy Alley,3149,VIC,Australia,10
3500,862 Ilene Circle,2206,NSW,Australia,11
3501,863 Crescent Oaks Hill,4215,QLD,Australia,1
3502,8635 Cody Crossing,2337,NSW,Australia,6
3503,864 Scoville Plaza,3029,VIC,Australia,5
3504,8640 Village Junction,2066,NSW,Australia,12
3505,8642 Forest Run Avenue,2026,NSW,Australia,9
3506,86445 Bonner Junction,4660,QLD,Australia,3
3507,8647 La Follette Court,2067,NSW,Australia,9
3508,8651 Graceland Way,2830,NSW,Australia,1
3509,8658 Maple Wood Plaza,3020,VIC,Australia,7
3510,866 Canary Drive,2750,NSW,Australia,8
3511,866 Rockefeller Junction,2171,NSW,Australia,9
3512,86603 Dexter Road,2164,NSW,Australia,9
3513,86686 Novick Center,3147,VIC,Australia,11
3514,867 Grim Terrace,3754,VIC,Australia,6
3515,8670 Pine View Street,3070,Victoria,Australia,11
3516,8681 Dennis Pass,3215,VIC,Australia,3
3517,86857 Hoepker Lane,4300,QLD,Australia,8
3518,869 Forster Circle,2112,New South Wales,Australia,10
3519,86906 Hauk Trail,4163,QLD,Australia,8
3520,87 Crescent Oaks Alley,2756,NSW,Australia,10
3521,87 Elka Terrace,2034,NSW,Australia,12
3522,87 Linden Park,2153,NSW,Australia,10
3523,87 Reinke Drive,4211,QLD,Australia,6
3524,87 Stone Corner Park,3141,Victoria,Australia,7
3525,87 Twin Pines Plaza,3976,VIC,Australia,5
3526,870 Bluestem Hill,2745,NSW,Australia,8
3527,87038 Sauthoff Road,2761,NSW,Australia,7
3528,87140 Mandrake Lane,3124,VIC,Australia,8
3529,8717 Mandrake Place,4214,QLD,Australia,8
3530,8718 Warner Avenue,2148,NSW,Australia,8
3531,8722 Summit Alley,2065,New South Wales,Australia,12
3532,8728 Express Way,2340,NSW,Australia,7
3533,873 Ludington Plaza,2204,NSW,Australia,10
3534,8739 Service Park,2250,NSW,Australia,8
3535,8749 Menomonie Point,2122,NSW,Australia,11
3536,8750 Corben Trail,2089,NSW,Australia,11
3537,8750 Lakewood Gardens Park,2760,NSW,Australia,7
3538,876 Ridgeview Circle,2566,NSW,Australia,8
3539,8766 Onsgard Plaza,3805,VIC,Australia,8
3540,877 Corben Center,2500,NSW,Australia,7
3541,87705 Hovde Center,4870,QLD,Australia,5
3542,87746 Bellgrove Park,2211,NSW,Australia,10
3543,878 Cody Point,2155,NSW,Australia,10
3544,8788 Armistice Trail,3806,VIC,Australia,8
3545,87897 Lighthouse Bay Pass,3747,VIC,Australia,4
3546,879 Coolidge Point,2324,NSW,Australia,5
3547,88 Bay Drive,4305,QLD,Australia,3
3548,88 Bunting Hill,3978,VIC,Australia,6
3549,88 Comanche Point,2486,NSW,Australia,7
3550,88 Ilene Crossing,2049,NSW,Australia,11
3551,88 La Follette Way,2166,NSW,Australia,8
3552,88 Michigan Junction,3109,VIC,Australia,10
3553,88 Morningstar Pass,3161,VIC,Australia,10
3554,88 Rutledge Crossing,4215,QLD,Australia,7
3555,88 Service Hill,4573,QLD,Australia,8
3556,8802 Fisk Street,2234,NSW,Australia,10
3557,88022 South Road,4511,QLD,Australia,5
3558,88039 Melody Lane,3088,VIC,Australia,9
3559,881 Debs Center,4051,QLD,Australia,8
3560,88175 Center Road,2283,NSW,Australia,4
3561,882 Merry Trail,4701,QLD,Australia,4
3562,882 Mitchell Place,4151,QLD,Australia,4
3563,8828 North Crossing,3226,VIC,Australia,8
3564,883 Almo Terrace,3977,VIC,Australia,6
3565,88389 Schiller Drive,3029,VIC,Australia,7
3566,884 Packers Junction,2034,NSW,Australia,10
3567,884 Shoshone Lane,4670,QLD,Australia,3
3568,884 Surrey Pass,3912,VIC,Australia,7
3569,885 Larry Park,3140,VIC,Australia,9
3570,88537 Erie Court,4211,QLD,Australia,7
3571,88540 Scoville Plaza,3195,VIC,Australia,9
3572,88545 Milwaukee Center,3022,VIC,Australia,8
3573,88551 Hollow Ridge Pass,3500,VIC,Australia,2
3574,886 Rusk Pass,2321,NSW,Australia,4
3575,8863 Maywood Court,2101,NSW,Australia,11
3576,8872 Bunker Hill Crossing,2196,NSW,Australia,9
3577,888 Warrior Avenue,2170,NSW,Australia,8
3578,8882 Valley Edge Junction,2145,NSW,Australia,8
3579,889 Straubel Way,4055,QLD,Australia,6
3580,889 Sundown Trail,2162,NSW,Australia,9
3581,8890 Golden Leaf Street,2063,NSW,Australia,12
3582,88979 Hazelcrest Way,3555,VIC,Australia,3
3583,88987 Dexter Park,2806,NSW,Australia,1
3584,89 Anhalt Park,2106,NSW,Australia,11
3585,89 Bartillon Plaza,2753,NSW,Australia,10
3586,89 Cherokee Road,4211,QLD,Australia,8
3587,89 Dapin Terrace,3121,VIC,Australia,10
3588,89 Delaware Crossing,3754,VIC,Australia,6
3589,89 Monument Place,4720,QLD,Australia,1
3590,89 Oak Hill,2508,NSW,Australia,10
3591,89 Pawling Court,4020,QLD,Australia,7
3592,891 Anderson Parkway,2009,NSW,Australia,10
3593,891 Mendota Junction,4127,QLD,Australia,2
3594,8925 Ryan Trail,2073,NSW,Australia,11
3595,893 Petterle Trail,4551,QLD,Australia,10
3596,89314 Eagle Crest Center,4670,QLD,Australia,2
3597,8934 Havey Plaza,2548,NSW,Australia,8
3598,8934 Park Meadow Street,2756,NSW,Australia,8
3599,894 Duke Crossing,2665,NSW,Australia,1
3600,894 Maple Wood Drive,2251,NSW,Australia,10
3601,8941 Harbort Point,2148,NSW,Australia,9
3602,8943 Knutson Point,4154,QLD,Australia,9
3603,896 Helena Parkway,4551,QLD,Australia,7
3604,89684 Coolidge Hill,2630,NSW,Australia,1
3605,897 Forest Dale Terrace,4035,QLD,Australia,8
3606,89787 Village Green Terrace,4280,QLD,Australia,6
3607,89972 Graedel Point,2176,NSW,Australia,9
3608,8999 Elmside Pass,2749,NSW,Australia,9
3609,9 7th Pass,2760,NSW,Australia,9
3610,9 7th Terrace,2155,NSW,Australia,10
3611,9 Almo Alley,3224,VIC,Australia,5
3612,9 American Ash Plaza,2015,NSW,Australia,9
3613,9 Autumn Leaf Court,2731,NSW,Australia,4
3614,9 Barnett Street,4179,QLD,Australia,10
3615,9 Bayside Hill,4123,QLD,Australia,6
3616,9 Beilfuss Crossing,2705,NSW,Australia,3
3617,9 Blaine Place,3756,VIC,Australia,4
3618,9 Bonner Road,2070,New South Wales,Australia,12
3619,9 Brown Pass,3196,VIC,Australia,9
3620,9 Buell Park,4116,QLD,Australia,7
3621,9 Butterfield Lane,4077,QLD,Australia,5
3622,9 Caliangt Park,2087,NSW,Australia,11
3623,9 Cambridge Junction,2315,NSW,Australia,7
3624,9 Cascade Junction,2016,NSW,Australia,12
3625,9 Clyde Gallagher Junction,2065,NSW,Australia,11
3626,9 Clyde Gallagher Plaza,3021,VIC,Australia,7
3627,9 Colorado Trail,3799,VIC,Australia,3
3628,9 Columbus Pass,2327,NSW,Australia,3
3629,9 Dahle Place,2763,NSW,Australia,9
3630,9 Dawn Court,4128,QLD,Australia,2
3631,9 Dayton Alley,3757,VIC,Australia,7
3632,9 Debs Trail,4500,QLD,Australia,4
3633,9 Declaration Crossing,3133,VIC,Australia,10
3634,9 Dixon Crossing,3793,VIC,Australia,7
3635,9 Donald Junction,2046,NSW,Australia,12
3636,9 Dryden Crossing,4118,QLD,Australia,3
3637,9 Duke Alley,4557,QLD,Australia,7
3638,9 Dwight Drive,2710,NSW,Australia,1
3639,9 Eastlawn Court,2155,NSW,Australia,10
3640,9 Emmet Hill,2042,NSW,Australia,10
3641,9 Fisk Point,3350,VIC,Australia,4
3642,9 Forest Circle,2324,NSW,Australia,3
3643,9 Goodland Center,4213,QLD,Australia,9
3644,9 Grover Point,4218,QLD,Australia,10
3645,9 Hallows Circle,2113,NSW,Australia,11
3646,9 Hauk Alley,3915,VIC,Australia,4
3647,9 Hollow Ridge Circle,2500,NSW,Australia,8
3648,9 Hooker Street,2770,NSW,Australia,7
3649,9 Huxley Circle,3191,VIC,Australia,11
3650,9 Huxley Hill,4503,QLD,Australia,6
3651,9 Jenifer Avenue,2480,NSW,Australia,4
3652,9 John Wall Parkway,2323,NSW,Australia,6
3653,9 Killdeer Avenue,4227,QLD,Australia,7
3654,9 Lake View Avenue,3178,VIC,Australia,9
3655,9 Logan Court,2570,NSW,Australia,9
3656,9 Logan Drive,3620,VIC,Australia,2
3657,9 Lukken Parkway,2065,NSW,Australia,10
3658,9 Macpherson Avenue,2527,NSW,Australia,8
3659,9 Mayfield Road,4551,QLD,Australia,7
3660,9 Maywood Point,4304,QLD,Australia,3
3661,9 Mcbride Trail,2760,New South Wales,Australia,8
3662,9 Melby Park,2197,NSW,Australia,10
3663,9 Melvin Drive,2144,NSW,Australia,7
3664,9 Merrick Plaza,3138,VIC,Australia,8
3665,9 Michigan Terrace,2145,New South Wales,Australia,8
3666,9 Monterey Point,4221,QLD,Australia,10
3667,9 Nevada Pass,4007,QLD,Australia,12
3668,9 Northfield Circle,2121,NSW,Australia,12
3669,9 Northridge Lane,2340,NSW,Australia,3
3670,9 Northwestern Pass,4879,QLD,Australia,6
3671,9 Oak Park,4205,QLD,Australia,4
3672,9 Oakridge Court,3216,VIC,Australia,9
3673,9 Old Shore Street,4509,QLD,Australia,7
3674,9 Onsgard Court,3170,VIC,Australia,9
3675,9 Pearson Plaza,3177,VIC,Australia,7
3676,9 Pond Avenue,2767,NSW,Australia,9
3677,9 Porter Pass,4077,QLD,Australia,6
3678,9 Rieder Avenue,2798,NSW,Australia,6
3679,9 Ronald Regan Center,3094,VIC,Australia,9
3680,9 Roth Park,4104,QLD,Australia,7
3681,9 Rowland Road,2133,NSW,Australia,10
3682,9 Schmedeman Hill,4075,QLD,Australia,7
3683,9 Shelley Center,2170,NSW,Australia,7
3684,9 Spaight Place,2102,NSW,Australia,9
3685,9 Springview Terrace,3121,VIC,Australia,10
3686,9 Steensland Center,3103,VIC,Australia,12
3687,9 Sugar Junction,4053,QLD,Australia,7
3688,9 Superior Plaza,3185,VIC,Australia,11
3689,9 Superior Terrace,2199,NSW,Australia,9
3690,9 Swallow Avenue,3179,VIC,Australia,9
3691,9 Swallow Way,4115,QLD,Australia,7
3692,9 Sycamore Pass,2287,NSW,Australia,5
3693,9 Tennyson Center,2198,NSW,Australia,9
3694,9 Trailsway Court,2262,NSW,Australia,9
3695,9 Utah Road,4179,QLD,Australia,8
3696,9 Washington Drive,3079,VIC,Australia,9
3697,9 Waxwing Pass,2008,NSW,Australia,11
3698,9 West Crossing,2446,NSW,Australia,7
3699,9 Westridge Road,3178,Victoria,Australia,9
3700,90 2nd Lane,2768,NSW,Australia,10
3701,90 Darwin Crossing,2767,NSW,Australia,8
3702,90 East Way,2145,NSW,Australia,8
3703,90 Lawn Parkway,4805,QLD,Australia,4
3704,90 Loftsgordon Plaza,2216,NSW,Australia,10
3705,90 New Castle Trail,2137,NSW,Australia,9
3706,90 Nobel Way,3166,VIC,Australia,10
3707,90 Westerfield Street,2880,NSW,Australia,1
3708,900 Straubel Hill,2176,NSW,Australia,10
3709,9004 Wayridge Drive,2799,NSW,Australia,4
3710,90128 Caliangt Place,2484,NSW,Australia,4
3711,90173 Oneill Place,3071,VIC,Australia,10
3712,9020 Anhalt Park,2528,NSW,Australia,7
3713,903 Sauthoff Plaza,2565,NSW,Australia,8
3714,90323 Pine View Hill,2148,NSW,Australia,8
3715,90351 Duke Junction,4820,QLD,Australia,1
3716,9037 Norway Maple Junction,2087,NSW,Australia,11
3717,904 Doe Crossing Terrace,2194,NSW,Australia,7
3718,904 Mandrake Parkway,2820,NSW,Australia,1
3719,9045 Kings Avenue,4153,QLD,Australia,11
3720,906 Pawling Place,4352,QLD,Australia,6
3721,906 Toban Lane,2093,NSW,Australia,10
3722,90609 Charing Cross Lane,2250,NSW,Australia,7
3723,90761 Shasta Pass,3936,VIC,Australia,7
3724,90880 Donald Lane,2519,NSW,Australia,9
3725,909 Browning Crossing,3013,Victoria,Australia,10
3726,90969 Talmadge Place,3199,VIC,Australia,7
3727,9097 Superior Drive,2114,NSW,Australia,8
3728,90974 Chinook Parkway,2564,NSW,Australia,8
3729,91 Charing Cross Way,2100,NSW,Australia,11
3730,91 Dennis Plaza,4127,QLD,Australia,6
3731,91 Eagle Crest Circle,2567,NSW,Australia,9
3732,91 Ilene Parkway,3630,VIC,Australia,1
3733,91 Jay Drive,2560,NSW,Australia,7
3734,91 Messerschmidt Trail,3162,VIC,Australia,11
3735,91 Mosinee Point,2166,NSW,Australia,5
3736,91 Norway Maple Hill,2065,NSW,Australia,11
3737,91 Porter Pass,3064,VIC,Australia,7
3738,91 Roth Pass,2565,NSW,Australia,6
3739,91 Spohn Plaza,4573,QLD,Australia,7
3740,910 Becker Pass,2526,NSW,Australia,8
3741,91051 Cordelia Circle,3030,VIC,Australia,7
3742,9106 Thompson Hill,2032,NSW,Australia,8
3743,91079 Lukken Way,3338,VIC,Australia,5
3744,91116 Riverside Plaza,2114,NSW,Australia,8
3745,9114 Union Center,2209,NSW,Australia,7
3746,91141 Huxley Parkway,2040,NSW,Australia,10
3747,9115 Mockingbird Crossing,2145,NSW,Australia,6
3748,91193 Petterle Road,2035,NSW,Australia,11
3749,9120 Corry Avenue,4208,QLD,Australia,7
3750,91215 Doe Crossing Avenue,3805,VIC,Australia,7
3751,9129 Gale Court,4226,QLD,Australia,8
3752,913 Londonderry Trail,2567,NSW,Australia,8
3753,91336 Spenser Street,4560,QLD,Australia,6
3754,91433 Hollow Ridge Crossing,2210,NSW,Australia,10
3755,91457 Anderson Avenue,3124,VIC,Australia,12
3756,915 Thackeray Junction,2204,NSW,Australia,11
3757,9161 Hoepker Street,4740,QLD,Australia,5
3758,9161 Macpherson Terrace,4680,QLD,Australia,2
3759,91655 Rowland Point,4123,QLD,Australia,8
3760,9168 Thackeray Place,2026,NSW,Australia,12
3761,91749 Portage Park,2528,NSW,Australia,8
3762,9175 Ryan Street,2088,NSW,Australia,12
3763,9175 Stephen Drive,4035,QLD,Australia,8
3764,9179 Esker Park,2155,NSW,Australia,10
3765,9179 Sunfield Terrace,4510,QLD,Australia,2
3766,91933 Artisan Avenue,2753,NSW,Australia,9
3767,91973 Boyd Street,2287,NSW,Australia,7
3768,92 Bunker Hill Trail,2558,NSW,Australia,7
3769,92 Lyons Place,2752,NSW,Australia,9
3770,92 Mallard Court,3125,VIC,Australia,10
3771,92 Melvin Hill,2147,NSW,Australia,9
3772,92 Northridge Park,2450,NSW,Australia,4
3773,92 Schlimgen Hill,3023,VIC,Australia,8
3774,92 Waubesa Center,2760,NSW,Australia,8
3775,920 Manley Crossing,4226,QLD,Australia,8
3776,9200 Continental Center,3165,VIC,Australia,10
3777,92045 Magdeline Street,2101,NSW,Australia,11
3778,921 Reinke Road,2529,NSW,Australia,7
3779,9217 Bashford Parkway,2023,NSW,Australia,10
3780,922 Mccormick Circle,4509,QLD,Australia,6
3781,92253 Kensington Drive,2209,NSW,Australia,7
3782,9229 Division Park,2205,NSW,Australia,8
3783,923 Westerfield Junction,2065,NSW,Australia,10
3784,92344 Oakridge Drive,4873,QLD,Australia,4
3785,9235 Walton Park,2095,NSW,Australia,11
3786,9240 Green Avenue,3810,VIC,Australia,5
3787,92427 Norway Maple Street,3000,VIC,Australia,6
3788,9248 Ludington Circle,2714,NSW,Australia,1
3789,9248 Sugar Terrace,2530,NSW,Australia,9
3790,9254 Straubel Street,3034,VIC,Australia,9
3791,92610 Sutherland Place,3140,VIC,Australia,8
3792,928 Laurel Circle,4868,QLD,Australia,4
3793,92808 Mallard Terrace,3215,VIC,Australia,4
3794,9284 Randy Alley,2217,NSW,Australia,9
3795,92867 Lukken Lane,3142,VIC,Australia,9
3796,9292 Mcguire Plaza,2073,NSW,Australia,12
3797,93 American Ash Avenue,2747,NSW,Australia,8
3798,93 Corben Crossing,4506,QLD,Australia,4
3799,93 Iowa Junction,2116,NSW,Australia,9
3800,93 Jana Junction,2213,NSW,Australia,10
3801,93 Lakeland Court,3810,VIC,Australia,6
3802,93 Lawn Park,3152,VIC,Australia,9
3803,93 Lawn Road,4212,QLD,Australia,7
3804,93 Shasta Avenue,4171,QLD,Australia,10
3805,93 Vera Parkway,4216,QLD,Australia,5
3806,93 Westend Terrace,2116,NSW,Australia,10
3807,9304 Birchwood Junction,2070,NSW,Australia,12
3808,93098 Loftsgordon Pass,4179,QLD,Australia,4
3809,931 Rigney Terrace,3015,VIC,Australia,10
3810,93124 Monterey Plaza,3000,VIC,Australia,7
3811,9317 Mendota Parkway,3064,VIC,Australia,8
3812,934 Dwight Park,2280,NSW,Australia,7
3813,93405 Ludington Park,3044,VIC,Australia,8
3814,93446 Eagle Crest Plaza,2229,NSW,Australia,10
3815,9346 Sunfield Plaza,2671,NSW,Australia,1
3816,93482 Jenifer Alley,2439,NSW,Australia,10
3817,9357 Dennis Park,2010,NSW,Australia,11
3818,93583 Moland Way,2066,NSW,Australia,12
3819,9362 Grim Plaza,4702,QLD,Australia,1
3820,9366 Judy Alley,4171,QLD,Australia,9
3821,937 Sloan Center,4118,QLD,Australia,6
3822,93723 Old Gate Hill,2021,NSW,Australia,9
3823,938 Monica Park,3173,VIC,Australia,9
3824,938 Nova Junction,3623,VIC,Australia,1
3825,939 Coleman Pass,4509,QLD,Australia,7
3826,939 Hermina Drive,3198,VIC,Australia,8
3827,9398 Declaration Circle,2021,NSW,Australia,7
3828,94 Anhalt Way,3139,VIC,Australia,7
3829,94 Marquette Way,2010,NSW,Australia,11
3830,94 Sheridan Parkway,3136,VIC,Australia,9
3831,94 Twin Pines Trail,2567,NSW,Australia,8
3832,94 Vernon Parkway,2762,NSW,Australia,9
3833,94079 Eggendart Point,2745,NSW,Australia,9
3834,941 La Follette Hill,2263,NSW,Australia,10
3835,94181 South Park,3264,VIC,Australia,1
3836,9419 Homewood Way,2160,NSW,Australia,9
3837,942 Elmside Street,2763,NSW,Australia,8
3838,94219 Buell Circle,2020,NSW,Australia,9
3839,9427 Tennyson Plaza,2759,NSW,Australia,8
3840,944 Becker Road,3162,VIC,Australia,11
3841,9446 Holmberg Court,2133,NSW,Australia,11
3842,945 Hayes Park,2075,NSW,Australia,12
3843,94543 Northwestern Court,4715,QLD,Australia,6
3844,94554 Derek Trail,2009,NSW,Australia,10
3845,9457 Arizona Plaza,2642,NSW,Australia,2
3846,9460 Laurel Crossing,4032,QLD,Australia,7
3847,9461 Saint Paul Trail,2428,NSW,Australia,2
3848,94611 Cascade Parkway,2763,NSW,Australia,8
3849,9468 Vidon Way,3029,VIC,Australia,7
3850,9479 Tony Junction,2830,NSW,Australia,7
3851,94850 Moland Street,3072,VIC,Australia,9
3852,949 Marquette Avenue,3028,VIC,Australia,7
3853,9491 Green Ridge Terrace,2100,NSW,Australia,10
3854,9499 Alpine Drive,3175,VIC,Australia,8
3855,95 Almo Junction,2173,NSW,Australia,9
3856,95 Butterfield Circle,3352,VIC,Australia,4
3857,95 Delladonna Plaza,2283,NSW,Australia,4
3858,95 East Road,2093,NSW,Australia,9
3859,95 Eliot Street,4514,QLD,Australia,3
3860,95 Fallview Avenue,3155,Victoria,Australia,8
3861,95 Forest Run Drive,4152,QLD,Australia,8
3862,95 Meadow Valley Plaza,2203,NSW,Australia,9
3863,95 Old Gate Junction,2760,NSW,Australia,8
3864,95 Riverside Way,2640,NSW,Australia,1
3865,95 Sutteridge Crossing,2567,NSW,Australia,9
3866,950 Algoma Circle,3108,VIC,Australia,9
3867,9501 Melby Avenue,4178,QLD,Australia,7
3868,95022 Roth Terrace,3975,Victoria,Australia,7
3869,9503 Aberg Drive,3021,VIC,Australia,7
3870,952 Fairview Hill,3155,VIC,Australia,8
3871,9521 Old Shore Trail,2769,NSW,Australia,10
3872,95228 Forster Road,3085,VIC,Australia,9
3873,9525 Johnson Place,3190,VIC,Australia,8
3874,9527 Ridgeway Street,2073,New South Wales,Australia,10
3875,95294 Karstens Park,2155,NSW,Australia,9
3876,953 Del Sol Point,3630,VIC,Australia,4
3877,953 Eliot Crossing,2166,NSW,Australia,9
3878,954 Reinke Park,3101,VIC,Australia,12
3879,95465 Union Plaza,4055,QLD,Australia,7
3880,95483 Washington Junction,2505,NSW,Australia,9
3881,95530 Hallows Circle,4110,QLD,Australia,5
3882,9554 Artisan Pass,2150,New South Wales,Australia,10
3883,956 Mccormick Place,4127,QLD,Australia,2
3884,957 Veith Junction,2047,New South Wales,Australia,10
3885,9570 Sundown Trail,4073,QLD,Australia,8
3886,9574 David Lane,3218,VIC,Australia,8
3887,9582 Fremont Center,2032,NSW,Australia,11
3888,9585 Lakeland Avenue,2147,NSW,Australia,8
3889,9594 Brown Junction,4509,QLD,Australia,7
3890,96 Dayton Park,2190,NSW,Australia,9
3891,96 Delladonna Trail,3976,VIC,Australia,5
3892,96 Hermina Terrace,3024,VIC,Australia,5
3893,96 Hintze Point,2147,NSW,Australia,8
3894,96 Pepper Wood Drive,2567,NSW,Australia,10
3895,96 Sundown Point,4220,QLD,Australia,9
3896,96 Texas Plaza,3218,VIC,Australia,7
3897,96061 Ludington Place,2086,New South Wales,Australia,11
3898,96073 Erie Place,2763,NSW,Australia,9
3899,9610 Gateway Trail,3429,VIC,Australia,5
3900,9618 Havey Place,2710,NSW,Australia,1
3901,9623 Fisk Plaza,2164,NSW,Australia,8
3902,9632 Katie Avenue,4161,QLD,Australia,7
3903,9649 Cascade Way,2250,NSW,Australia,8
3904,966 Emmet Trail,3015,VIC,Australia,10
3905,967 Farmco Road,2880,NSW,Australia,1
3906,9670 4th Point,2065,NSW,Australia,10
3907,9674 Graceland Junction,3201,VIC,Australia,6
3908,9677 Hagan Lane,3212,VIC,Australia,3
3909,96899 Hermina Circle,2062,NSW,Australia,9
3910,969 Sycamore Point,2304,NSW,Australia,7
3911,96910 Sugar Point,4352,QLD,Australia,7
3912,9695 Northland Pass,2450,NSW,Australia,7
3913,97 Aberg Pass,4720,QLD,Australia,1
3914,97 Coolidge Trail,2142,New South Wales,Australia,9
3915,97 Karstens Place,4226,QLD,Australia,7
3916,97 Randy Junction,2040,NSW,Australia,12
3917,97 Sunnyside Junction,3977,VIC,Australia,7
3918,97 Waxwing Terrace,4217,QLD,Australia,10
3919,970 Randy Crossing,4005,QLD,Australia,12
3920,970 Sundown Place,3222,VIC,Australia,5
3921,9717 Main Parkway,3052,VIC,Australia,8
3922,9719 Bobwhite Avenue,2289,NSW,Australia,7
3923,972 Lake View Terrace,3977,VIC,Australia,7
3924,973 Menomonie Hill,3337,VIC,Australia,4
3925,9732 Swallow Way,2750,NSW,Australia,8
3926,9737 Vernon Junction,3152,VIC,Australia,9
3927,9738 Delaware Crossing,2753,NSW,Australia,9
3928,974 Fisk Alley,3977,VIC,Australia,4
3929,97455 Loeprich Lane,2153,New South Wales,Australia,9
3930,97461 Drewry Trail,3072,VIC,Australia,10
3931,975 Annamark Hill,4034,QLD,Australia,6
3932,975 Melby Street,2564,NSW,Australia,8
3933,9754 High Crossing Terrace,2148,NSW,Australia,8
3934,977 Arapahoe Trail,4121,QLD,Australia,8
3935,97736 7th Trail,2023,New South Wales,Australia,12
3936,978 Dennis Way,2233,NSW,Australia,9
3937,978 Valley Edge Park,2777,NSW,Australia,9
3938,979 Victoria Junction,3156,VIC,Australia,8
3939,97910 Leroy Junction,2073,NSW,Australia,12
3940,9796 Pearson Hill,2223,NSW,Australia,4
3941,98 Esker Junction,2192,NSW,Australia,10
3942,98 Grover Street,3048,VIC,Australia,5
3943,98 Mesta Street,2038,NSW,Australia,11
3944,98 Schiller Junction,2747,NSW,Australia,9
3945,98 Scott Parkway,2096,NSW,Australia,10
3946,98 Service Court,2018,NSW,Australia,8
3947,98 Sutteridge Point,3131,VIC,Australia,10
3948,98 Tomscot Center,3442,VIC,Australia,7
3949,98 Transport Plaza,2470,NSW,Australia,2
3950,98 Westerfield Trail,3127,VIC,Australia,11
3951,981 Kinsman Crossing,2880,NSW,Australia,1
3952,981 West Way,3133,VIC,Australia,10
3953,9816 Carberry Trail,2036,NSW,Australia,11
3954,98202 Holmberg Way,3149,VIC,Australia,10
3955,9821 Fair Oaks Trail,4306,QLD,Australia,1
3956,983 2nd Road,2560,NSW,Australia,8
3957,9837 Granby Alley,2445,NSW,Australia,7
3958,984 Hoepker Court,3064,VIC,Australia,6
3959,984 Waubesa Pass,4034,QLD,Australia,6
3960,986 Hollow Ridge Crossing,3821,VIC,Australia,7
3961,9861 New Castle Avenue,2428,New South Wales,Australia,9
3962,987 Victoria Trail,4006,QLD,Australia,8
3963,9870 Brickson Park Trail,2216,NSW,Australia,8
3964,98791 Johnson Way,4053,QLD,Australia,7
3965,989 Waubesa Circle,3149,VIC,Australia,11
3966,9890 Macpherson Drive,2224,NSW,Australia,10
3967,9892 Dennis Alley,2565,NSW,Australia,7
3968,98978 Nevada Circle,3020,VIC,Australia,8
3969,99 Alpine Lane,3064,VIC,Australia,7
3970,99 Blackbird Court,2203,NSW,Australia,11
3971,99 Cascade Crossing,2048,NSW,Australia,12
3972,99 Eastlawn Way,2360,NSW,Australia,1
3973,99 Elka Street,4350,QLD,Australia,4
3974,99 Homewood Place,4213,QLD,Australia,8
3975,99 Lawn Court,4556,QLD,Australia,7
3976,99 Linden Trail,3195,VIC,Australia,8
3977,99 Wayridge Place,2263,NSW,Australia,8
3978,990 Kensington Park,3796,VIC,Australia,8
3979,99000 Petterle Drive,2062,NSW,Australia,9
3980,9904 Oakridge Parkway,4370,QLD,Australia,3
3981,9907 Morningstar Pass,2147,NSW,Australia,9
3982,9912 Eagle Crest Lane,4800,QLD,Australia,7
3983,99142 Eastwood Way,4870,QLD,Australia,6
3984,992 Old Shore Trail,2069,NSW,Australia,12
3985,99216 Oakridge Hill,3124,VIC,Australia,12
3986,9932 Atwood Center,2011,NSW,Australia,10
3987,99476 Mitchell Street,2508,NSW,Australia,10
3988,99488 Mccormick Terrace,2207,NSW,Australia,11
3989,9953 Kim Lane,2330,NSW,Australia,4
3990,99565 Warrior Alley,4510,QLD,Australia,3
3991,996 Morning Parkway,2119,NSW,Australia,11
3992,99739 Coolidge Crossing,2760,NSW,Australia,7
3993,99826 Steensland Avenue,2162,NSW,Australia,5
3994,9984 Pankratz Road,2145,NSW,Australia,10
3995,99841 Talisman Street,4224,QLD,Australia,3
3996,9985 Barnett Circle,3940,VIC,Australia,7
3997,9987 Stuart Alley,2766,NSW,Australia,8
3998,9989 Toban Way,4301,QLD,Australia,3
3999,999 Huxley Hill,2190,NSW,Australia,10
4000,9993 Mccormick Street,2223,NSW,Australia,8
