customer_id,first_name,last_name,gender,DOB,profession_id,job_title,job_industry_category,wealth_segment,deceased_indicator,owns_car,address_id,address,postcode,state,country,property_valuation
2021,Ulrica,Abelwhite,U,,160,Software Test Engineer I,IT,High Net Worth,N,Yes,1,0 3rd Road,4060,QLD,Australia,9
1212,Cindy,Freeborn,Female,1968-10-24,98,Legal Assistant,Property,Affluent Customer,N,No,2,0 American Ash Parkway,3175,VIC,Australia,7
3860,Sheila-kathryn,Conklin,Female,1986-04-05,102,Mechanical Systems Engineer,n/a,Affluent Customer,N,Yes,3,0 Arapahoe Court,4305,QLD,Australia,3
188,Audry,Seine,Female,1975-06-22,143,Safety Technician II,Property,High Net Worth,N,Yes,4,0 Bay Center,3196,VIC,Australia,6
2248,Helsa,Grandisson,Female,1996-05-23,156,Software Engineer I,Manufacturing,Mass Customer,N,No,5,0 Blaine Point,3183,VIC,Australia,7
374,Valdemar,MacCoughen,Male,1992-01-22,151,Senior Financial Analyst,Financial Services,Mass Customer,N,Yes,6,0 Brown Trail,2203,NSW,Australia,9
2334,Zebulen,Hefford,Male,1996-03-16,75,Food Chemist,Health,Affluent Customer,N,No,7,0 Butterfield Junction,2340,NSW,Australia,5
2896,Chryste,Deaville,Female,1970-03-25,73,Financial Advisor,Financial Services,Mass Customer,N,Yes,8,0 Caliangt Pass,2530,NSW,Australia,7
1467,Alysia,Cantrill,Female,1975-12-16,197,,Manufacturing,Mass Customer,N,Yes,9,0 Canary Parkway,2506,NSW,Australia,9
689,Hamnet,Berford,Male,1966-05-19,149,Senior Developer,Entertainment,High Net Worth,N,Yes,10,0 Carey Drive,4110,QLD,Australia,4
321,Christean,Finnes,Female,1973-09-15,101,Marketing Manager,n/a,Mass Customer,N,No,11,0 Coolidge Avenue,4122,QLD,Australia,8
1891,Neville,Bloyes,Male,1990-03-02,101,Marketing Manager,Retail,Mass Customer,N,Yes,12,0 Corben Court,3121,VIC,Australia,11
3905,Leodora,Cowill,Female,1967-10-22,120,Product Engineer,Argiculture,High Net Worth,N,No,13,0 Darwin Junction,2747,NSW,Australia,9
108,Kayle,Mingaud,Female,1994-03-14,197,,n/a,High Net Worth,N,No,14,0 David Terrace,3204,VIC,Australia,11
2769,Trevor,Itschakov,Male,1978-09-10,120,Product Engineer,Manufacturing,Affluent Customer,N,Yes,15,0 Debs Lane,3204,VIC,Australia,7
3724,Griffith,Minor,Male,1976-03-23,197,,IT,Affluent Customer,N,No,16,0 Declaration Center,2250,NSW,Australia,10
2157,Alidia,Petyankin,Female,1978-01-30,44,Community Outreach Specialist,Property,Mass Customer,N,No,17,0 Delladonna Parkway,3189,VIC,Australia,10
2552,Allard,Skipton,Male,1973-11-02,197,,Manufacturing,Affluent Customer,N,Yes,18,0 Dunning Plaza,2462,NSW,Australia,2
2618,Jay,Prue,Male,1977-12-14,19,Administrative Assistant IV,n/a,Mass Customer,N,No,19,0 Erie Lane,4405,QLD,Australia,1
1214,Martino,Shalcros,Male,1989-05-01,96,Internal Auditor,Property,High Net Worth,N,No,20,0 Evergreen Road,3037,VIC,Australia,7
1087,Lian,Madrell,Female,1979-09-18,74,Financial Analyst,Financial Services,Mass Customer,N,Yes,21,0 Fremont Court,3023,VIC,Australia,7
1333,Phillipp,McMonnies,Male,1973-08-23,45,Compensation Analyst,Financial Services,High Net Worth,N,No,22,0 Fulton Drive,3806,VIC,Australia,8
2368,Rowe,Losbie,Female,1993-01-22,40,Chemical Engineer,Manufacturing,Mass Customer,N,No,23,0 Gateway Road,3149,VIC,Australia,12
134,Merna,McCulloch,Female,1997-08-01,98,Legal Assistant,Telecommunications,Affluent Customer,N,Yes,24,0 Golden Leaf Crossing,2033,New South Wales,Australia,9
466,Jarad,Bauser,Male,1991-01-27,197,,Manufacturing,Affluent Customer,N,Yes,25,0 Golf Lane,2120,NSW,Australia,11
322,De,Denington,Female,1977-03-10,140,Research Associate,Financial Services,Mass Customer,N,Yes,26,0 Graceland Plaza,2515,NSW,Australia,10
1717,Obadias,Gristwood,Male,1978-11-14,42,Civil Engineer,Manufacturing,Mass Customer,N,No,27,0 Graedel Drive,4817,QLD,Australia,4
1373,Shaylynn,Epsley,Female,1958-09-23,63,Director of Sales,Financial Services,Mass Customer,N,Yes,28,0 Grasskamp Pass,3170,VIC,Australia,10
2980,Di,Plaid,Female,1979-12-22,40,Chemical Engineer,Manufacturing,Mass Customer,N,No,29,0 Hayes Hill,2106,NSW,Australia,11
153,Lorilyn,Walshe,Female,1977-07-28,24,Assistant Media Planner,Entertainment,Mass Customer,N,Yes,30,0 Hazelcrest Road,3025,VIC,Australia,8
3537,Sholom,Pavlasek,Male,1997-01-15,83,Graphic Designer,Financial Services,Mass Customer,N,No,31,0 Heath Point,2136,NSW,Australia,9
3,Arlin,Dearle,Male,1954-01-20,134,Recruiting Manager,Property,Mass Customer,N,Yes,32,0 Holy Cross Court,4211,QLD,Australia,9
1198,Alina,Rickson,Female,1973-09-30,147,Sales Representative,Retail,High Net Worth,N,No,33,0 Kedzie Junction,2155,NSW,Australia,10
2662,Louisette,Cullimore,Female,1977-12-21,10,Accountant IV,Property,Mass Customer,N,Yes,34,0 Knutson Crossing,2151,NSW,Australia,8
2903,Avery,Adamov,Male,1977-09-20,115,Operator,Manufacturing,Affluent Customer,N,Yes,35,0 Lakeland Pass,3195,VIC,Australia,10
2996,Jerrylee,Shinfield,Female,1967-05-05,50,Cost Accountant,Financial Services,Mass Customer,N,No,36,0 Lakewood Street,2144,NSW,Australia,10
2692,Jacklyn,Bromehed,Female,1988-12-19,140,Research Associate,Health,High Net Worth,N,Yes,37,0 Little Fleur Avenue,4031,QLD,Australia,8
950,Bret,Ivakhnov,U,,133,Recruiter,IT,High Net Worth,N,Yes,38,0 Menomonie Avenue,3177,VIC,Australia,6
1588,Dukey,McCrie,Male,1983-01-28,20,Administrative Officer,IT,High Net Worth,N,Yes,39,0 Michigan Plaza,2077,NSW,Australia,10
2231,Rasla,Landreth,Female,1959-09-25,12,Accounting Assistant II,n/a,Mass Customer,N,No,40,0 Mifflin Alley,4818,QLD,Australia,5
1307,Emlyn,Musgrave,Female,1970-09-06,56,Dental Hygienist,Health,High Net Worth,N,Yes,41,0 Moland Parkway,4127,QLD,Australia,7
2131,Nettle,Painter,Female,1971-03-21,117,Payment Adjustment Coordinator,n/a,Mass Customer,N,Yes,42,0 Moose Court,2063,NSW,Australia,12
2506,Arlana,Ferrick,Female,1955-01-20,197,,Health,Affluent Customer,N,No,43,0 Mosinee Lane,3250,VIC,Australia,4
2461,Tully,,Male,1976-06-12,164,Speech Pathologist,n/a,Affluent Customer,N,No,44,0 Moulton Plaza,2761,NSW,Australia,8
1623,Katy,Taffee,Female,1997-12-24,162,Software Test Engineer III,Entertainment,High Net Worth,N,Yes,45,0 Namekagon Circle,3150,VIC,Australia,9
1089,Korney,Hess,Female,1988-09-17,120,Product Engineer,Property,Affluent Customer,N,No,46,0 Nevada Pass,2216,NSW,Australia,10
211,Beitris,,Female,1974-03-04,184,VP Marketing,Manufacturing,Mass Customer,N,Yes,47,0 Northport Court,4012,QLD,Australia,3
1191,Merrielle,Vegas,Female,1996-05-22,63,Director of Sales,n/a,Mass Customer,N,Yes,48,0 Northport Hill,3043,VIC,Australia,8
298,Maurise,Lenglet,Male,1956-08-15,66,Engineer I,Manufacturing,High Net Worth,N,No,49,0 Orin Place,4506,QLD,Australia,7
123,Almeta,Kalinsky,Female,1988-12-03,22,Analyst Programmer,Financial Services,High Net Worth,N,No,50,0 Pearson Crossing,4405,QLD,Australia,1
1724,Davita,Pristnor,Female,1999-01-24,24,Assistant Media Planner,Entertainment,High Net Worth,N,Yes,51,0 Pierstorff Place,2770,NSW,Australia,8
1851,Miles,Fallows,Male,1974-03-18,4,Account Representative II,n/a,Mass Customer,N,No,52,0 Prairie Rose Place,3802,VIC,Australia,7
1350,Bing,Vicar,Male,1957-09-30,169,Staff Scientist,Retail,Mass Customer,N,Yes,53,0 Ramsey Place,3444,VIC,Australia,4
2045,Hermina,Franzel,Female,1984-07-03,187,VP Sales,Financial Services,High Net Worth,N,No,54,0 Red Cloud Place,2217,NSW,Australia,8
3437,Penny,Wellington,Male,1963-10-20,184,VP Marketing,Retail,High Net Worth,N,No,55,0 Reinke Lane,3034,VIC,Australia,9
596,Sue,Chapelhow,Female,1968-10-20,133,Recruiter,Property,Affluent Customer,N,No,56,0 Rigney Way,2148,NSW,Australia,8
3405,Gavra,Robez,Female,1996-08-18,130,Project Manager,Financial Services,Mass Customer,N,Yes,57,0 Ronald Regan Way,4870,QLD,Australia,1
1397,Dimitri,Durie,Male,1979-01-21,98,Legal Assistant,Manufacturing,Mass Customer,N,Yes,58,0 Rowland Road,3036,VIC,Australia,9
3300,Quintus,Gouldthorpe,Male,1961-05-22,72,Executive Secretary,Retail,Mass Customer,N,No,59,0 Sachs Circle,4122,QLD,Australia,8
1142,Michal,Paiton,Male,1998-05-07,58,Desktop Support Technician,Telecommunications,Mass Customer,N,No,60,0 Scofield Plaza,3201,VIC,Australia,4
2204,Kacie,Barthram,Female,1967-09-07,99,Librarian,Entertainment,High Net Worth,N,No,61,0 Shasta Terrace,2289,NSW,Australia,7
228,Lucia,Pickervance,Female,1986-05-25,177,Systems Administrator II,Manufacturing,High Net Worth,N,No,62,0 Sommers Circle,2145,NSW,Australia,9
3918,Rosalia,Skedge,Female,1977-07-05,97,Junior Executive,n/a,High Net Worth,N,No,63,0 Southridge Drive,4311,QLD,Australia,1
3093,Harwilll,Crimes,Male,1992-04-01,102,Mechanical Systems Engineer,Property,High Net Worth,N,Yes,64,0 Stephen Lane,2170,NSW,Australia,5
3125,Krystyna,Scarasbrick,Female,1978-08-21,154,Social Worker,Health,High Net Worth,N,Yes,65,0 Stephen Park,4702,QLD,Australia,2
1271,Jo-anne,Pringer,Female,1994-07-11,12,Accounting Assistant II,Telecommunications,Mass Customer,N,Yes,66,0 Summerview Pass,4511,QLD,Australia,2
2774,Danella,Chevers,Female,1956-07-28,197,,Manufacturing,Mass Customer,N,No,67,0 Summit Trail,2287,NSW,Australia,5
192,Goldi,Osler,Female,1978-11-19,97,Junior Executive,Health,Mass Customer,N,Yes,68,0 Superior Drive,2747,NSW,Australia,8
1877,Radcliffe,Bartolomeoni,Male,1966-09-09,26,Associate Professor,Financial Services,High Net Worth,N,Yes,69,0 Superior Pass,2050,NSW,Australia,8
1418,Valaria,Hugh,Female,1976-11-29,153,Senior Sales Associate,IT,Affluent Customer,N,Yes,70,0 Talisman Trail,2769,NSW,Australia,10
1590,Crystie,Fontanet,Female,1965-12-09,23,Assistant Manager,Retail,Mass Customer,N,No,71,0 Thackeray Avenue,2100,NSW,Australia,10
770,Zara,Maccaddie,Female,1984-02-05,155,Software Consultant,IT,High Net Worth,N,Yes,72,0 Thompson Road,3183,VIC,Australia,8
3992,Germain,Tireman,Male,1980-04-02,55,Database Administrator IV,Manufacturing,Affluent Customer,N,Yes,73,0 Transport Center,3977,VIC,Australia,6
2558,Imojean,Bosquet,Female,1974-10-19,197,,Health,High Net Worth,N,Yes,74,0 Truax Trail,3677,VIC,Australia,5
2480,Adey,Shevlin,Female,1971-12-26,107,Nuclear Power Engineer,Manufacturing,High Net Worth,N,Yes,75,0 Union Plaza,2444,NSW,Australia,7
780,Kim,,Female,1973-10-12,121,Professor,Financial Services,Mass Customer,N,No,76,0 Valley Edge Plaza,3201,VIC,Australia,6
3423,Griselda,Bezants,Female,1999-12-27,135,Registered Nurse,Health,Affluent Customer,N,No,77,0 Walton Court,2226,NSW,Australia,9
1735,Sly,Offord,Male,1966-09-07,110,Occupational Therapist,Health,Mass Customer,N,No,78,0 Warner Road,2680,NSW,Australia,4
3150,Morissa,Wolfendell,Female,1991-10-07,146,Sales Associate,Financial Services,Mass Customer,N,No,79,0 Warrior Alley,2021,NSW,Australia,10
2099,Mikel,McKechnie,Male,1959-10-03,148,Senior Cost Accountant,Financial Services,High Net Worth,N,Yes,80,0 Waubesa Alley,2265,NSW,Australia,6
3389,Margo,Saltmarshe,Female,1972-06-01,127,Programmer II,n/a,Affluent Customer,N,No,81,0 Weeping Birch Plaza,2093,NSW,Australia,12
236,Tybalt,Gillingwater,Male,1954-10-30,141,Research Nurse,Health,Affluent Customer,N,No,82,0 Westend Park,2525,NSW,Australia,9
1730,Tildi,Kirkup,Female,1985-12-21,151,Senior Financial Analyst,Financial Services,Mass Customer,N,No,83,0 Westport Center,4558,QLD,Australia,4
1622,Pietrek,Crowe,Male,1978-05-30,152,Senior Quality Engineer,n/a,High Net Worth,N,No,84,0 Westport Terrace,4570,QLD,Australia,5
3477,Jaquelin,Leek,Female,1996-01-24,149,Senior Developer,Financial Services,Affluent Customer,N,Yes,85,00 1st Trail,3223,VIC,Australia,7
289,Modestia,Lithgow,Female,1970-04-12,43,Clinical Specialist,Health,High Net Worth,N,No,86,00 5th Lane,2830,NSW,Australia,2
843,Salomone,Sleford,Male,1989-09-05,60,Developer II,Manufacturing,Affluent Customer,N,Yes,87,00 Algoma Crossing,2141,NSW,Australia,7
2989,Mort,,Male,2000-10-25,56,Dental Hygienist,Health,High Net Worth,N,Yes,88,00 Cordelia Trail,2138,NSW,Australia,9
3696,Orlan,Dunning,Male,1962-12-11,151,Senior Financial Analyst,Financial Services,High Net Worth,N,No,89,00 Esker Point,4207,QLD,Australia,3
750,Izaak,Gisborne,Male,1995-04-08,22,Analyst Programmer,Retail,Affluent Customer,N,Yes,90,00 Evergreen Center,3850,VIC,Australia,4
2921,Astrid,Mac Giolla Pheadair,Female,1976-04-12,197,,Financial Services,Mass Customer,N,No,91,00 Heath Road,2259,NSW,Australia,8
1444,Claudian,Ruos,Male,1975-04-14,117,Payment Adjustment Coordinator,Health,Mass Customer,N,No,92,00 International Junction,2260,NSW,Australia,8
3375,Thorsten,Gregon,Male,1993-03-21,11,Accounting Assistant I,Financial Services,High Net Worth,N,Yes,93,00 Magdeline Way,3146,VIC,Australia,11
2304,Shelia,Bellew,Female,1957-06-01,197,,n/a,Mass Customer,N,Yes,94,00 Marcy Crossing,3115,VIC,Australia,9
784,Frederik,Duckett,Male,1977-01-24,13,Accounting Assistant III,IT,High Net Worth,N,Yes,95,00 Mockingbird Junction,2141,NSW,Australia,9
964,Rhetta,Grellier,Female,1994-01-24,25,Assistant Professor,Financial Services,High Net Worth,N,No,96,00 Park Meadow Terrace,2450,NSW,Australia,6
2490,Clint,Krause,Male,1987-10-01,197,,Health,Mass Customer,N,Yes,97,00 Rutledge Alley,2166,NSW,Australia,9
3370,Brant,Follis,Male,1954-01-22,51,Data Coordiator,n/a,High Net Worth,N,Yes,98,000 Boyd Center,2160,NSW,Australia,8
535,Gracie,Merrifield,Female,1993-05-04,197,,n/a,Affluent Customer,N,No,99,000 Jana Hill,3170,Victoria,Australia,9
1174,Shellysheldon,Gooderridge,U,,72,Executive Secretary,IT,Mass Customer,N,No,100,0005 Independence Drive,2118,NSW,Australia,9
603,Alidia,Durrett,Female,1987-04-18,100,Marketing Assistant,Financial Services,Affluent Customer,N,No,101,00164 Canary Drive,2041,NSW,Australia,11
3082,Emlyn,Maile,Male,1997-03-28,197,,Manufacturing,Mass Customer,N,Yes,102,00183 Arapahoe Pass,4116,QLD,Australia,7
1916,Redd,O'Crowley,Male,1995-03-05,47,Computer Systems Analyst II,Retail,High Net Worth,N,Yes,103,00213 Atwood Pass,2340,NSW,Australia,1
3416,Evanne,Bentote,Female,1976-01-18,197,,Manufacturing,Mass Customer,N,Yes,104,00283 Loftsgordon Center,4118,QLD,Australia,5
2267,Andrei,Mulchrone,Female,1964-04-28,39,Business Systems Development Analyst,n/a,Affluent Customer,N,No,105,004 Gulseth Junction,2619,NSW,Australia,8
968,Wayne,Woodfin,Male,1955-06-16,10,Accountant IV,IT,High Net Worth,N,Yes,106,004 Lawn Trail,4227,QLD,Australia,5
1545,Carver,Saturley,Male,1977-09-06,26,Associate Professor,Health,Mass Customer,N,Yes,107,0046 Grim Pass,2148,NSW,Australia,7
3541,Aloin,Harhoff,Male,1986-01-03,197,,Health,Mass Customer,N,No,108,005 Bunker Hill Lane,3046,VIC,Australia,9
1490,Lusa,Hargerie,Female,1970-01-03,50,Cost Accountant,Financial Services,Mass Customer,N,Yes,109,005 Prentice Circle,2307,NSW,Australia,5
3844,Clotilda,Oret,Female,1987-12-06,197,,Manufacturing,Affluent Customer,N,No,110,0056 Corry Center,2220,NSW,Australia,11
182,Lydon,Dahlman,Male,1992-11-20,146,Sales Associate,Financial Services,Affluent Customer,N,Yes,111,0059 Brentwood Road,4560,QLD,Australia,7
3439,Rubie,O'Gorman,Female,1974-10-20,182,Technical Writer,n/a,Affluent Customer,N,Yes,112,0063 Walton Junction,2380,NSW,Australia,3
2714,Emmy,Jenton,Female,1998-03-17,110,Occupational Therapist,Health,High Net Worth,N,Yes,113,00662 Ludington Court,3228,VIC,Australia,9
1862,Daron,Umpleby,Female,1980-06-29,197,,Health,High Net Worth,N,Yes,114,007 Canary Circle,2047,NSW,Australia,12
434,Raff,Waadenburg,Male,1995-12-01,197,,Financial Services,Mass Customer,N,Yes,115,007 Gerald Place,3074,VIC,Australia,4
3685,Solomon,Ruffles,Male,1989-06-12,94,Human Resources Manager,Financial Services,Affluent Customer,N,Yes,116,00732 David Lane,3350,VIC,Australia,6
987,Lars,Keher,Male,1974-08-29,148,Senior Cost Accountant,Financial Services,Affluent Customer,N,Yes,117,00745 Huxley Center,3757,VIC,Australia,9
2640,Curran,McMeekan,Male,1978-08-24,49,Computer Systems Analyst IV,n/a,Affluent Customer,N,No,118,008 6th Center,3141,VIC,Australia,7
1505,Cristian,Trounce,Male,1993-10-21,134,Recruiting Manager,Financial Services,Mass Customer,N,No,119,00941 7th Place,2227,NSW,Australia,10
1953,Luisa,McGlue,Female,1978-06-05,116,Paralegal,Financial Services,High Net Worth,N,No,120,00969 Gale Way,3108,VIC,Australia,10
481,Marcella,Manzell,Female,1990-04-12,129,Programmer IV,Argiculture,Mass Customer,N,No,121,00976 Sundown Lane,2428,NSW,Australia,3
2545,Grayce,Aumerle,Female,1978-04-11,180,Tax Accountant,Manufacturing,Mass Customer,N,Yes,122,01 Burning Wood Terrace,2323,NSW,Australia,9
1223,Kristyn,,Female,1965-01-05,153,Senior Sales Associate,Manufacturing,Mass Customer,N,Yes,123,01 Cottonwood Junction,2285,NSW,Australia,7
2372,Jim,Shoppee,Male,1977-09-10,43,Clinical Specialist,Health,Affluent Customer,N,No,124,01 Dunning Drive,2064,NSW,Australia,9
1764,Zaria,Van der Krui,Female,1960-06-21,58,Desktop Support Technician,n/a,Mass Customer,N,Yes,125,01 Havey Drive,2099,NSW,Australia,12
103,Ethyl,Runham,Female,1997-04-21,120,Product Engineer,Financial Services,Affluent Customer,N,Yes,126,01 Muir Parkway,2096,New South Wales,Australia,12
3366,Rickey,Gregolotti,Male,1975-02-26,182,Technical Writer,Manufacturing,Mass Customer,N,Yes,127,01 Nevada Alley,2076,NSW,Australia,12
2814,Mandel,Hellyar,Male,1986-01-18,97,Junior Executive,Property,High Net Worth,N,Yes,128,01 Vernon Court,4500,QLD,Australia,4
1902,Camille,Vallintine,Female,1964-12-01,71,Environmental Tech,Financial Services,Mass Customer,N,Yes,129,01 Weeping Birch Plaza,2640,NSW,Australia,4
3567,Eileen,Ilchenko,Female,1980-09-14,108,Nurse,Financial Services,Affluent Customer,N,Yes,130,010 Maryland Court,3556,VIC,Australia,2
377,Levy,Bonavia,Male,1999-05-19,169,Staff Scientist,Argiculture,Mass Customer,N,No,131,010 Namekagon Parkway,2062,NSW,Australia,12
3020,Witty,McArthur,Male,1965-12-24,40,Chemical Engineer,Manufacturing,High Net Worth,N,Yes,132,010 Stuart Way,3056,VIC,Australia,6
1150,Bernelle,Warwick,Female,1975-09-26,95,Information Systems Manager,Financial Services,Mass Customer,N,Yes,133,0103 Bay Junction,2222,NSW,Australia,11
1199,Ludovico,Bertot,Male,1958-06-14,183,VP Accounting,Financial Services,Affluent Customer,N,Yes,134,0108 Forster Parkway,4017,QLD,Australia,6
3756,Barry,,Male,1977-07-08,197,,n/a,Affluent Customer,N,No,135,011 Johnson Park,3121,VIC,Australia,11
3278,Marcel,Eddolls,Male,1982-06-22,185,VP Product Management,Financial Services,Affluent Customer,N,No,136,011 Lotheville Junction,2099,NSW,Australia,10
2790,Shirleen,Shelsher,Female,1977-12-01,6,Account Representative IV,Retail,High Net Worth,N,Yes,137,01209 Southridge Hill,2216,NSW,Australia,8
2307,Corina,Shadwick,Female,1978-06-28,58,Desktop Support Technician,Retail,High Net Worth,N,Yes,138,01268 Stuart Hill,2145,NSW,Australia,10
3811,Etta,Leele,Female,1997-03-19,197,,Financial Services,High Net Worth,N,No,139,0127 East Court,3199,VIC,Australia,5
3518,Magdaia,Beardwell,Female,1980-06-18,31,Biostatistician I,IT,Mass Customer,N,Yes,140,0129 Hollow Ridge Crossing,2095,NSW,Australia,11
1816,Lonni,Andrichak,Female,1977-02-25,197,,Argiculture,Mass Customer,N,No,141,013 Armistice Street,2769,NSW,Australia,10
3886,Fidela,Haresign,Female,1996-03-26,134,Recruiting Manager,Manufacturing,Affluent Customer,N,No,142,013 Mendota Parkway,2558,NSW,Australia,9
1734,Adriana,Cullerne,Female,1977-10-10,44,Community Outreach Specialist,Retail,Mass Customer,N,Yes,143,0130 Loeprich Lane,3808,VIC,Australia,9
2245,Elsinore,Banbrook,Female,1980-04-21,101,Marketing Manager,Argiculture,Mass Customer,N,No,144,0132 Merrick Way,2770,NSW,Australia,9
2161,Tommie,Mardle,Male,1998-01-14,197,,Financial Services,Mass Customer,N,No,145,0134 Swallow Pass,3030,VIC,Australia,6
1232,Stillmann,Wilfling,Male,1959-09-12,88,Help Desk Operator,Property,Affluent Customer,N,No,146,014 Birchwood Parkway,3030,VIC,Australia,7
301,Hildy,Bilbrook,Female,1980-10-10,62,Developer IV,Manufacturing,High Net Worth,N,No,147,01459 Fremont Place,2747,NSW,Australia,4
2303,Alair,Combe,Male,1993-04-13,55,Database Administrator IV,Retail,Mass Customer,N,Yes,148,015 Fulton Pass,4568,QLD,Australia,8
1359,Estrella,Carwithen,Female,1993-02-24,89,Help Desk Technician,Retail,Mass Customer,N,No,149,016 Tony Street,3222,VIC,Australia,5
1366,Zacharia,Rigler,Male,1974-06-30,49,Computer Systems Analyst IV,Retail,Affluent Customer,N,No,150,0162 Darwin Alley,3201,VIC,Australia,6
3392,Brock,Ride,Male,1976-12-12,180,Tax Accountant,Financial Services,Mass Customer,N,No,151,0162 Grim Circle,2191,NSW,Australia,10
3033,Danielle,Kener,Female,1979-03-17,20,Administrative Officer,Financial Services,High Net Worth,N,No,152,01654 Milwaukee Plaza,2000,NSW,Australia,11
2535,Butch,Broadnicke,Male,1981-08-20,9,Accountant III,Financial Services,Affluent Customer,N,No,153,0166 Stephen Drive,2785,NSW,Australia,7
1844,Amaleta,Slafford,Female,1975-10-21,120,Product Engineer,n/a,Mass Customer,N,No,154,01714 Claremont Center,2474,NSW,Australia,3
3391,Terrel,Kreuzer,Male,1991-06-23,197,,Manufacturing,Mass Customer,N,No,155,01716 2nd Terrace,3174,VIC,Australia,8
3831,Kory,Mabson,Male,1971-06-09,99,Librarian,Entertainment,Affluent Customer,N,Yes,156,0172 Vidon Place,3183,VIC,Australia,6
585,Tiphany,Bonnier,Female,1978-04-20,118,Pharmacist,Health,Mass Customer,N,Yes,157,01736 Saint Paul Way,2154,NSW,Australia,11
802,Ailyn,Carberry,Female,1986-02-20,74,Financial Analyst,Financial Services,Mass Customer,N,No,158,018 Erie Point,2767,NSW,Australia,9
2281,Valaria,Abrehart,Female,1989-05-10,197,,n/a,High Net Worth,N,Yes,159,018 Porter Court,3631,VIC,Australia,6
1676,Ozzy,Olerenshaw,Male,1975-03-31,95,Information Systems Manager,Health,Mass Customer,N,No,160,018 Superior Plaza,2068,NSW,Australia,10
1121,Dione,Raithby,Female,1984-01-21,135,Registered Nurse,Health,Mass Customer,N,Yes,161,0182 Esker Center,2759,NSW,Australia,9
3559,Farra,Bails,Female,1985-02-19,24,Assistant Media Planner,Entertainment,High Net Worth,N,Yes,162,0185 Fremont Alley,4074,QLD,Australia,7
3592,Pall,MacCart,Male,1954-04-27,97,Junior Executive,n/a,Mass Customer,N,No,163,0186 Thackeray Center,3183,VIC,Australia,11
1593,Tommy,Kupisz,Female,1979-10-11,180,Tax Accountant,IT,Mass Customer,N,No,164,019 Derek Hill,2224,NSW,Australia,10
3834,Bianca,Ricket,Female,1972-10-31,45,Compensation Analyst,Financial Services,Mass Customer,N,Yes,165,019 Huxley Drive,3807,VIC,Australia,8
2508,Virgil,Borkett,Male,1996-11-04,95,Information Systems Manager,n/a,Mass Customer,N,No,166,0192 Ridgeview Terrace,4655,QLD,Australia,6
691,Carver,Carwardine,Male,1954-08-25,197,,Financial Services,Affluent Customer,N,Yes,167,02 Bartelt Center,2745,NSW,Australia,8
495,Lucius,Prescott,Male,1959-02-21,183,VP Accounting,Financial Services,Mass Customer,N,Yes,168,02 Boyd Crossing,3143,Victoria,Australia,7
2492,Gayelord,Lipman,Male,1974-02-01,57,Design Engineer,Manufacturing,High Net Worth,N,No,169,02 Declaration Lane,4551,QLD,Australia,7
2203,Ganny,Alessandrelli,Male,1998-12-23,146,Sales Associate,Health,High Net Worth,N,Yes,170,02 Del Mar Center,4121,QLD,Australia,8
3966,Astrix,Sigward,Female,1968-09-15,78,Geologist I,n/a,Mass Customer,N,Yes,171,02 Fair Oaks Lane,3977,VIC,Australia,7
3197,Stern,Ilyenko,Male,1976-02-18,70,Environmental Specialist,Health,High Net Worth,N,No,172,020 Bartillon Park,2767,NSW,Australia,8
3870,Fidelia,Cess,Female,1984-10-13,154,Social Worker,Health,Mass Customer,N,No,173,02084 Rockefeller Crossing,2150,NSW,Australia,7
69,Heidi,Milner,Female,1969-06-22,193,Web Developer II,n/a,Mass Customer,N,No,174,0212 Forest Run Trail,2774,New South Wales,Australia,8
3403,Jessalyn,Zoellner,Female,1994-05-14,151,Senior Financial Analyst,Financial Services,Mass Customer,N,Yes,175,02181 Starling Trail,3015,VIC,Australia,10
1795,Wally,Rebbeck,Male,1977-09-21,96,Internal Auditor,Manufacturing,Affluent Customer,N,No,176,023 Thackeray Lane,2070,NSW,Australia,12
786,Francklin,Ubanks,Male,1985-02-14,197,,Financial Services,Affluent Customer,N,No,177,02353 Kropf Lane,3046,VIC,Australia,9
869,Addia,Abels,Female,1984-03-11,3,Account Representative I,Financial Services,High Net Worth,N,Yes,178,02377 Maywood Trail,2287,NSW,Australia,7
3385,Ronda,,Female,1975-02-10,178,Systems Administrator III,Argiculture,Mass Customer,N,No,179,024 Onsgard Alley,3134,VIC,Australia,9
2554,Fan,Gaythwaite,Female,1982-08-21,158,Software Engineer III,n/a,High Net Worth,N,No,180,02485 Bellgrove Road,3015,VIC,Australia,9
2530,Engracia,Foulcher,Female,1960-08-03,39,Business Systems Development Analyst,Property,Mass Customer,N,Yes,181,025 Knutson Terrace,2350,NSW,Australia,3
3148,Berky,Degoix,Male,1974-10-09,93,Human Resources Assistant IV,n/a,High Net Worth,N,Yes,182,0250 Onsgard Center,4034,QLD,Australia,7
1360,Maurice,Blas,Male,1970-07-04,57,Design Engineer,Manufacturing,Mass Customer,N,Yes,183,02505 Mariners Cove Street,3222,VIC,Australia,6
2953,Hector,Carwithan,Male,1972-10-26,134,Recruiting Manager,Health,High Net Worth,N,Yes,184,02555 Sloan Way,2259,NSW,Australia,8
1388,Carny,Shilstone,Male,1972-08-14,96,Internal Auditor,Financial Services,Mass Customer,N,No,185,02570 Tony Way,3752,VIC,Australia,6
1362,Giuditta,Dearlove,Female,1973-02-20,2,Account Executive,Manufacturing,Affluent Customer,N,Yes,186,0261 Roxbury Crossing,4164,QLD,Australia,9
3052,Lisetta,,Female,1976-09-08,181,Teacher,n/a,Mass Customer,N,No,187,0264 Birchwood Plaza,3802,VIC,Australia,8
26,Trixi,Ginnelly,Female,1978-06-10,64,Editor,Financial Services,Mass Customer,N,Yes,188,02663 Buell Parkway,2519,New South Wales,Australia,11
1386,Mufinella,Kalvin,Female,1967-06-12,89,Help Desk Technician,Retail,Mass Customer,N,Yes,189,02701 Talmadge Junction,3082,VIC,Australia,7
739,Arnie,Zorn,Male,1964-12-13,150,Senior Editor,Manufacturing,Mass Customer,N,No,190,0272 Pankratz Hill,2031,NSW,Australia,10
183,Dannie,Hissie,Female,1997-08-05,80,Geologist III,Retail,Affluent Customer,N,No,191,0274 Oneill Alley,2088,NSW,Australia,10
591,Sydney,Endacott,Male,1974-10-02,39,Business Systems Development Analyst,Entertainment,Affluent Customer,N,No,192,0278 Elka Place,4305,QLD,Australia,4
1714,Esma,Rycroft,Female,1998-06-26,153,Senior Sales Associate,Property,High Net Worth,N,Yes,193,02862 Esker Crossing,2173,NSW,Australia,9
1334,Cicily,Jenks,Female,1998-10-23,151,Senior Financial Analyst,Financial Services,Mass Customer,N,No,194,02885 Buhler Court,3804,VIC,Australia,9
1294,Cari,Worling,Female,1974-09-28,197,,Manufacturing,Mass Customer,N,Yes,195,029 Scott Center,4205,QLD,Australia,5
873,Worthington,Penwarden,Male,1959-12-23,110,Occupational Therapist,Health,Affluent Customer,N,Yes,196,029 Springview Place,2177,NSW,Australia,8
350,Carmela,Jesper,Female,1977-12-09,43,Clinical Specialist,Health,Mass Customer,N,Yes,197,0293 Porter Crossing,2830,NSW,Australia,5
737,Sisely,Oppy,Female,1983-07-11,178,Systems Administrator III,n/a,Mass Customer,N,No,198,0297 Merchant Avenue,4121,QLD,Australia,9
1116,Tori,Coche,Female,1974-06-26,23,Assistant Manager,Health,Mass Customer,N,Yes,199,03 6th Alley,2168,NSW,Australia,9
2367,Lorne,Sabin,Male,1957-05-22,65,Electrical Engineer,Manufacturing,Mass Customer,N,Yes,200,03 Clarendon Way,2099,NSW,Australia,10
144,Jory,Barrabeale,U,,71,Environmental Tech,IT,Mass Customer,N,No,201,03 Granby Parkway,3216,VIC,Australia,8
1135,Mireielle,Avrasin,Female,1980-05-03,159,Software Engineer IV,Financial Services,Mass Customer,N,Yes,202,03 Holmberg Park,4127,QLD,Australia,2
1715,Cobb,Schrinel,Male,1988-06-01,194,Web Developer III,Entertainment,Mass Customer,N,Yes,203,03 Lillian Street,3071,VIC,Australia,8
2788,Melantha,Pickburn,Female,1968-08-06,154,Social Worker,Health,Affluent Customer,N,No,204,03 Ohio Lane,3081,VIC,Australia,9
2689,Tore,Doerr,Male,1978-03-23,149,Senior Developer,n/a,Mass Customer,N,No,205,03 Old Shore Terrace,4078,QLD,Australia,7
1153,Mirilla,Lothlorien,Female,1995-01-17,58,Desktop Support Technician,Health,Mass Customer,N,Yes,206,03058 Shoshone Lane,2090,NSW,Australia,12
1895,Leese,Lohan,Female,1975-09-02,182,Technical Writer,Manufacturing,Mass Customer,N,No,207,0306 Donald Court,3844,VIC,Australia,1
18,Marjie,Neasham,Female,1967-07-06,121,Professor,n/a,Affluent Customer,N,No,208,032 Bartelt Crossing,2444,New South Wales,Australia,8
550,Emeline,Jorioz,Female,1976-07-10,197,,Retail,Mass Customer,N,No,209,032 Kenwood Circle,2031,NSW,Australia,9
65,Yale,Tanser,Male,1976-04-01,95,Information Systems Manager,Financial Services,Affluent Customer,N,Yes,210,0322 Dryden Court,3183,VIC,Australia,7
3106,Yetty,Conneely,Female,1989-06-03,197,,Financial Services,Mass Customer,N,Yes,211,03287 Hallows Center,4305,QLD,Australia,3
765,Valeria,Chazette,Female,1984-08-31,197,,Retail,Affluent Customer,N,No,212,033 Loftsgordon Center,2150,NSW,Australia,8
3544,Benoite,Trahmel,Female,1998-08-13,89,Help Desk Technician,n/a,Affluent Customer,N,No,213,033 Maryland Plaza,3023,VIC,Australia,8
3064,Zach,Billison,Male,1995-06-14,120,Product Engineer,Financial Services,Affluent Customer,N,Yes,214,0330 Vahlen Trail,3072,VIC,Australia,7
2973,Torr,Mintram,Male,1972-05-12,149,Senior Developer,Health,High Net Worth,N,No,215,0338 Oakridge Crossing,3030,VIC,Australia,4
2328,Gayler,Shackle,Male,1986-06-03,56,Dental Hygienist,Health,Mass Customer,N,Yes,216,034 Eagan Avenue,2560,NSW,Australia,6
1364,Selby,Cabbell,Male,1978-04-20,97,Junior Executive,Manufacturing,Mass Customer,N,No,217,03444 Scott Lane,3204,VIC,Australia,10
2269,Beitris,Lamy,Female,1989-11-11,120,Product Engineer,n/a,Mass Customer,N,No,218,0346 Dayton Hill,2092,NSW,Australia,12
112,Shena,Parren,Female,1975-08-12,101,Marketing Manager,Retail,High Net Worth,N,No,219,0349 Farmco Terrace,2168,New South Wales,Australia,8
1120,Jacquelyn,Rowlinson,Female,1980-08-31,195,Web Developer IV,Retail,Affluent Customer,N,No,220,0355 3rd Drive,2118,NSW,Australia,11
846,Alvan,Rebichon,Male,1954-03-25,78,Geologist I,Manufacturing,Affluent Customer,N,No,221,036 Kedzie Terrace,2163,NSW,Australia,9
3708,Lois,Laskey,Female,1963-05-15,50,Cost Accountant,Financial Services,Mass Customer,N,No,222,03742 Granby Parkway,2768,NSW,Australia,9
1477,Leo,Balharry,U,,15,Actuary,Financial Services,Mass Customer,N,Yes,223,038 North Court,2333,NSW,Australia,3
1785,Marty,Whatford,Male,1960-12-10,43,Clinical Specialist,Health,Mass Customer,N,No,224,0380 Chinook Avenue,2047,NSW,Australia,12
1157,Saunder,Camerati,Male,1974-04-03,141,Research Nurse,Health,Affluent Customer,N,Yes,225,0386 Mayfield Way,4122,QLD,Australia,7
1176,Celia,Dockerty,Female,1976-01-16,159,Software Engineer IV,n/a,Affluent Customer,N,Yes,226,03890 Logan Court,2747,NSW,Australia,8
3146,Fredrika,Kleinmintz,Female,1978-01-28,130,Project Manager,Property,Mass Customer,N,No,227,039 Havey Alley,2220,NSW,Australia,9
2342,Clara,Jakel,Female,1999-09-17,197,,n/a,Mass Customer,N,No,228,03961 Sullivan Park,2114,NSW,Australia,12
247,Kristal,Joysey,Female,1983-05-06,166,Staff Accountant II,Financial Services,High Net Worth,N,Yes,229,04 Fallview Trail,2749,NSW,Australia,8
1466,Cyndia,Gull,Female,1998-01-05,50,Cost Accountant,Financial Services,High Net Worth,N,Yes,230,04 Gulseth Plaza,2528,NSW,Australia,8
563,Rube,Itzhayek,Male,1974-09-20,12,Accounting Assistant II,IT,Mass Customer,N,Yes,231,04 Hansons Street,2087,NSW,Australia,11
630,D'arcy,Rowden,Male,1986-08-11,172,Statistician III,Property,Affluent Customer,N,Yes,232,04 Namekagon Pass,2326,NSW,Australia,3
3752,Peta,Nunes Nabarro,Female,1961-09-15,16,Administrative Assistant I,Argiculture,Affluent Customer,N,Yes,233,04 Oakridge Drive,4123,QLD,Australia,9
1091,Keith,Housden,Male,1980-04-15,197,,Health,Mass Customer,N,No,234,04 Onsgard Center,2101,NSW,Australia,9
2727,Kim,Gabbitis,Female,1988-07-22,20,Administrative Officer,Financial Services,High Net Worth,N,Yes,235,04 Schmedeman Court,2196,NSW,Australia,10
3170,Bethanne,Kytter,Female,1968-01-26,109,Nurse Practicioner,Entertainment,Mass Customer,N,No,236,040 Brown Trail,2040,NSW,Australia,12
3436,Marget,Freeland,Female,1958-11-22,197,,Financial Services,Mass Customer,N,Yes,237,04036 Kennedy Trail,2221,NSW,Australia,12
1971,Mariel,Dyke,Female,1998-02-10,197,,Manufacturing,Mass Customer,N,Yes,238,04046 Summit Avenue,4217,QLD,Australia,9
104,Odille,Panketh,Female,1978-06-06,28,Automation Specialist II,Health,Mass Customer,N,Yes,239,0410 Division Junction,2750,New South Wales,Australia,8
222,Nev,Larive,Male,1978-09-03,43,Clinical Specialist,Health,Mass Customer,N,No,240,04139 Delladonna Place,2519,NSW,Australia,7
327,Cris,Richfield,Female,1968-07-24,57,Design Engineer,Health,Mass Customer,N,No,241,042 Bunker Hill Avenue,2088,NSW,Australia,8
2124,Damien,Bartczak,Male,1978-01-30,197,,Retail,High Net Worth,N,No,242,042 Saint Paul Parkway,2769,NSW,Australia,10
3321,Ives,,Male,1980-05-10,160,Software Test Engineer I,n/a,High Net Worth,N,Yes,243,0421 Anthes Court,2870,NSW,Australia,2
3505,Dolly,Scallan,Female,1974-08-06,197,,Retail,Mass Customer,N,No,244,04240 Prentice Plaza,3031,VIC,Australia,9
1084,Serena,Jagson,Female,1994-05-18,11,Accounting Assistant I,Retail,Affluent Customer,N,No,245,04328 Rowland Plaza,3441,VIC,Australia,9
2070,Tiphany,Leppington,Female,1981-12-05,134,Recruiting Manager,n/a,Mass Customer,N,No,246,0442 Debra Point,2281,NSW,Australia,7
3263,Quentin,Forte,Female,1981-08-21,39,Business Systems Development Analyst,Manufacturing,Affluent Customer,N,No,247,04449 Drewry Junction,2869,NSW,Australia,4
2865,Lila,Eyeington,Female,1997-12-14,65,Electrical Engineer,Manufacturing,High Net Worth,N,No,248,04470 Mcguire Trail,2070,NSW,Australia,9
2239,Jocelyne,Pasquale,Female,1960-01-11,26,Associate Professor,Property,High Net Worth,N,Yes,249,04488 Amoth Parkway,2036,NSW,Australia,8
1562,Elset,Biasio,Female,1984-07-11,169,Staff Scientist,n/a,Affluent Customer,N,Yes,250,04488 Jenna Alley,2289,NSW,Australia,9
1504,Coop,Corneck,Male,1975-01-03,51,Data Coordiator,Property,Affluent Customer,N,Yes,251,04489 Corscot Hill,2232,NSW,Australia,10
3805,Margaret,McSperrin,Female,1977-08-16,161,Software Test Engineer II,Property,Affluent Customer,N,No,252,045 Debs Pass,3145,VIC,Australia,12
994,Rhetta,Kupker,Female,1977-11-14,99,Librarian,Entertainment,Affluent Customer,N,Yes,253,0465 Melrose Alley,2768,NSW,Australia,9
543,Mikey,Rizzetti,Male,1973-08-03,1,Account Coordinator,Retail,Affluent Customer,N,Yes,254,04678 Elka Crossing,2745,NSW,Australia,9
2442,Odie,Enrrico,Male,1957-10-13,154,Social Worker,Health,Affluent Customer,N,Yes,255,047 Kedzie Park,2206,NSW,Australia,11
2244,Sidney,Cargon,Male,1972-05-10,162,Software Test Engineer III,Manufacturing,Mass Customer,N,No,256,047 Northfield Trail,3127,VIC,Australia,12
3531,Shannah,Pountain,Female,1969-01-27,101,Marketing Manager,Retail,Affluent Customer,N,Yes,257,0485 Petterle Terrace,2575,NSW,Australia,6
637,Mercy,Wilsone,Female,1976-09-23,84,Health Coach I,Health,High Net Worth,N,No,258,049 Michigan Parkway,3337,Victoria,Australia,6
3039,Coralie,Guitonneau,Female,1968-07-28,197,,Financial Services,Affluent Customer,N,No,259,05 2nd Point,2217,NSW,Australia,8
412,Evanne,Feechum,Female,1960-04-23,197,,IT,High Net Worth,N,No,260,05 Butternut Crossing,4552,QLD,Australia,4
1189,Mart,Bazoche,Male,1988-08-29,78,Geologist I,Health,High Net Worth,N,Yes,261,05 Charing Cross Plaza,2320,NSW,Australia,5
1337,Damara,Wheatland,Female,1988-03-08,175,Structural Engineer,Health,Mass Customer,N,No,262,05 Dahle Drive,3757,VIC,Australia,7
1193,Quintus,Whear,Male,1986-01-21,142,Safety Technician I,Retail,High Net Worth,N,No,263,05 Daystar Lane,2560,NSW,Australia,8
2723,Morganne,Smitham,Female,1978-04-20,26,Associate Professor,Manufacturing,Mass Customer,N,Yes,264,05 Lerdahl Place,4215,QLD,Australia,6
1005,Kalila,Birtwistle,Female,1967-09-15,57,Design Engineer,IT,High Net Worth,N,Yes,265,05 Loftsgordon Pass,4380,QLD,Australia,9
2495,Gwenore,Suero,Female,1953-11-12,25,Assistant Professor,IT,Affluent Customer,N,No,266,050 Buell Lane,4055,QLD,Australia,7
3210,Stella,Abreheart,Female,1988-02-01,97,Junior Executive,Manufacturing,Mass Customer,N,No,267,050 Monterey Street,4869,QLD,Australia,3
2310,Jed,Humpherston,Male,1970-02-10,72,Executive Secretary,n/a,High Net Worth,N,Yes,268,0522 Nelson Crossing,4304,QLD,Australia,3
1789,Talya,Darycott,Female,1986-08-29,21,Analog Circuit Design manager,Property,Mass Customer,N,No,269,05239 Springs Circle,3030,VIC,Australia,7
215,Debera,Foxworthy,Female,1974-06-24,25,Assistant Professor,Retail,High Net Worth,N,Yes,270,05241 Shelley Park,2776,NSW,Australia,8
1520,Dillie,Wilstead,Male,1965-11-18,197,,Retail,Mass Customer,N,No,271,0534 Bartelt Trail,2760,NSW,Australia,8
2276,Stormy,Caveney,Female,1985-10-06,58,Desktop Support Technician,n/a,Mass Customer,N,Yes,272,054 Mesta Drive,3620,VIC,Australia,1
1077,Sheba,Este,Female,1955-10-11,197,,Telecommunications,Mass Customer,N,Yes,273,05415 Basil Junction,2450,NSW,Australia,8
833,Wadsworth,Hubane,Male,1995-10-03,143,Safety Technician II,n/a,High Net Worth,N,Yes,274,055 Dakota Pass,2290,NSW,Australia,8
2854,Vikky,Dyde,U,,130,Project Manager,IT,High Net Worth,N,Yes,275,0555 Tomscot Plaza,2044,NSW,Australia,10
3256,Collen,Kew,Female,1986-02-06,121,Professor,Financial Services,Affluent Customer,N,No,276,056 Petterle Drive,4075,QLD,Australia,4
2030,Xymenes,Sprull,Male,1961-01-09,20,Administrative Officer,Property,High Net Worth,N,No,277,056 Pierstorff Alley,2040,NSW,Australia,11
204,Thorny,Hackworth,Male,1976-10-01,64,Editor,Financial Services,Mass Customer,N,No,278,056 Stone Corner Alley,4078,QLD,Australia,7
3194,Hakeem,Bernardinelli,Male,1978-03-11,119,Physical Therapy Assistant,Manufacturing,Mass Customer,N,No,279,05600 Lien Plaza,3796,VIC,Australia,8
1954,Greg,Iacovo,Male,1967-11-29,187,VP Sales,Manufacturing,Affluent Customer,N,No,280,05665 Dottie Circle,2085,NSW,Australia,11
3526,Pail,Iacopini,Male,1978-09-19,76,General Manager,Telecommunications,High Net Worth,N,Yes,281,05759 Ridge Oak Trail,2007,NSW,Australia,8
1993,Agustin,Isworth,Male,1980-07-27,12,Accounting Assistant II,n/a,High Net Worth,N,Yes,282,05919 Morning Parkway,2034,NSW,Australia,11
3435,Stevena,Allcock,Female,2002-01-15,150,Senior Editor,n/a,Affluent Customer,N,No,283,05988 Sundown Parkway,3037,VIC,Australia,8
306,Ruy,Adanet,Male,1973-08-02,135,Registered Nurse,Health,High Net Worth,N,No,284,06 Corry Pass,2450,NSW,Australia,9
1048,Braden,Lamming,Male,1976-06-08,96,Internal Auditor,n/a,Affluent Customer,N,No,285,06 Declaration Hill,3184,VIC,Australia,11
1090,Lorettalorna,,Female,1975-07-15,47,Computer Systems Analyst II,Telecommunications,Affluent Customer,N,No,286,06 Heffernan Junction,4074,QLD,Australia,7
1645,Dal,Colquhoun,Male,1995-06-12,140,Research Associate,n/a,Affluent Customer,N,Yes,287,06 Hudson Parkway,2250,NSW,Australia,8
3173,Angelo,,Male,2001-10-10,46,Computer Systems Analyst I,Health,Mass Customer,N,Yes,288,06 Kipling Circle,2085,NSW,Australia,10
3470,Catherina,Ricca,Female,1967-10-01,134,Recruiting Manager,Health,Affluent Customer,N,Yes,289,06 Lake View Plaza,4515,QLD,Australia,1
3089,Wood,Nathan,Male,2000-02-24,194,Web Developer III,Manufacturing,Affluent Customer,N,Yes,290,06 Lighthouse Bay Pass,3042,VIC,Australia,9
3390,Fayth,Baudins,Female,1969-01-27,197,,n/a,High Net Worth,N,No,291,06 Northwestern Center,2019,NSW,Australia,10
928,Porty,Clemmitt,Male,1973-05-14,26,Associate Professor,n/a,High Net Worth,N,Yes,292,06 Oneill Parkway,2770,NSW,Australia,7
1,Laraine,Medendorp,F,1953-10-12,72,Executive Secretary,Health,Mass Customer,N,Yes,293,060 Morning Avenue,2016,New South Wales,Australia,10
552,Hilly,Kleinmann,Male,1978-09-09,77,Geological Engineer,Manufacturing,High Net Worth,N,Yes,294,06008 Anthes Pass,2478,NSW,Australia,8
783,Rudd,Strangeways,Male,1985-07-25,95,Information Systems Manager,Retail,Affluent Customer,N,No,295,0601 Stephen Place,2292,NSW,Australia,7
2009,Neilla,Castrillo,Female,1960-03-16,168,Staff Accountant IV,Health,Affluent Customer,N,Yes,296,06069 Hayes Road,2099,NSW,Australia,8
3710,Sallyann,Stangoe,Female,1974-08-22,119,Physical Therapy Assistant,n/a,Mass Customer,N,No,297,0616 Messerschmidt Place,2350,NSW,Australia,4
3858,Sabina,Tarbin,Female,1998-08-31,99,Librarian,Entertainment,Mass Customer,N,Yes,298,0618 5th Place,3189,VIC,Australia,10
460,Illa,,Female,1986-01-23,65,Electrical Engineer,Manufacturing,Affluent Customer,N,Yes,299,0619 Dorton Plaza,3150,Victoria,Australia,11
3581,Lindsy,Ygo,Female,1957-07-10,197,,n/a,Mass Customer,N,Yes,300,062 Dixon Parkway,3103,VIC,Australia,12
366,Constance,Ucchino,Female,1954-01-08,99,Librarian,Entertainment,High Net Worth,N,No,301,06324 Michigan Trail,4570,QLD,Australia,4
1999,Raquel,Bamlett,Female,1962-08-16,107,Nuclear Power Engineer,Manufacturing,Mass Customer,N,Yes,302,064 Fallview Terrace,4500,QLD,Australia,7
880,Neely,Lundon,Female,1963-12-31,96,Internal Auditor,n/a,High Net Worth,N,Yes,303,06419 Dayton Junction,3191,VIC,Australia,10
764,Samuel,Stiff,Male,1977-03-16,71,Environmental Tech,Financial Services,Mass Customer,N,Yes,304,06495 Swallow Terrace,2759,NSW,Australia,9
692,Goraud,Ayling,Male,1987-12-25,55,Database Administrator IV,Property,Mass Customer,N,No,305,0650 Sachs Circle,2769,NSW,Australia,10
592,Edik,Connichie,Male,1992-09-24,187,VP Sales,Manufacturing,Mass Customer,N,No,306,067 Cottonwood Park,4340,QLD,Australia,2
2583,Appolonia,Oxe,Female,1963-09-12,90,Human Resources Assistant I,Property,Mass Customer,N,No,307,0671 Vera Drive,4812,QLD,Australia,5
1858,Gabriella,,Female,1957-04-26,153,Senior Sales Associate,Manufacturing,High Net Worth,N,Yes,308,0672 Lyons Pass,2153,NSW,Australia,10
1727,Everard,,Male,1978-05-10,24,Assistant Media Planner,Entertainment,High Net Worth,N,No,309,0672 Mitchell Terrace,4161,QLD,Australia,5
3076,Merna,Eyers,Female,1991-10-01,121,Professor,Health,Mass Customer,N,Yes,310,0680 Veith Court,3939,VIC,Australia,8
1321,Bree,Domenge,Female,1994-07-05,64,Editor,Argiculture,Affluent Customer,N,No,311,0693 Eagan Court,4019,QLD,Australia,4
3096,Lulu,Cabane,Female,1973-06-28,26,Associate Professor,Financial Services,Mass Customer,N,No,312,07 Loeprich Junction,2101,NSW,Australia,11
1780,Maude,Tixier,U,,140,Research Associate,IT,Mass Customer,N,No,313,07 Miller Pass,2017,NSW,Australia,9
3972,Maribelle,Schaffel,Female,1979-03-28,197,,Retail,Mass Customer,N,No,314,07 Morning Court,3805,VIC,Australia,7
402,Berne,Donegan,Male,1977-06-03,58,Desktop Support Technician,Retail,Affluent Customer,N,No,315,07 New Castle Circle,2646,NSW,Australia,1
600,Duke,Allnatt,Male,1974-05-10,108,Nurse,Argiculture,Mass Customer,N,Yes,316,07 Pepper Wood Way,2750,NSW,Australia,8
1401,Ashien,Winspare,Female,1978-09-30,197,,Financial Services,High Net Worth,N,No,317,070 Shelley Terrace,3020,VIC,Australia,4
67,Vernon,,Male,1960-06-14,193,Web Developer II,Retail,Mass Customer,N,No,318,07041 Briar Crest Lane,2213,New South Wales,Australia,10
3142,Hubert,Kliner,Male,1992-08-04,65,Electrical Engineer,Manufacturing,Mass Customer,N,No,319,07084 Mallory Center,2428,NSW,Australia,5
284,Seth,Moorman,Male,1986-04-11,74,Financial Analyst,Financial Services,High Net Worth,N,Yes,320,071 Cardinal Point,3064,VIC,Australia,7
271,Doll,Burtwell,Female,1991-02-13,73,Financial Advisor,Financial Services,Mass Customer,N,No,321,07158 Roth Pass,2165,NSW,Australia,4
241,Quillan,Duigan,Male,1987-05-09,132,Quality Engineer,Entertainment,Mass Customer,N,No,322,07227 Hoard Terrace,3500,VIC,Australia,1
1554,Land,Aarons,Male,1994-08-12,23,Assistant Manager,Retail,Affluent Customer,N,No,323,07236 Jenifer Point,2763,NSW,Australia,10
1806,Gil,De Gregorio,U,,163,Software Test Engineer IV,IT,Mass Customer,N,No,324,0724 Oxford Crossing,2146,NSW,Australia,9
1906,Waylan,Katte,Male,1988-04-24,120,Product Engineer,Retail,Mass Customer,N,No,325,07273 Sundown Trail,2358,NSW,Australia,2
3113,Wenonah,Lethabridge,Female,1969-12-06,181,Teacher,Property,Mass Customer,N,Yes,326,073 Fremont Alley,3805,VIC,Australia,7
3873,Sascha,Paolozzi,Male,1978-12-05,45,Compensation Analyst,Financial Services,Mass Customer,N,No,327,0733 Comanche Crossing,2304,NSW,Australia,6
2798,Barclay,Gricks,Male,1965-02-19,133,Recruiter,Argiculture,High Net Worth,N,Yes,328,07526 Union Lane,3377,VIC,Australia,1
2494,Donella,Emm,Female,1974-08-08,153,Senior Sales Associate,Manufacturing,High Net Worth,N,No,329,07623 Mandrake Trail,2093,NSW,Australia,11
2765,Bartholomew,Gowdy,Male,1985-04-12,197,,IT,Mass Customer,N,Yes,330,077 Clemons Road,2203,NSW,Australia,11
1049,Fraser,Gaenor,Male,1996-03-02,155,Software Consultant,Property,Mass Customer,N,No,331,07716 5th Alley,2250,NSW,Australia,5
457,Querida,Danilchev,Female,1980-12-14,134,Recruiting Manager,Financial Services,High Net Worth,N,Yes,332,0777 Farwell Pass,2118,NSW,Australia,10
1291,Warner,Zuker,Male,1980-08-16,132,Quality Engineer,Health,Mass Customer,N,No,333,07780 Autumn Leaf Drive,4209,QLD,Australia,7
3275,Lela,Carrell,Female,1975-10-22,49,Computer Systems Analyst IV,Manufacturing,Mass Customer,N,No,334,07803 Dexter Pass,2170,NSW,Australia,9
1348,Lowe,Hinckes,Male,1984-04-10,187,VP Sales,n/a,High Net Worth,N,No,335,0784 Utah Plaza,3199,VIC,Australia,7
2215,Viola,Wadhams,Female,1971-02-20,175,Structural Engineer,Financial Services,Mass Customer,N,Yes,336,079 Katie Alley,3216,VIC,Australia,9
95,Nomi,Mallinder,Female,1960-12-25,158,Software Engineer III,Manufacturing,Affluent Customer,N,Yes,337,079 Merry Park,2160,New South Wales,Australia,9
238,Max,Bilborough,Male,1984-02-04,128,Programmer III,n/a,Mass Customer,N,Yes,338,0796 Melody Park,2200,NSW,Australia,9
2150,Huntlee,Pashba,Male,1959-09-05,197,,Retail,Affluent Customer,N,Yes,339,0799 Florence Street,2089,NSW,Australia,9
3373,Inna,Atack,Female,1991-01-25,140,Research Associate,Health,Mass Customer,N,No,340,08 Arapahoe Alley,4213,QLD,Australia,9
1107,Maridel,Whitby,Female,1974-07-17,154,Social Worker,Health,High Net Worth,N,No,341,08 Carey Center,3284,VIC,Australia,6
3968,Alexandra,Kroch,Female,1977-12-22,197,,Property,High Net Worth,N,No,342,08 Dennis Crossing,3184,VIC,Australia,11
296,Marshal,Rathbone,Male,1972-06-19,197,,Health,High Net Worth,N,Yes,343,08 Golf View Plaza,3199,VIC,Australia,9
2870,Aldis,Chazerand,Male,1957-12-26,197,,n/a,Mass Customer,N,No,344,08 Monterey Avenue,3043,VIC,Australia,7
341,Jeremiah,Wasling,Male,1976-08-25,82,GIS Technical Architect,Financial Services,Mass Customer,N,No,345,08 Ronald Regan Plaza,2251,NSW,Australia,9
3195,Vickie,West,Female,1981-03-30,180,Tax Accountant,Manufacturing,Mass Customer,N,No,346,08 Roth Hill,4208,QLD,Australia,7
1553,Vanna,Matts,Female,1956-05-31,19,Administrative Assistant IV,Retail,High Net Worth,N,No,347,08 Twin Pines Place,2768,NSW,Australia,9
3296,Leontyne,Jackett,Female,1974-11-11,132,Quality Engineer,Financial Services,Affluent Customer,N,Yes,348,08 Upham Place,2176,NSW,Australia,9
759,Mitchel,Schimek,Male,1963-04-18,43,Clinical Specialist,Health,High Net Worth,N,No,349,08 Vidon Center,2143,NSW,Australia,5
2380,Merissa,Milella,Female,1956-04-09,182,Technical Writer,Retail,Mass Customer,N,Yes,350,080 Pond Alley,2065,NSW,Australia,9
3557,Tisha,Gibbings,Female,1978-05-12,197,,Health,Affluent Customer,N,No,351,0800 Donald Hill,4000,QLD,Australia,7
3189,Abbott,Knaggs,Male,1963-03-01,70,Environmental Specialist,Financial Services,Mass Customer,N,No,352,081 Oakridge Street,2519,NSW,Australia,10
1544,Keane,Moneypenny,Male,1963-08-22,56,Dental Hygienist,Health,Affluent Customer,N,Yes,353,08167 Buhler Avenue,2153,NSW,Australia,10
3071,Shirlee,Murdoch,Female,1989-12-25,24,Assistant Media Planner,Entertainment,Mass Customer,N,Yes,354,08180 Golf Park,3068,VIC,Australia,8
2841,Bibby,Carnson,Female,1963-01-31,134,Recruiting Manager,n/a,Mass Customer,N,No,355,082 Twin Pines Avenue,4270,QLD,Australia,7
735,Khalil,Pennings,Male,1965-04-20,23,Assistant Manager,Financial Services,Mass Customer,N,Yes,356,08260 Jay Court,3191,Victoria,Australia,11
3748,Maurise,Beal,Male,1956-01-10,169,Staff Scientist,n/a,Affluent Customer,N,Yes,357,08261 Aberg Junction,2176,NSW,Australia,9
2463,Krystle,Jovicevic,Female,1978-01-30,118,Pharmacist,Health,Mass Customer,N,No,358,083 Farragut Avenue,2540,NSW,Australia,7
2564,Bell,Carley,Female,1976-04-29,68,Engineer III,Health,Mass Customer,N,No,359,084 Brickson Park Park,3177,VIC,Australia,5
2313,Christa,Pauley,Female,1966-07-10,40,Chemical Engineer,Manufacturing,Mass Customer,N,No,360,08475 Shoshone Park,3116,VIC,Australia,9
3507,Christoph,Greatreax,Male,1955-03-03,119,Physical Therapy Assistant,Financial Services,Mass Customer,N,No,361,08479 Hazelcrest Street,3340,VIC,Australia,4
250,Kristofer,,Male,1988-04-15,98,Legal Assistant,Health,Mass Customer,N,Yes,362,0850 Schmedeman Drive,3580,VIC,Australia,1
510,Sheilah,Blackmore,Female,1992-06-15,197,,n/a,Mass Customer,N,No,363,08501 Kropf Trail,3152,Victoria,Australia,10
2347,L;urette,Annott,Female,1957-03-04,122,Programmer Analyst I,n/a,High Net Worth,N,No,364,0866 Pennsylvania Junction,3181,VIC,Australia,10
1680,Loise,Austins,Female,1998-07-28,58,Desktop Support Technician,Property,Mass Customer,N,Yes,365,087 Fallview Plaza,4209,QLD,Australia,5
1759,Quillan,Shortland,Male,1969-06-02,34,Biostatistician IV,Financial Services,High Net Worth,N,No,366,08731 Coleman Lane,3352,VIC,Australia,6
508,Abagail,Tordiffe,Female,1971-01-18,130,Project Manager,Property,Mass Customer,N,Yes,367,089 Old Shore Point,3156,Victoria,Australia,8
497,Allissa,Brinklow,Female,1974-01-09,197,,Property,Mass Customer,N,Yes,368,0897 Little Fleur Way,3621,Victoria,Australia,8
2118,Ulrick,Calyton,Male,1978-07-22,61,Developer III,n/a,High Net Worth,N,No,369,0899 Judy Pass,3072,VIC,Australia,10
720,Darrel,Canet,Male,1931-10-23,134,Recruiting Manager,Retail,Affluent Customer,N,No,370,09 Bartelt Lane,2190,NSW,Australia,8
1506,Andonis,Cochrane,Male,1958-02-21,197,,Property,Mass Customer,N,No,371,09 Bayside Place,2223,NSW,Australia,10
429,Berny,Bold,Female,1978-07-30,44,Community Outreach Specialist,IT,High Net Worth,N,Yes,372,09 Graceland Junction,3204,VIC,Australia,2
2273,Rhetta,Lambrook,Female,1964-08-04,25,Assistant Professor,n/a,Mass Customer,N,Yes,373,09 Grim Lane,3752,VIC,Australia,4
1339,Mariam,Guiel,Female,1978-12-09,64,Editor,IT,High Net Worth,N,No,374,09 Hagan Pass,3196,VIC,Australia,8
3160,Eadmund,Braycotton,Male,1978-07-03,102,Mechanical Systems Engineer,IT,Mass Customer,N,No,375,09 Mitchell Terrace,2166,NSW,Australia,9
2090,Stanton,Schimoni,Male,1964-12-05,89,Help Desk Technician,Financial Services,Mass Customer,N,Yes,376,09 Pierstorff Point,4514,QLD,Australia,6
2993,Blinnie,Hazelden,Female,1995-03-07,83,Graphic Designer,Financial Services,Affluent Customer,N,No,377,09 Texas Plaza,4285,QLD,Australia,3
1078,Abe,Pilley,Male,1976-06-05,72,Executive Secretary,Manufacturing,Mass Customer,N,No,378,09 Warbler Court,4152,QLD,Australia,9
3935,Teodor,Alfonsini,U,,197,,IT,High Net Worth,N,Yes,379,0900 Northport Point,2085,NSW,Australia,11
214,Jeramie,Cellier,Male,1957-11-29,75,Food Chemist,Health,Mass Customer,N,No,380,09040 Myrtle Parkway,2015,NSW,Australia,8
464,Karel,Dimelow,Female,1958-03-23,197,,n/a,Mass Customer,N,Yes,381,091 Farragut Crossing,3058,Victoria,Australia,9
1687,Chance,Maben,Male,1991-05-09,197,,Manufacturing,Affluent Customer,N,Yes,382,091 Hoard Street,2229,NSW,Australia,12
1299,Maddy,Aiskovitch,Female,1977-01-17,106,Media Manager IV,n/a,Affluent Customer,N,No,383,0917 Golf View Parkway,4217,QLD,Australia,1
16,Harlin,Parr,Male,1977-02-27,106,Media Manager IV,n/a,Mass Customer,N,Yes,384,092 2nd Alley,2135,New South Wales,Australia,12
3750,Yanaton,Beacom,Male,1972-04-14,40,Chemical Engineer,Manufacturing,Affluent Customer,N,Yes,385,09295 Judy Terrace,2753,NSW,Australia,8
3941,Cinnamon,Batram,Female,1978-05-03,182,Technical Writer,Manufacturing,Mass Customer,N,Yes,386,093 Mallard Hill,4034,QLD,Australia,7
2285,Maritsa,Bellison,Female,1973-10-27,131,Quality Control Specialist,Health,High Net Worth,N,No,387,09356 Badeau Drive,3630,VIC,Australia,1
1038,Fraser,Acome,U,,66,Engineer I,Manufacturing,Mass Customer,N,Yes,388,094 Green Road,2216,NSW,Australia,11
820,Cecilia,Chipchase,Female,1977-01-06,197,,Financial Services,High Net Worth,N,No,389,09413 Holmberg Terrace,4127,QLD,Australia,3
394,Roanne,Cowthard,Female,1977-06-06,98,Legal Assistant,Health,High Net Worth,N,Yes,390,095 Prairieview Circle,3191,VIC,Australia,12
1755,Dagmar,Panyer,Female,1986-08-23,180,Tax Accountant,Property,Mass Customer,N,No,391,096 Anniversary Point,2030,NSW,Australia,12
3824,Giffard,Stollman,Male,1994-11-21,197,,Property,Mass Customer,N,No,392,0964 Bayside Park,3136,VIC,Australia,9
1329,Wendy,Randlesome,Female,1989-07-15,55,Database Administrator IV,n/a,Mass Customer,N,No,393,09653 Golf View Way,3840,VIC,Australia,2
3404,Thomasine,McCloch,Female,1973-08-01,82,GIS Technical Architect,Property,Affluent Customer,N,No,394,097 Gulseth Lane,4178,QLD,Australia,8
1152,Humfrid,Ducket,Male,1998-06-23,39,Business Systems Development Analyst,Financial Services,Mass Customer,N,Yes,395,098 Veith Hill,4510,QLD,Australia,3
1744,Phoebe,Kahen,Female,1972-01-21,109,Nurse Practicioner,Financial Services,High Net Worth,N,No,396,09810 Dayton Hill,4035,QLD,Australia,8
307,Ruben,Handlin,Male,1984-08-18,43,Clinical Specialist,Health,Affluent Customer,N,Yes,397,099 Nova Plaza,2227,NSW,Australia,10
2305,Aeriell,Greeding,Female,1984-07-09,41,Chief Design Engineer,Financial Services,Affluent Customer,N,Yes,398,0991 Commercial Road,4300,QLD,Australia,5
1017,Jacquenette,Pluthero,Female,1979-01-09,24,Assistant Media Planner,Entertainment,High Net Worth,N,No,399,0996 Cody Terrace,2761,NSW,Australia,8
889,Ezequiel,Coggeshall,Male,1967-02-19,147,Sales Representative,Retail,Affluent Customer,N,Yes,400,1 5th Parkway,2148,NSW,Australia,8
3747,Valerye,Yukhtin,Female,1990-02-24,195,Web Developer IV,Manufacturing,Mass Customer,N,Yes,401,1 Algoma Trail,4213,QLD,Australia,6
3919,Traci,Beeckx,Female,1963-07-30,50,Cost Accountant,Financial Services,High Net Worth,N,No,402,1 Banding Way,4218,QLD,Australia,8
2222,Caroline,Grabban,Female,1974-08-26,121,Professor,Financial Services,Mass Customer,N,No,403,1 Basil Street,4037,QLD,Australia,8
2365,Lauretta,Furmonger,Female,1998-10-18,174,Structural Analysis Engineer,Argiculture,Mass Customer,N,Yes,404,1 Bay Pass,3219,VIC,Australia,5
1352,Jerald,Lesly,Male,1954-12-28,65,Electrical Engineer,Manufacturing,High Net Worth,N,No,405,1 Bayside Pass,3076,VIC,Australia,8
2011,Guthrie,MacAne,Male,1978-01-22,187,VP Sales,Manufacturing,High Net Worth,N,Yes,406,1 Bobwhite Circle,2230,NSW,Australia,9
974,Mellicent,Dollin,Female,1991-06-07,19,Administrative Assistant IV,n/a,Mass Customer,N,Yes,407,1 Boyd Junction,2460,NSW,Australia,1
1357,Waylin,Eassom,Male,1993-05-14,141,Research Nurse,Health,High Net Worth,N,No,408,1 Boyd Terrace,3280,VIC,Australia,4
3783,Eachelle,Girardey,Female,1974-08-29,45,Compensation Analyst,Financial Services,Mass Customer,N,No,409,1 Carey Crossing,2047,NSW,Australia,10
423,Orville,Akerman,Male,1956-11-08,152,Senior Quality Engineer,n/a,Mass Customer,N,No,410,1 Carey Pass,2065,NSW,Australia,11
3538,Kerby,Nassie,Male,1977-11-14,101,Marketing Manager,Health,Mass Customer,N,No,411,1 Chive Trail,4670,QLD,Australia,2
38,Cordi,Merman,Female,1955-10-29,148,Senior Cost Accountant,Financial Services,Affluent Customer,N,No,412,1 Claremont Park,3931,VIC,Australia,10
993,Reine,Semken,Female,1977-02-18,1,Account Coordinator,Argiculture,High Net Worth,N,No,413,1 Continental Center,2146,NSW,Australia,9
2398,Mirelle,,Female,2000-10-11,19,Administrative Assistant IV,Financial Services,High Net Worth,N,Yes,414,1 Coolidge Plaza,2150,NSW,Australia,7
523,Elberta,Tixall,Female,1974-11-24,151,Senior Financial Analyst,Financial Services,Affluent Customer,N,Yes,415,1 Cordelia Alley,2261,NSW,Australia,8
902,Selene,Vasiltsov,Female,1989-07-26,169,Staff Scientist,Retail,Mass Customer,N,No,416,1 Cottonwood Street,3150,VIC,Australia,9
3491,Leanna,Cromb,Female,1976-04-03,39,Business Systems Development Analyst,Financial Services,Affluent Customer,N,No,417,1 Dayton Park,2767,NSW,Australia,9
2265,Brendan,Vicent,Male,1980-07-29,197,,Property,Mass Customer,N,Yes,418,1 Del Sol Center,2323,NSW,Australia,3
3759,Sue,Batstone,Female,1995-03-04,129,Programmer IV,Property,Mass Customer,N,Yes,419,1 Dixon Way,3072,VIC,Australia,5
293,Virgilio,Willcocks,Male,1989-12-10,18,Administrative Assistant III,Manufacturing,Mass Customer,N,Yes,420,1 Drewry Junction,3810,VIC,Australia,7
2804,Jeno,Brimming,Male,1964-09-06,109,Nurse Practicioner,n/a,Mass Customer,N,Yes,421,1 Elgar Street,2010,NSW,Australia,9
1618,Andee,Scardifeild,Female,1966-03-01,149,Senior Developer,n/a,Mass Customer,N,No,422,1 Eliot Road,3910,VIC,Australia,8
3585,Concordia,Lunbech,Female,1962-07-28,197,,Financial Services,High Net Worth,N,Yes,423,1 Esker Pass,4575,QLD,Australia,8
3282,Helga,Nuzzi,Female,1959-04-24,43,Clinical Specialist,Health,High Net Worth,N,No,424,1 Fairview Park,3977,VIC,Australia,7
1669,Jabez,Glasspoole,Male,1978-03-18,183,VP Accounting,Financial Services,High Net Worth,N,Yes,425,1 Fallview Street,2155,NSW,Australia,10
2931,Efren,Twiddell,Male,1979-01-27,72,Executive Secretary,IT,Mass Customer,N,Yes,426,1 Farwell Center,2199,NSW,Australia,9
3812,Sophie,Druhan,Female,1977-07-04,185,VP Product Management,Retail,Mass Customer,N,Yes,427,1 Fordem Road,2144,NSW,Australia,9
2717,Frederic,McGown,Male,1981-03-25,135,Registered Nurse,Health,Mass Customer,N,No,428,1 Forest Junction,2620,NSW,Australia,10
2481,Amber,Ruslin,Female,1979-01-20,41,Chief Design Engineer,Manufacturing,Mass Customer,N,Yes,429,1 Forster Junction,2880,NSW,Australia,1
1815,Bab,Bingall,Female,1954-03-26,160,Software Test Engineer I,Argiculture,Mass Customer,N,Yes,430,1 Garrison Street,3103,VIC,Australia,12
3162,Deanne,Delacour,Female,1978-02-24,106,Media Manager IV,Argiculture,Mass Customer,N,Yes,431,1 Glacier Hill Parkway,2017,NSW,Australia,8
2978,Erasmus,Winckworth,Male,1974-05-07,129,Programmer IV,Manufacturing,Affluent Customer,N,No,432,1 Graceland Trail,3195,VIC,Australia,9
3187,Samuele,Roycroft,Male,1974-05-12,152,Senior Quality Engineer,Financial Services,Mass Customer,N,Yes,433,1 Jenifer Court,4280,QLD,Australia,4
794,Scott,Ommundsen,Male,1955-05-12,45,Compensation Analyst,Financial Services,Affluent Customer,N,Yes,434,1 Loomis Parkway,3156,VIC,Australia,9
1025,Ario,Jeromson,Male,1997-07-30,132,Quality Engineer,IT,Mass Customer,N,Yes,435,1 Mcbride Center,2484,NSW,Australia,6
2181,Tobe,Roxby,Male,1974-07-17,2,Account Executive,IT,Mass Customer,N,Yes,436,1 Melby Way,2527,NSW,Australia,7
3036,Windy,Orehead,Female,1977-04-17,39,Business Systems Development Analyst,Property,Affluent Customer,N,Yes,437,1 Melrose Lane,2010,NSW,Australia,9
2560,Sherm,Tythe,Male,1980-10-01,62,Developer IV,n/a,Mass Customer,N,No,438,1 Mendota Drive,2107,NSW,Australia,11
1186,Brantley,Cecchi,Male,1977-05-28,88,Help Desk Operator,Manufacturing,Affluent Customer,N,Yes,439,1 Merrick Parkway,2830,NSW,Australia,2
3471,Brita,Afonso,Female,1953-09-05,132,Quality Engineer,IT,High Net Worth,N,Yes,440,1 Michigan Way,2153,NSW,Australia,10
738,Bunnie,Whines,Female,1984-12-08,197,,Argiculture,Mass Customer,N,Yes,441,1 Monica Street,2100,NSW,Australia,9
1807,Pollyanna,Serjeantson,Female,1955-03-15,88,Help Desk Operator,n/a,High Net Worth,N,Yes,442,1 Monterey Terrace,2011,NSW,Australia,12
690,Lindsey,,Male,1987-03-27,25,Assistant Professor,n/a,Affluent Customer,N,Yes,443,1 Moose Avenue,2017,NSW,Australia,8
1672,Sharla,Creebo,Female,1963-04-27,57,Design Engineer,IT,Affluent Customer,N,Yes,444,1 Morning Circle,2250,NSW,Australia,8
1743,Pall,Creek,Male,1981-07-25,63,Director of Sales,Manufacturing,Affluent Customer,N,Yes,445,1 Namekagon Parkway,4075,QLD,Australia,5
1280,Horacio,Peyntue,Male,1978-01-24,100,Marketing Assistant,Manufacturing,High Net Worth,N,Yes,446,1 Namekagon Plaza,4306,QLD,Australia,8
1125,Raff,Everley,Male,1990-01-19,162,Software Test Engineer III,IT,Affluent Customer,N,No,447,1 Nevada Park,4226,QLD,Australia,8
2382,Turner,Huggens,Male,1971-07-05,13,Accounting Assistant III,Retail,Mass Customer,N,Yes,448,1 Nova Avenue,2200,NSW,Australia,9
823,Stesha,Morecombe,Female,1990-02-17,96,Internal Auditor,Manufacturing,Affluent Customer,N,No,449,1 Oriole Alley,4171,QLD,Australia,11
3787,Mariejeanne,Kelling,Female,1965-10-06,178,Systems Administrator III,Manufacturing,High Net Worth,N,No,450,1 Pankratz Circle,3083,VIC,Australia,8
3631,Mignonne,Barwood,Female,1962-07-01,130,Project Manager,IT,High Net Worth,N,Yes,451,1 Park Meadow Drive,2145,NSW,Australia,9
3725,Elisha,Venny,Male,1970-07-21,137,Research Assistant II,n/a,Mass Customer,N,Yes,452,1 Parkside Avenue,3109,VIC,Australia,10
2082,Sybyl,Beekman,Female,1979-12-07,98,Legal Assistant,Health,Affluent Customer,N,Yes,453,1 Raven Circle,2450,NSW,Australia,7
1146,Hadleigh,Birley,Male,1992-08-31,25,Assistant Professor,Financial Services,High Net Worth,N,No,454,1 Raven Junction,4502,QLD,Australia,4
1985,Chrysler,Longstaffe,Female,1978-12-02,46,Computer Systems Analyst I,n/a,Mass Customer,N,Yes,455,1 Raven Place,2160,NSW,Australia,6
401,Halette,Helling,Female,1986-12-11,25,Assistant Professor,Retail,Mass Customer,N,No,456,1 Red Cloud Street,2770,NSW,Australia,8
963,Valery,Haresign,Female,1968-07-28,35,Budget/Accounting Analyst I,n/a,High Net Worth,N,Yes,457,1 Ridgeway Court,3241,VIC,Australia,5
3438,Gaylor,Carbry,Male,1996-02-16,130,Project Manager,Manufacturing,Mass Customer,N,No,458,1 Rigney Circle,2295,NSW,Australia,8
2659,Konstance,Elgey,Female,1974-06-14,121,Professor,Argiculture,High Net Worth,N,Yes,459,1 Ronald Regan Hill,2756,NSW,Australia,8
3232,Rose,Milsom,Female,1993-10-10,117,Payment Adjustment Coordinator,Financial Services,Mass Customer,N,Yes,460,1 Roth Pass,3199,VIC,Australia,4
333,Debbi,Doohey,Female,1965-06-20,146,Sales Associate,Financial Services,Affluent Customer,N,Yes,461,1 Rowland Circle,3105,VIC,Australia,10
1863,Adelbert,Doelle,Male,1978-05-11,185,VP Product Management,Telecommunications,High Net Worth,N,No,462,1 Saint Paul Terrace,2161,NSW,Australia,6
3522,Lorri,Byrth,Female,1989-08-21,50,Cost Accountant,Financial Services,High Net Worth,N,Yes,463,1 Schiller Place,2774,NSW,Australia,9
555,Jarib,Senior,Male,1970-11-08,97,Junior Executive,Property,Mass Customer,N,No,464,1 Service Alley,2116,NSW,Australia,10
2029,Charlie,Hastilow,Male,1992-03-10,108,Nurse,Manufacturing,Mass Customer,N,No,465,1 Sloan Avenue,2176,NSW,Australia,10
874,Howard,Oseland,Male,2001-05-05,197,,Health,Mass Customer,N,Yes,466,1 Springview Place,4800,QLD,Australia,5
2539,Tracie,Ashdown,Male,1967-04-22,107,Nuclear Power Engineer,Manufacturing,Affluent Customer,N,Yes,467,1 Straubel Alley,2117,NSW,Australia,10
616,Perl,Bysaker,Female,1995-07-13,197,,Health,High Net Worth,N,No,468,1 Thackeray Crossing,4114,QLD,Australia,3
3268,Estelle,Sam,Female,1986-05-31,76,General Manager,Manufacturing,Mass Customer,N,No,469,1 Toban Crossing,3616,VIC,Australia,3
2478,Andreas,Lamke,Male,1966-07-07,148,Senior Cost Accountant,Financial Services,Affluent Customer,N,Yes,470,1 Trailsway Lane,2145,NSW,Australia,9
3669,Maynard,Isaq,Male,1977-06-18,57,Design Engineer,Manufacturing,Affluent Customer,N,No,471,1 Upham Crossing,3041,VIC,Australia,3
3742,Veda,Faill,Female,1961-11-09,64,Editor,Property,High Net Worth,N,Yes,472,1 Utah Alley,2232,NSW,Australia,10
1936,Gisella,Scad,Female,1964-07-08,97,Junior Executive,Manufacturing,Mass Customer,N,Yes,473,1 Vernon Terrace,4226,QLD,Australia,6
512,Sigfried,Semken,Male,1955-04-15,183,VP Accounting,Financial Services,Mass Customer,N,No,474,1 Vidon Pass,2233,NSW,Australia,8
3411,Alena,Hannis,Female,1980-01-04,119,Physical Therapy Assistant,n/a,Mass Customer,N,Yes,475,1 Village Green Circle,2285,NSW,Australia,7
2760,Early,Saggs,Male,1976-04-19,181,Teacher,Property,Mass Customer,N,No,476,1 Wayridge Park,4301,QLD,Australia,1
2598,Lindsay,Maydway,Male,1980-03-26,149,Senior Developer,Manufacturing,Affluent Customer,N,No,477,10 American Alley,2066,NSW,Australia,12
1761,Kassi,List,Female,1974-08-29,98,Legal Assistant,Manufacturing,Mass Customer,N,Yes,478,10 Cambridge Street,4567,QLD,Australia,7
3186,Rora,Warre,Female,1997-05-09,197,,n/a,Mass Customer,N,Yes,479,10 Hauk Point,3936,VIC,Australia,9
1625,Caryl,Clara,Male,1977-12-09,95,Information Systems Manager,Property,Mass Customer,N,Yes,480,10 Hazelcrest Street,4413,QLD,Australia,5
2643,Dulsea,Maffi,Female,1989-10-11,108,Nurse,n/a,Affluent Customer,N,No,481,10 Kedzie Pass,2770,NSW,Australia,7
2948,Yank,Scarlett,Male,1997-01-17,96,Internal Auditor,Manufacturing,Mass Customer,N,Yes,482,10 Kensington Avenue,2117,NSW,Australia,10
1050,Marjie,Ghion,Female,1973-07-29,155,Software Consultant,Telecommunications,Mass Customer,N,Yes,483,10 Pennsylvania Hill,2118,NSW,Australia,11
2280,Wrennie,Alexandersson,Female,1960-11-18,35,Budget/Accounting Analyst I,n/a,Mass Customer,N,No,484,10055 Old Shore Lane,3630,VIC,Australia,1
3386,Cliff,Nolin,Male,1999-07-28,175,Structural Engineer,IT,High Net Worth,N,Yes,485,10097 Hooker Way,3196,VIC,Australia,8
2606,Addi,Seager,Female,1978-08-19,65,Electrical Engineer,Manufacturing,High Net Worth,N,No,486,1031 Kennedy Way,4507,QLD,Australia,7
2286,Katuscha,Sapsed,Female,1995-06-02,169,Staff Scientist,Manufacturing,High Net Worth,N,No,487,1032 Killdeer Place,3631,VIC,Australia,3
2761,Agathe,Weafer,Female,1961-11-11,95,Information Systems Manager,Financial Services,Mass Customer,N,No,488,10369 Sunbrook Way,4051,QLD,Australia,8
529,Sandor,Tumber,Male,1989-07-21,115,Operator,Retail,Affluent Customer,N,Yes,489,1038 Hayes Point,2021,NSW,Australia,7
3926,Allistir,Heckney,Male,1954-09-04,2,Account Executive,Manufacturing,Mass Customer,N,Yes,490,104 Kingsford Park,2154,NSW,Australia,9
1659,Olva,Sheehy,Female,1989-11-14,155,Software Consultant,Property,High Net Worth,N,Yes,491,1041 Center Road,2155,NSW,Australia,10
925,Nicko,Pembridge,Male,1978-08-07,10,Accountant IV,Manufacturing,Affluent Customer,N,No,492,10421 Cordelia Parkway,3188,VIC,Australia,12
2866,Ky,Stredder,Male,1995-06-26,197,,Health,High Net Worth,N,No,493,10434 Melby Pass,2200,NSW,Australia,7
94,Wallache,Simchenko,Male,1974-08-07,42,Civil Engineer,Manufacturing,Mass Customer,N,No,494,105 Shelley Alley,2209,New South Wales,Australia,10
3670,Leupold,Bernardini,Male,1977-03-20,197,,Financial Services,Affluent Customer,N,Yes,495,106 Donald Way,3216,VIC,Australia,4
1096,Jakie,Mungham,Male,1969-11-29,160,Software Test Engineer I,Health,High Net Worth,N,No,496,1063 Forest Avenue,4510,QLD,Australia,3
198,Vanya,Gumb,Female,1981-11-29,24,Assistant Media Planner,Entertainment,Mass Customer,N,No,497,107 Elmside Parkway,4811,QLD,Australia,5
1825,Arv,Whitsey,Male,1967-02-14,186,VP Quality Control,Financial Services,Mass Customer,N,Yes,498,107 Garrison Plaza,2200,NSW,Australia,10
1139,Shellysheldon,Wickey,Male,1982-09-15,64,Editor,Manufacturing,Mass Customer,N,Yes,499,107 Moland Court,2579,NSW,Australia,5
1270,Cullen,Langshaw,Male,1983-02-27,116,Paralegal,Financial Services,Affluent Customer,N,No,500,1075 Raven Place,4512,QLD,Australia,7
2343,Wilhelm,Corteis,Male,1959-03-24,109,Nurse Practicioner,Argiculture,High Net Worth,N,Yes,501,1081 Laurel Park,2049,NSW,Australia,12
189,Umberto,Torricella,Male,1981-07-19,142,Safety Technician I,Financial Services,Affluent Customer,N,No,502,10878 Waywood Way,4352,QLD,Australia,7
3910,Hall,Leyfield,Male,1980-09-10,187,VP Sales,IT,Mass Customer,N,No,503,109 Kipling Road,2156,NSW,Australia,11
262,Cordie,Petrelli,Male,1977-12-23,197,,Health,High Net Worth,N,Yes,504,109 Tomscot Avenue,2010,NSW,Australia,10
124,Kath,Cunney,Female,1995-05-03,17,Administrative Assistant II,Health,High Net Worth,N,Yes,505,10918 Merry Way,2452,New South Wales,Australia,5
1161,Sibylle,Cutsforth,Female,1977-01-14,152,Senior Quality Engineer,Retail,Mass Customer,N,No,506,11 Corscot Plaza,2710,NSW,Australia,1
3217,Lorena,Titterrell,Female,1968-03-12,119,Physical Therapy Assistant,Manufacturing,Mass Customer,N,No,507,11 Crescent Oaks Junction,4055,QLD,Australia,8
2444,Emmet,Cristoforo,Male,1977-05-13,26,Associate Professor,Manufacturing,High Net Worth,N,No,508,11 Dunning Pass,2219,NSW,Australia,10
3239,Wendi,Hew,Female,1971-12-06,169,Staff Scientist,Health,High Net Worth,N,No,509,11 Erie Hill,3915,VIC,Australia,7
3057,Mel,Shoebottom,Female,1976-03-28,72,Executive Secretary,n/a,Mass Customer,N,No,510,11 Farragut Junction,2530,NSW,Australia,8
2915,Enrichetta,Broadberry,Female,1975-06-02,38,Budget/Accounting Analyst IV,Manufacturing,Mass Customer,N,No,511,11 Glendale Court,4121,QLD,Australia,9
1249,Tabb,McKeowon,Male,1967-10-31,197,,Telecommunications,Mass Customer,N,No,512,11 Golf Pass,4805,QLD,Australia,2
3327,Roma,Le Gallo,Male,1973-02-02,181,Teacher,Manufacturing,Mass Customer,N,No,513,11 Hermina Junction,3219,VIC,Australia,3
2787,Teressa,Tague,Female,1980-09-26,100,Marketing Assistant,n/a,Affluent Customer,N,Yes,514,11 Manufacturers Junction,2170,NSW,Australia,8
3247,Bellanca,Raymond,Female,1985-04-09,175,Structural Engineer,Manufacturing,Mass Customer,N,Yes,515,11 Mifflin Junction,2193,NSW,Australia,10
3645,Cozmo,Rylstone,Male,1961-07-04,174,Structural Analysis Engineer,Manufacturing,High Net Worth,N,No,516,11 Ryan Hill,2229,NSW,Australia,9
2197,Filip,Willows,Male,1993-09-16,122,Programmer Analyst I,Financial Services,Mass Customer,N,No,517,11 Sage Place,4055,QLD,Australia,7
1702,Bryn,Whisby,Male,1956-04-03,141,Research Nurse,Health,Mass Customer,N,No,518,11 Victoria Place,2036,NSW,Australia,11
2847,Noreen,Matelaitis,Female,1976-03-21,110,Occupational Therapist,Health,Mass Customer,N,No,519,11035 Toban Lane,2770,NSW,Australia,8
316,Genni,Larway,Female,1976-06-01,70,Environmental Specialist,Manufacturing,Mass Customer,N,Yes,520,1108 Nevada Junction,4701,QLD,Australia,2
2680,Noella,Firk,Female,1959-05-11,74,Financial Analyst,Financial Services,Mass Customer,N,Yes,521,111 Hooker Avenue,4860,QLD,Australia,2
3102,Paquito,Maitland,Male,1990-06-04,23,Assistant Manager,Property,Affluent Customer,N,No,522,11171 Rigney Court,2770,NSW,Australia,6
1405,Kylie,Spriggin,Female,1958-04-05,185,VP Product Management,Manufacturing,High Net Worth,N,Yes,523,11207 Lukken Center,3500,VIC,Australia,2
2512,Franzen,Halliday,Male,1968-05-22,192,Web Developer I,n/a,High Net Worth,N,Yes,524,1127 Artisan Parkway,4070,QLD,Australia,5
1020,Natala,Thorndale,Female,1975-11-10,197,,IT,Affluent Customer,N,No,525,1128 Golden Leaf Center,3124,VIC,Australia,9
1998,Hamil,Britch,Male,1975-03-26,106,Media Manager IV,Manufacturing,High Net Worth,N,No,526,113 Lien Place,2560,NSW,Australia,6
60,Nadiya,Champerlen,Female,1970-02-04,197,,Manufacturing,Mass Customer,N,No,527,11474 Westend Hill,3752,VIC,Australia,8
1055,Danell,Rose,Female,1988-06-08,51,Data Coordiator,Manufacturing,Mass Customer,N,No,528,1149 Riverside Parkway,2016,NSW,Australia,11
1681,Rupert,Gilstoun,Male,1979-12-07,197,,Health,High Net Worth,N,Yes,529,116 Sullivan Avenue,3941,VIC,Australia,9
1463,Willie,Landsberg,Male,1965-04-18,41,Chief Design Engineer,Property,High Net Worth,N,Yes,530,11606 Myrtle Street,2207,NSW,Australia,8
1819,Deedee,Fransinelli,Female,1994-11-23,83,Graphic Designer,Entertainment,Mass Customer,N,Yes,531,1164 Toban Road,3806,VIC,Australia,5
227,Wendall,McKeand,Male,1973-08-14,7,Accountant I,Entertainment,Mass Customer,N,No,532,11667 Blackbird Street,2226,NSW,Australia,10
3303,Ced,Cuell,Male,1967-02-02,175,Structural Engineer,Telecommunications,Affluent Customer,N,Yes,533,1172 Mesta Center,4740,QLD,Australia,2
488,Domini,Ghelerdini,Female,1980-07-11,88,Help Desk Operator,Property,Mass Customer,N,Yes,534,11731 3rd Hill,3004,Victoria,Australia,9
1056,Kendricks,Markel,Male,1966-12-18,163,Software Test Engineer IV,Manufacturing,Affluent Customer,N,No,535,1176 Pine View Lane,2112,NSW,Australia,11
3660,Gradeigh,Hothersall,Male,1981-03-14,19,Administrative Assistant IV,Financial Services,Mass Customer,N,No,536,11879 Surrey Court,2768,NSW,Australia,9
583,Tirrell,Haysham,Male,1986-04-14,135,Registered Nurse,Health,Mass Customer,N,No,537,1192 Declaration Hill,3207,Victoria,Australia,8
1945,Griffin,Gisbourn,Male,1978-07-10,161,Software Test Engineer II,n/a,High Net Worth,N,Yes,538,1197 Carey Junction,2280,NSW,Australia,7
736,Sansone,Eastcourt,Male,1974-05-24,88,Help Desk Operator,n/a,High Net Worth,N,No,539,12 6th Hill,4810,QLD,Australia,2
1389,Reina,Drever,Female,1962-05-14,197,,Health,Affluent Customer,N,No,540,12 Alpine Lane,3754,VIC,Australia,8
3498,Lois,Abrahim,Female,1995-11-02,197,,Manufacturing,Mass Customer,N,No,541,12 Elgar Place,2155,NSW,Australia,10
1474,Farley,Rosen,Male,1986-05-27,174,Structural Analysis Engineer,Health,Mass Customer,N,Yes,542,12 Express Pass,2340,NSW,Australia,2
2544,Ellery,Bowra,Male,1988-01-31,184,VP Marketing,Manufacturing,Mass Customer,N,Yes,543,12 Fairfield Parkway,3029,VIC,Australia,7
3449,Ilyssa,Hannabuss,Female,1974-09-26,186,VP Quality Control,Argiculture,High Net Worth,N,Yes,544,12 Kings Hill,4272,QLD,Australia,9
531,Modesty,Fletcher,Female,1993-08-26,148,Senior Cost Accountant,Financial Services,High Net Worth,N,No,545,12 Monument Alley,3124,Victoria,Australia,12
1259,Emmi,Dymock,Female,1973-11-24,25,Assistant Professor,Financial Services,Mass Customer,N,No,546,12 Prentice Point,4670,QLD,Australia,1
3230,Calida,Clardge,Female,1970-02-14,72,Executive Secretary,Financial Services,Mass Customer,N,No,547,12 Quincy Lane,3141,VIC,Australia,8
1482,Georas,Niesel,Male,1979-04-30,65,Electrical Engineer,Manufacturing,Mass Customer,N,No,548,12 Redwing Street,2325,NSW,Australia,4
3339,Andrea,Rand,Male,1986-05-08,124,Programmer Analyst III,Health,Mass Customer,N,No,549,12061 Rowland Alley,3228,VIC,Australia,8
3149,Caprice,Pack,Female,1980-09-03,180,Tax Accountant,n/a,Affluent Customer,N,Yes,550,121 Anniversary Lane,2200,NSW,Australia,9
1205,Barton,Baudts,Male,1978-06-05,39,Business Systems Development Analyst,Manufacturing,Affluent Customer,N,No,551,12103 Merchant Circle,3072,VIC,Australia,9
2712,Carissa,Hassent,Female,1987-06-26,180,Tax Accountant,Manufacturing,High Net Worth,N,Yes,552,122 Chinook Center,2112,NSW,Australia,11
244,Germayne,Sperry,Male,1974-11-25,197,,Retail,Affluent Customer,N,No,553,122 Melrose Drive,2102,NSW,Australia,10
128,Isidro,Cypler,Male,1977-07-17,178,Systems Administrator III,Property,Mass Customer,N,Yes,554,12306 Lawn Street,2145,New South Wales,Australia,8
1424,Allin,Arbuckel,Male,1974-08-03,110,Occupational Therapist,Health,High Net Worth,N,Yes,555,1231 Grim Road,2760,NSW,Australia,8
3255,Sutherlan,Truin,U,,69,Engineer IV,IT,High Net Worth,N,No,556,12357 Arapahoe Parkway,4740,QLD,Australia,3
143,Kendall,Figg,Male,1957-09-01,115,Operator,Argiculture,Mass Customer,N,Yes,557,12375 Cambridge Pass,2065,New South Wales,Australia,11
2147,Franzen,Kielty,Male,1998-11-04,69,Engineer IV,n/a,High Net Worth,N,Yes,558,124 Fulton Crossing,4680,QLD,Australia,3
1402,Hillier,Andraud,Male,2001-12-08,25,Assistant Professor,Telecommunications,Mass Customer,N,No,559,12439 Kropf Way,3049,VIC,Australia,6
1452,Zachery,Hamber,Male,1955-12-31,144,Safety Technician III,Retail,Mass Customer,N,No,560,1253 Ridge Oak Center,2560,NSW,Australia,4
3916,Myrtia,,Female,1958-10-17,197,,Retail,Affluent Customer,N,Yes,561,12548 Eagan Court,2768,NSW,Australia,9
2874,Delores,Ashcroft,Female,1977-12-28,107,Nuclear Power Engineer,Manufacturing,Affluent Customer,N,No,562,12574 Truax Alley,2316,NSW,Australia,6
2386,Adrianne,Lowerson,Female,1997-07-06,45,Compensation Analyst,Financial Services,Mass Customer,N,No,563,12651 Lake View Point,4209,QLD,Australia,7
2857,Alanna,Geram,Female,1957-04-05,31,Biostatistician I,Manufacturing,Mass Customer,N,Yes,564,12689 Logan Terrace,4154,QLD,Australia,9
3930,Blancha,Baldi,Female,1988-01-06,197,,Financial Services,High Net Worth,N,No,565,1269 Esch Parkway,4078,QLD,Australia,6
1073,Elbertina,Donne,Female,1980-02-25,26,Associate Professor,n/a,Affluent Customer,N,Yes,566,12764 Raven Plaza,4020,QLD,Australia,7
511,Theo,Tolmie,Female,1982-12-02,56,Dental Hygienist,Health,High Net Worth,N,No,567,12845 Paget Lane,2026,NSW,Australia,12
1760,Kelsy,Barrowcliff,Female,1966-04-27,56,Dental Hygienist,Health,High Net Worth,N,No,568,12860 Warner Court,3129,VIC,Australia,8
2745,Moyra,Mount,Female,1977-01-06,40,Chemical Engineer,Manufacturing,Mass Customer,N,Yes,569,129 Mallory Junction,2196,NSW,Australia,10
3015,Queenie,Flips,Female,2000-09-02,23,Assistant Manager,Retail,Affluent Customer,N,No,570,13 Alpine Lane,2228,NSW,Australia,9
3138,Wait,Pardey,Male,1971-02-19,116,Paralegal,Financial Services,Mass Customer,N,Yes,571,13 Basil Lane,2036,NSW,Australia,9
1162,Ambrose,Raiston,Male,1990-04-13,100,Marketing Assistant,n/a,Mass Customer,N,Yes,572,13 Buhler Plaza,2576,NSW,Australia,8
3793,Shannen,Pitcock,Female,1957-05-12,69,Engineer IV,n/a,Affluent Customer,N,Yes,573,13 Colorado Lane,2099,NSW,Australia,9
2631,Antonio,Brewis,Male,1995-05-11,156,Software Engineer I,Financial Services,Mass Customer,N,Yes,574,13 Dexter Lane,3279,VIC,Australia,8
3166,Bronson,Plowman,Male,1955-05-11,154,Social Worker,Health,Mass Customer,N,No,575,13 Marcy Alley,3138,VIC,Australia,8
2474,Chrysa,Burrett,Female,1980-06-08,72,Executive Secretary,Argiculture,High Net Worth,N,Yes,576,13 Tennyson Point,4370,QLD,Australia,6
2061,Loralyn,,Female,1983-01-24,182,Technical Writer,Manufacturing,High Net Worth,N,No,577,130 Hayes Crossing,2170,NSW,Australia,9
2982,Celisse,McCloughen,Female,1982-08-08,148,Senior Cost Accountant,Financial Services,Mass Customer,N,Yes,578,130 Thompson Plaza,2199,NSW,Australia,9
1694,Tonnie,McLinden,Male,1959-10-11,197,,IT,Mass Customer,N,Yes,579,1301 Northwestern Place,2117,NSW,Australia,9
251,Mala,,Female,1977-12-24,187,VP Sales,Financial Services,Affluent Customer,N,Yes,580,131 Northfield Parkway,3355,VIC,Australia,2
1277,Elias,Gerrie,Male,1972-12-26,89,Help Desk Technician,n/a,Mass Customer,N,Yes,581,131 Tony Road,4213,QLD,Australia,8
3868,Rica,Corrado,Female,1997-06-19,154,Social Worker,Health,Affluent Customer,N,Yes,582,1323 Maywood Plaza,2226,NSW,Australia,10
2930,Goddard,Benthall,Male,1997-07-25,24,Assistant Media Planner,Entertainment,Mass Customer,N,No,583,13282 Pond Circle,2471,NSW,Australia,2
3291,Cindy,Eakin,Female,1956-01-21,166,Staff Accountant II,Manufacturing,Mass Customer,N,No,584,133 Quincy Avenue,3810,VIC,Australia,4
2779,Douglas,Wrout,Male,1985-02-24,197,,n/a,Affluent Customer,N,Yes,585,13392 Emmet Parkway,2171,NSW,Australia,9
1951,Rockie,MacCosty,Male,2000-06-07,85,Health Coach II,Manufacturing,Mass Customer,N,Yes,586,134 Knutson Street,2281,NSW,Australia,9
953,Jasmin,Brodeur,Female,1979-05-23,197,,n/a,Mass Customer,N,No,587,1346 Forest Dale Point,3111,VIC,Australia,10
663,Massimo,Seymour,Male,1997-07-17,187,VP Sales,Property,Affluent Customer,N,Yes,588,1349 Namekagon Crossing,2134,NSW,Australia,12
1187,Antonino,Hogben,Male,1998-10-21,197,,Financial Services,Mass Customer,N,No,589,135 Crest Line Drive,2044,NSW,Australia,10
3406,Lucy,Lackmann,Female,1979-04-28,39,Business Systems Development Analyst,IT,Mass Customer,N,Yes,590,1351 Lunder Road,2049,NSW,Australia,10
2417,Cacilia,Swetland,Female,1974-06-24,108,Nurse,n/a,Affluent Customer,N,No,591,1369 Morrow Plaza,3046,VIC,Australia,8
2410,Eugenia,Verey,Female,1974-08-24,77,Geological Engineer,Manufacturing,Mass Customer,N,Yes,592,1369 Wayridge Terrace,3802,VIC,Australia,7
3909,Micheil,McGeorge,Male,1987-10-04,197,,Manufacturing,High Net Worth,N,Yes,593,13768 Commercial Trail,2155,NSW,Australia,10
1552,Cully,Mangeon,Male,1988-06-06,140,Research Associate,Entertainment,Mass Customer,N,Yes,594,13795 Corscot Drive,2147,NSW,Australia,9
896,Idell,Belderson,Female,1978-06-10,187,VP Sales,n/a,Mass Customer,N,No,595,13845 Hayes Center,3228,VIC,Australia,8
2152,Junina,Labone,Female,1968-11-05,54,Database Administrator III,Manufacturing,Mass Customer,N,Yes,596,13852 Burning Wood Terrace,2199,NSW,Australia,1
3651,Baxie,,Male,1999-11-15,90,Human Resources Assistant I,Manufacturing,Mass Customer,N,No,597,13854 Artisan Avenue,4508,QLD,Australia,3
167,Nathalie,Tideswell,Female,1969-10-27,197,,Health,High Net Worth,N,Yes,598,13950 Jackson Avenue,2099,NSW,Australia,11
2075,Devondra,Jovis,Female,1973-04-23,71,Environmental Tech,Manufacturing,Mass Customer,N,No,599,1396 Sugar Terrace,2145,NSW,Australia,10
656,Marty,Lebreton,Female,1978-11-17,29,Automation Specialist III,Manufacturing,High Net Worth,N,Yes,600,14 Autumn Leaf Avenue,2570,NSW,Australia,10
3896,Perla,Blakiston,Female,1979-10-15,180,Tax Accountant,n/a,Mass Customer,N,Yes,601,14 Bunting Alley,2073,NSW,Australia,12
2763,Dalila,Snawdon,Female,1979-03-04,15,Actuary,Financial Services,Mass Customer,N,Yes,602,14 Pennsylvania Alley,2225,NSW,Australia,10
3325,Sylas,,Male,1996-10-08,55,Database Administrator IV,Manufacturing,High Net Worth,N,No,603,14 Warbler Hill,2770,NSW,Australia,8
1848,Dev,Caghan,Male,1976-11-25,95,Information Systems Manager,Manufacturing,Mass Customer,N,No,604,14 Westport Pass,3029,VIC,Australia,6
2672,Talbert,Folliss,Male,1986-01-16,43,Clinical Specialist,Health,Affluent Customer,N,No,605,1411 Jenifer Center,4670,QLD,Australia,3
1432,Hiram,Kittiman,Male,1998-11-26,180,Tax Accountant,Argiculture,High Net Worth,N,Yes,606,14155 Evergreen Way,2756,NSW,Australia,8
1459,Haydon,Berkery,Male,1998-06-16,153,Senior Sales Associate,Manufacturing,Mass Customer,N,No,607,14179 Springs Drive,2557,NSW,Australia,9
541,Annissa,Balmforth,Female,1966-01-01,197,,Manufacturing,Affluent Customer,N,Yes,608,142 Cambridge Place,2761,NSW,Australia,8
715,Royal,Shinn,Male,1968-09-07,97,Junior Executive,n/a,Mass Customer,N,No,609,14254 Hallows Parkway,4615,QLD,Australia,1
349,Vinnie,Usherwood,Female,1981-04-15,49,Computer Systems Analyst IV,Manufacturing,High Net Worth,N,No,610,143 Elka Circle,3134,VIC,Australia,9
1455,Cleo,,Female,1992-07-26,156,Software Engineer I,Property,Affluent Customer,N,No,611,1435 Lukken Trail,2570,NSW,Australia,8
2403,Karalee,Tremlett,Female,1977-10-25,182,Technical Writer,Financial Services,Affluent Customer,N,No,612,1439 Utah Court,2176,NSW,Australia,9
2048,Sorcha,Genthner,Female,1960-04-13,73,Financial Advisor,Financial Services,High Net Worth,N,No,613,144 Parkside Parkway,4655,QLD,Australia,3
1356,Ofella,Walbrook,Female,1981-02-24,3,Account Representative I,n/a,High Net Worth,N,No,614,1450 Gulseth Park,3337,VIC,Australia,5
3101,Paxton,Lermit,Male,1987-08-27,77,Geological Engineer,Manufacturing,High Net Worth,N,No,615,146 Dakota Pass,4017,QLD,Australia,7
3946,Wylie,FitzGilbert,Male,1960-06-23,197,,Retail,High Net Worth,N,Yes,616,147 Brickson Park Drive,4017,QLD,Australia,7
2565,Joannes,Harbron,Female,1969-08-17,97,Junior Executive,Health,Affluent Customer,N,Yes,617,147 Golden Leaf Pass,2061,NSW,Australia,10
1706,Slade,Semark,Male,1961-08-19,197,,Financial Services,High Net Worth,N,Yes,618,147 Waubesa Point,2094,NSW,Australia,12
970,Kellyann,Hawton,Female,1980-06-26,183,VP Accounting,Financial Services,High Net Worth,N,Yes,619,1472 Meadow Vale Lane,4034,QLD,Australia,7
952,Marina,Andresen,Female,1971-06-13,187,VP Sales,Financial Services,Affluent Customer,N,Yes,620,14796 Ramsey Street,2069,NSW,Australia,12
3094,Izak,Andreutti,Male,1989-05-28,32,Biostatistician II,n/a,Mass Customer,N,Yes,621,148 Marcy Pass,4301,QLD,Australia,4
3995,Rusty,Iapico,Male,1975-12-12,169,Staff Scientist,Manufacturing,Mass Customer,N,Yes,622,1482 Hauk Trail,3064,VIC,Australia,3
3264,Garret,Higginbottam,Male,1978-08-19,197,,Financial Services,Mass Customer,N,Yes,623,14860 Clove Drive,3175,VIC,Australia,5
2792,Jocelyne,Darben,Female,1964-03-02,192,Web Developer I,Financial Services,Mass Customer,N,Yes,624,149 Browning Terrace,2343,NSW,Australia,2
51,Fidelio,Dilke,Male,1959-12-05,47,Computer Systems Analyst II,Retail,Mass Customer,N,No,625,15 Almo Lane,2029,New South Wales,Australia,10
3890,Mavra,Padell,Female,1962-05-25,119,Physical Therapy Assistant,Retail,Mass Customer,N,No,626,15 Duke Plaza,3013,VIC,Australia,8
701,Ransell,Ruler,Male,1956-05-01,75,Food Chemist,Health,Mass Customer,N,Yes,627,15 Emmet Street,2233,NSW,Australia,10
659,Natalee,Stringman,Female,1979-10-09,197,,Financial Services,Affluent Customer,N,Yes,628,15 Lindbergh Center,2199,NSW,Australia,9
2109,Grazia,Vinson,Female,1965-04-13,4,Account Representative II,Health,High Net Worth,N,Yes,629,15 Mcguire Junction,4128,QLD,Australia,6
2450,Jayson,Breheny,Male,1974-06-21,175,Structural Engineer,Retail,Affluent Customer,N,Yes,630,15 Shelley Hill,2164,NSW,Australia,8
256,Linell,Beadle,Female,1975-05-07,63,Director of Sales,Health,High Net Worth,N,Yes,631,15 Straubel Way,4680,QLD,Australia,2
1487,Kaela,Soppett,Female,1979-05-23,191,Web Designer IV,n/a,Affluent Customer,N,Yes,632,15012 Oneill Plaza,2285,NSW,Australia,5
3912,Ryon,Darridon,Male,1986-10-27,154,Social Worker,Health,Affluent Customer,N,No,633,15051 Monterey Street,2756,NSW,Australia,8
800,Quint,Popov,Male,1978-12-31,1,Account Coordinator,Manufacturing,Mass Customer,N,No,634,15067 Commercial Pass,4006,QLD,Australia,7
1811,Sylvan,Sugge,Male,1999-10-13,197,,Financial Services,Mass Customer,N,No,635,1508 Hooker Avenue,2000,NSW,Australia,8
422,Vito,Norker,Male,2002-01-06,197,,Manufacturing,Affluent Customer,N,No,636,15082 Crest Line Plaza,3040,VIC,Australia,8
3658,Bo,Vell,Male,1962-10-20,197,,Entertainment,Mass Customer,N,Yes,637,15093 Hallows Pass,3930,VIC,Australia,9
2209,Rriocard,Gavan,Male,1993-08-04,135,Registered Nurse,Health,Affluent Customer,N,Yes,638,152 Larry Alley,2756,NSW,Australia,9
3329,Karissa,Leal,Female,1974-08-06,197,,n/a,High Net Worth,N,No,639,1520 Summerview Road,2020,NSW,Australia,10
109,Cody,Blabey,Male,1978-12-11,100,Marketing Assistant,n/a,Affluent Customer,N,Yes,640,15239 Northwestern Point,4300,QLD,Australia,4
1024,Rhodia,D'Onise,Female,1992-06-05,154,Social Worker,Health,High Net Worth,N,Yes,641,15393 Cody Lane,2046,NSW,Australia,9
1155,Janetta,Hartrick,Female,1994-01-15,184,VP Marketing,Property,Mass Customer,N,Yes,642,154 Cambridge Point,3551,VIC,Australia,8
3604,Findlay,Lubman,Male,1971-04-09,186,VP Quality Control,Health,High Net Worth,N,Yes,643,154 Heffernan Trail,2038,NSW,Australia,10
430,Janice,Himsworth,Female,1973-04-26,116,Paralegal,Financial Services,High Net Worth,N,Yes,644,155 Basil Junction,2210,NSW,Australia,10
3641,Wolfie,Hoyes,Male,1975-10-02,42,Civil Engineer,Manufacturing,Affluent Customer,N,No,645,155 Sunfield Way,3212,VIC,Australia,2
2451,Upton,Orford,Male,1973-03-09,64,Editor,Argiculture,Affluent Customer,N,Yes,646,1556 Sheridan Hill,4165,QLD,Australia,5
3259,Rabi,,Male,1953-11-04,131,Quality Control Specialist,n/a,High Net Worth,N,No,647,15566 Waxwing Place,2135,NSW,Australia,9
1809,Reba,Southon,Female,1961-01-26,127,Programmer II,Health,Mass Customer,N,Yes,648,156 Lakeland Way,4035,QLD,Australia,9
2621,Moreen,Zoren,Female,1974-02-21,24,Assistant Media Planner,Entertainment,High Net Worth,N,No,649,1567 Schiller Street,3810,VIC,Australia,6
139,Gar,,Male,1964-07-28,115,Operator,Telecommunications,Affluent Customer,N,No,650,15673 Farmco Point,4017,QLD,Australia,6
2722,Faustine,Peert,Female,1987-03-28,197,,Health,Mass Customer,N,No,651,15776 Thackeray Alley,2261,NSW,Australia,7
2091,Dominga,Crosfield,Female,1980-06-22,112,Office Assistant II,Argiculture,Mass Customer,N,No,652,158 Lindbergh Crossing,3136,VIC,Australia,9
3374,Joann,Corrigan,Female,1959-11-17,146,Sales Associate,Manufacturing,Mass Customer,N,Yes,653,158 Utah Court,3082,VIC,Australia,8
2173,Gracia,McAteer,Female,1976-09-21,89,Help Desk Technician,IT,Mass Customer,N,Yes,654,15811 La Follette Park,2770,NSW,Australia,7
3598,Penny,McKirdy,Male,1994-12-17,48,Computer Systems Analyst III,Manufacturing,Affluent Customer,N,Yes,655,1585 Summer Ridge Alley,2548,NSW,Australia,6
2309,Herc,McIlhone,Male,1985-01-13,11,Accounting Assistant I,Manufacturing,Affluent Customer,N,No,656,159 Graceland Terrace,4343,QLD,Australia,1
2570,Hirsch,Peele,Male,1977-09-10,121,Professor,Financial Services,Mass Customer,N,Yes,657,15952 Mockingbird Court,2470,NSW,Australia,3
3593,Carry,Abercromby,Female,1996-04-10,98,Legal Assistant,Retail,Mass Customer,N,No,658,15980 Fairview Drive,2283,NSW,Australia,7
3319,Erda,,Female,1966-04-04,197,,Financial Services,Affluent Customer,N,Yes,659,15991 Saint Paul Road,4213,QLD,Australia,7
3497,Thia,O'Day,Female,1986-05-03,19,Administrative Assistant IV,Manufacturing,Affluent Customer,N,Yes,660,16 Carberry Pass,2119,NSW,Australia,11
2421,Marilee,Garbott,Female,1954-08-16,141,Research Nurse,Health,Affluent Customer,N,Yes,661,16 Dwight Court,2154,NSW,Australia,10
164,Aarika,Van Vuuren,Female,1999-08-07,150,Senior Editor,Retail,Affluent Customer,N,Yes,662,16 Golf View Center,3020,VIC,Australia,6
3153,Hannis,Jakubovits,Female,1973-12-30,45,Compensation Analyst,Financial Services,High Net Worth,N,No,663,16 Hansons Hill,2454,NSW,Australia,7
2648,Saunder,Newens,Male,1998-05-09,3,Account Representative I,n/a,Affluent Customer,N,No,664,16 Hudson Alley,2234,NSW,Australia,10
1540,Ilene,Agett,Female,1962-03-17,102,Mechanical Systems Engineer,Property,Mass Customer,N,Yes,665,16 Maple Wood Center,2155,NSW,Australia,10
3871,Magda,Shugg,Female,1983-11-13,134,Recruiting Manager,n/a,Mass Customer,N,No,666,16 Montana Way,2478,NSW,Australia,7
1828,Leigha,Bacchus,Female,1987-12-02,97,Junior Executive,Manufacturing,Affluent Customer,N,No,667,16 Monument Place,4701,QLD,Australia,3
1685,Marya,Milington,Female,1972-03-16,37,Budget/Accounting Analyst III,IT,Mass Customer,N,No,668,16 Saint Paul Street,4670,QLD,Australia,2
3512,Vladimir,Abramowsky,Male,1994-03-24,183,VP Accounting,Financial Services,Mass Customer,N,Yes,669,16 Vahlen Trail,2152,NSW,Australia,10
966,Krystyna,Linning,Female,1978-11-05,164,Speech Pathologist,Retail,High Net Worth,N,Yes,670,1601 Judy Drive,2026,NSW,Australia,10
1300,Sisely,Strelitzer,Female,1991-03-10,119,Physical Therapy Assistant,Financial Services,Affluent Customer,N,Yes,671,16039 Warrior Parkway,4130,QLD,Australia,7
130,Raddy,Delete,Male,1997-07-18,40,Chemical Engineer,Manufacturing,Mass Customer,N,No,672,1605 Northfield Junction,2158,New South Wales,Australia,11
1428,Morissa,Ozintsev,Female,1998-11-15,147,Sales Representative,Retail,High Net Worth,N,No,673,1617 Beilfuss Street,2759,NSW,Australia,8
3131,Sybilla,O' Markey,Female,1999-02-24,197,,Retail,Affluent Customer,N,Yes,674,1617 Harper Parkway,2096,NSW,Australia,10
1604,Natale,Duinbleton,Male,1960-04-11,197,,Financial Services,High Net Worth,N,No,675,1617 Lakewood Gardens Lane,2090,NSW,Australia,11
1778,Emera,Margrem,Female,2000-07-30,167,Staff Accountant III,n/a,Mass Customer,N,Yes,676,162 Golf View Hill,2011,NSW,Australia,6
797,Meridel,Rawet,Female,1973-10-20,96,Internal Auditor,Financial Services,Mass Customer,N,No,677,1626 Dawn Street,4514,QLD,Australia,3
3857,Tanner,McCuthais,Male,1985-11-26,175,Structural Engineer,Financial Services,Mass Customer,N,Yes,678,1628 Bonner Hill,2480,NSW,Australia,3
2272,Grete,Hindenburg,Female,1994-12-21,96,Internal Auditor,Manufacturing,Mass Customer,N,No,679,163 Gale Center,2077,NSW,Australia,10
62,Sorcha,Roggers,Female,1979-07-06,197,,IT,Mass Customer,N,Yes,680,163 Straubel Trail,2217,New South Wales,Australia,10
3577,Fowler,Scotsbrook,Male,1964-02-18,169,Staff Scientist,Retail,High Net Worth,N,No,681,16334 Rutledge Trail,3805,VIC,Australia,9
1016,Adrian,Prettyjohns,Male,1959-08-12,98,Legal Assistant,IT,Mass Customer,N,Yes,682,16395 Nevada Lane,2145,NSW,Australia,10
1827,Stormie,Smyth,Female,1978-01-15,147,Sales Representative,Retail,Affluent Customer,N,Yes,683,16405 Doe Crossing Parkway,3630,VIC,Australia,3
693,Bambi,Hebblethwaite,Female,1970-10-27,197,,Financial Services,Affluent Customer,N,Yes,684,16420 Veith Crossing,4214,QLD,Australia,7
631,Ortensia,Dronsfield,Female,1966-09-14,46,Computer Systems Analyst I,Health,Affluent Customer,N,No,685,165 Petterle Place,2145,NSW,Australia,8
1257,Prentiss,MacVicar,Male,1972-06-19,25,Assistant Professor,Property,Affluent Customer,N,Yes,686,16623 Mariners Cove Plaza,4127,QLD,Australia,2
2682,Annamarie,Bouzan,Female,1987-11-01,9,Accountant III,Manufacturing,High Net Worth,N,Yes,687,16639 Bunting Circle,3174,VIC,Australia,8
2927,Yard,Spellman,Male,1960-09-08,187,VP Sales,Manufacturing,Affluent Customer,N,Yes,688,16673 Pawling Point,4702,QLD,Australia,5
436,Erwin,Pendre,Male,1957-12-24,96,Internal Auditor,IT,Mass Customer,N,No,689,1693 Artisan Hill,2259,NSW,Australia,6
1885,Jerome,Sheavills,Male,1982-10-27,155,Software Consultant,Health,High Net Worth,N,Yes,690,16984 Pankratz Park,2324,NSW,Australia,7
2893,Erik,Pothecary,Male,1980-09-23,21,Analog Circuit Design manager,n/a,Mass Customer,N,No,691,17 Dapin Avenue,3189,VIC,Australia,10
3213,Marcile,Vasiliev,Female,1971-09-26,197,,Telecommunications,Affluent Customer,N,Yes,692,17 Nevada Drive,2122,NSW,Australia,11
1738,Frankie,Seydlitz,Male,1985-04-24,67,Engineer II,Argiculture,High Net Worth,N,Yes,693,17 Ohio Drive,4053,QLD,Australia,7
2881,Ezra,Steffan,Male,1962-09-27,26,Associate Professor,Health,Affluent Customer,N,Yes,694,17 Sachs Street,2761,NSW,Australia,8
2657,Coop,Stancer,Male,1991-12-16,133,Recruiter,n/a,Mass Customer,N,No,695,17 South Crossing,2770,NSW,Australia,7
3347,Nichols,,Male,1985-11-08,47,Computer Systems Analyst II,Entertainment,High Net Worth,N,Yes,696,17 Springs Center,4214,QLD,Australia,7
409,Tatiania,O'Kane,Female,1978-01-23,72,Executive Secretary,Health,Mass Customer,N,Yes,697,17 Sunfield Road,2211,NSW,Australia,9
86,Job,Sleney,Male,1989-03-04,110,Occupational Therapist,Health,High Net Worth,N,Yes,698,171 Fordem Junction,2233,New South Wales,Australia,10
2359,Merlina,Bream,Female,1986-03-25,102,Mechanical Systems Engineer,Property,High Net Worth,N,Yes,699,17123 Northport Circle,4223,QLD,Australia,9
1033,Jacob,Claringbold,Male,1995-01-06,197,,n/a,Affluent Customer,N,Yes,700,1715 Scoville Drive,2031,NSW,Australia,11
706,Kane,Gaffer,Male,1990-01-06,106,Media Manager IV,Financial Services,High Net Worth,N,Yes,701,1721 Nobel Junction,2753,NSW,Australia,8
3883,Nissa,Conrad,U,,98,Legal Assistant,IT,Mass Customer,N,No,702,1728 Springview Lane,4509,QLD,Australia,6
1233,Keeley,Hawsby,Female,1978-07-07,197,,Retail,Affluent Customer,N,Yes,703,17357 Katie Center,3677,VIC,Australia,4
2019,Neda,Perkis,Female,1953-09-13,184,VP Marketing,Entertainment,High Net Worth,N,No,704,174 Calypso Crossing,2770,NSW,Australia,7
3104,Diahann,Blundan,Female,1994-11-30,39,Business Systems Development Analyst,Property,Mass Customer,N,Yes,705,1742 Scott Center,4670,QLD,Australia,2
1662,Xenia,Willmett,Female,1956-04-01,65,Electrical Engineer,Manufacturing,High Net Worth,N,No,706,17485 Tennyson Pass,2221,NSW,Australia,10
3869,Amalie,Isabell,Female,1974-12-22,21,Analog Circuit Design manager,Manufacturing,Affluent Customer,N,No,707,17504 Spohn Center,2756,NSW,Australia,9
3466,Victor,Zaple,Male,1979-09-28,100,Marketing Assistant,IT,Mass Customer,N,No,708,176 Sutteridge Alley,3121,VIC,Australia,11
2031,Philbert,Albone,Male,1987-01-21,80,Geologist III,n/a,Mass Customer,N,No,709,177 Anniversary Parkway,2428,NSW,Australia,7
2883,Ulick,Bruty,Male,1995-05-19,116,Paralegal,Financial Services,Mass Customer,N,Yes,710,177 Forest Run Crossing,2046,NSW,Australia,10
822,Ardis,Tomlett,Female,1974-10-23,146,Sales Associate,Health,High Net Worth,N,No,711,177 Sheridan Trail,2759,NSW,Australia,8
2051,Teresita,Drinnan,Female,1959-06-15,77,Geological Engineer,Manufacturing,Affluent Customer,N,No,712,1786 Orin Street,2327,NSW,Australia,3
2155,Fayth,Millions,Female,1964-01-09,51,Data Coordiator,n/a,Mass Customer,N,No,713,1788 Columbus Trail,4510,QLD,Australia,4
1131,Sigmund,Barkworth,Male,1956-08-07,184,VP Marketing,n/a,Mass Customer,N,No,714,1792 Judy Road,2539,NSW,Australia,6
1654,Melli,Sperwell,Female,1989-03-05,121,Professor,IT,High Net Worth,N,Yes,715,17974 Kedzie Circle,2795,NSW,Australia,7
4,Talbot,,Male,1961-10-03,197,,IT,Mass Customer,N,No,716,17979 Del Mar Point,2448,New South Wales,Australia,4
3903,Dayna,Cawthera,Female,1981-02-13,138,Research Assistant III,n/a,Mass Customer,N,Yes,717,18 Bay Place,2176,NSW,Australia,9
2059,Kylen,Gimson,Female,1977-02-15,83,Graphic Designer,n/a,High Net Worth,N,No,718,18 Buhler Court,3186,VIC,Australia,12
3728,Chanda,Garmons,Female,1986-09-01,182,Technical Writer,Property,Affluent Customer,N,Yes,719,18 Chinook Plaza,2756,NSW,Australia,9
54,Loralyn,Wonfor,Femal,1966-07-24,146,Sales Associate,Property,Mass Customer,N,Yes,720,18 Elgar Park,2166,New South Wales,Australia,9
1970,Carl,Eyre,Male,1982-08-23,58,Desktop Support Technician,Manufacturing,Mass Customer,N,No,721,18 Express Street,2165,NSW,Australia,9
636,Alejandrina,Canavan,Female,1971-09-02,177,Systems Administrator II,n/a,Mass Customer,N,No,722,18 Forest Avenue,2204,NSW,Australia,9
19,Sorcha,Keyson,Female,2001-04-15,77,Geological Engineer,Manufacturing,High Net Worth,N,No,723,18 Jenna Center,2650,New South Wales,Australia,7
2032,Theodore,Chicchelli,Male,1983-09-09,131,Quality Control Specialist,Property,Mass Customer,N,Yes,724,18 Karstens Drive,2233,NSW,Australia,10
2732,Clarine,Yushkin,Female,1961-03-01,88,Help Desk Operator,Health,Mass Customer,N,No,725,18 Logan Alley,2159,NSW,Australia,11
853,Nolana,Rotter,Female,1981-10-04,103,Media Manager I,Retail,Mass Customer,N,Yes,726,18 Parkside Plaza,4122,QLD,Australia,4
2756,Cymbre,Sloey,Female,1969-01-17,197,,Entertainment,Mass Customer,N,No,727,18 School Alley,4655,QLD,Australia,3
3705,Tedmund,Clawsley,Male,1971-12-04,197,,Manufacturing,Mass Customer,N,Yes,728,18 Stephen Center,3189,VIC,Australia,10
2571,Chariot,Keefe,Male,1986-11-17,96,Internal Auditor,Health,Affluent Customer,N,Yes,729,18 Towne Way,2171,NSW,Australia,9
3500,Josy,Fleeman,Female,1967-07-21,197,,Entertainment,Affluent Customer,N,No,730,18072 American Parkway,3195,VIC,Australia,10
1793,Hewett,Handes,Male,1989-06-14,15,Actuary,Financial Services,Mass Customer,N,Yes,731,18083 Mallard Drive,3075,VIC,Australia,7
3322,Hew,Sworder,U,,74,Financial Analyst,Financial Services,Affluent Customer,N,Yes,732,18118 Maple Wood Crossing,2763,NSW,Australia,9
2381,Dulsea,Pladen,Female,1973-02-12,126,Programmer I,Argiculture,Affluent Customer,N,Yes,733,1816 Monument Park,3074,VIC,Australia,7
2585,Sly,Passo,Male,1994-06-22,80,Geologist III,n/a,Affluent Customer,N,No,734,1817 Bluejay Avenue,4218,QLD,Australia,10
3205,Egan,Flockhart,Male,1959-04-20,2,Account Executive,n/a,Mass Customer,N,No,735,182 Homewood Plaza,4053,QLD,Australia,7
3413,Zulema,Cristofolo,Female,1997-10-15,183,VP Accounting,Financial Services,Mass Customer,N,No,736,182 Thierer Pass,3131,VIC,Australia,12
370,Trstram,Bondesen,Male,1998-07-27,197,,Telecommunications,Affluent Customer,N,Yes,737,1823 Judy Center,3165,VIC,Australia,10
346,Timmie,Eisikowitz,Male,1981-03-15,74,Financial Analyst,Financial Services,Mass Customer,N,No,738,1826 Hazelcrest Park,3087,VIC,Australia,9
360,Atalanta,Starbucke,Female,1956-04-02,169,Staff Scientist,Property,Mass Customer,N,Yes,739,18264 Maryland Way,4217,QLD,Australia,9
202,Audie,Pillinger,Female,1963-06-24,99,Librarian,Entertainment,Affluent Customer,N,Yes,740,183 Ronald Regan Street,2066,NSW,Australia,9
1938,Austin,Toopin,U,,30,Automation Specialist IV,IT,Mass Customer,N,Yes,741,184 Hoepker Way,2197,NSW,Australia,9
1430,Kalli,Pigeram,Female,1999-07-24,31,Biostatistician I,Manufacturing,Mass Customer,N,Yes,742,184 Melrose Pass,2756,NSW,Australia,11
1110,Lazar,Cherryman,Male,1991-03-17,95,Information Systems Manager,Retail,High Net Worth,N,No,743,184 Roth Pass,4211,QLD,Australia,7
113,Gage,Nickless,Male,1956-05-06,169,Staff Scientist,n/a,Mass Customer,N,No,744,185 Pennsylvania Way,4226,QLD,Australia,6
727,Lenci,Duerden,Male,1978-10-10,150,Senior Editor,Manufacturing,Mass Customer,N,No,745,1855 Stang Terrace,2145,NSW,Australia,9
664,Mathe,Scatcher,Male,1994-10-05,141,Research Nurse,Health,High Net Worth,N,No,746,186 Shasta Avenue,2066,NSW,Australia,9
2134,Crosby,Ruoff,Male,2000-02-21,108,Nurse,Manufacturing,Affluent Customer,N,No,747,1861 Golf Course Circle,2216,NSW,Australia,8
2708,Sophey,Wawer,Female,1980-06-18,120,Product Engineer,n/a,Mass Customer,N,Yes,748,18652 Springs Plaza,2259,NSW,Australia,7
1628,Hermione,Brereton,U,,23,Assistant Manager,IT,Mass Customer,N,No,749,18708 Darwin Park,3977,VIC,Australia,7
1123,Dominick,Downey,Male,1962-06-18,197,,Property,Mass Customer,N,No,750,1879 Mitchell Center,2206,NSW,Australia,10
2462,Fletcher,Hutchens,Male,1980-07-05,24,Assistant Media Planner,Entertainment,Affluent Customer,N,No,751,188 Carberry Point,4650,QLD,Australia,1
704,Lindsay,Acaster,Female,1998-12-08,141,Research Nurse,Health,Mass Customer,N,No,752,18939 Upham Hill,3551,Victoria,Australia,3
799,Harland,Spilisy,U,,126,Programmer I,IT,Mass Customer,N,Yes,753,1899 Manley Court,4551,QLD,Australia,7
1979,Ephrem,Cariss,Male,1960-05-15,172,Statistician III,Manufacturing,Mass Customer,N,Yes,754,19 Barby Parkway,4127,QLD,Australia,4
3692,Linea,Kubica,Female,1961-11-05,39,Business Systems Development Analyst,n/a,High Net Worth,N,Yes,755,19 Daystar Alley,2761,NSW,Australia,8
2789,Violetta,Bucksey,Female,1992-11-30,150,Senior Editor,Financial Services,Affluent Customer,N,Yes,756,19 Del Mar Avenue,3058,VIC,Australia,8
2651,Silvan,Ellison,Male,1978-10-20,107,Nuclear Power Engineer,Manufacturing,Mass Customer,N,Yes,757,19 Fairview Road,4012,QLD,Australia,3
1354,Karee,Hyman,Female,2000-10-15,22,Analyst Programmer,Financial Services,Affluent Customer,N,No,758,19 Green Ridge Avenue,3340,VIC,Australia,3
560,Dorree,Sanja,Female,1953-10-11,154,Social Worker,Health,Affluent Customer,N,No,759,19 Lakewood Gardens Way,2760,NSW,Australia,9
1691,Tomlin,,Male,1979-11-16,1,Account Coordinator,n/a,High Net Worth,N,Yes,760,1908 Brickson Park Trail,2112,NSW,Australia,8
1197,Isobel,Lampett,Female,1997-10-16,121,Professor,Financial Services,High Net Worth,N,Yes,761,1911 Waxwing Point,2761,NSW,Australia,9
2299,Mahmoud,Dagworthy,Male,1986-10-21,46,Computer Systems Analyst I,Property,High Net Worth,N,Yes,762,1913 Magdeline Point,2022,NSW,Australia,12
261,Marve,Pryn,Male,1977-10-15,175,Structural Engineer,n/a,Mass Customer,N,No,763,19220 Evergreen Crossing,3195,VIC,Australia,9
618,Lucho,Mitie,Male,1962-04-05,65,Electrical Engineer,Manufacturing,Affluent Customer,N,Yes,764,1923 Fisk Lane,4341,QLD,Australia,3
3769,Kerry,Wooldridge,Male,1993-01-19,58,Desktop Support Technician,Health,High Net Worth,N,Yes,765,1929 Crowley Drive,4034,QLD,Australia,7
1535,Emanuel,Baukham,Male,1997-04-08,50,Cost Accountant,Financial Services,Affluent Customer,N,Yes,766,193 Bluejay Hill,2160,NSW,Australia,9
1069,Reese,Titterington,Male,1976-04-15,188,Web Designer I,Telecommunications,Mass Customer,N,No,767,19386 Burrows Way,2229,NSW,Australia,10
129,Weidar,Silkstone,Male,1985-07-20,73,Financial Advisor,Financial Services,High Net Worth,N,Yes,768,19392 7th Trail,4744,QLD,Australia,1
3727,Eba,Youle,U,,25,Assistant Professor,IT,Mass Customer,N,No,769,1940 Morning Circle,2765,NSW,Australia,9
3072,Roma,Prettjohn,Male,1979-04-12,40,Chemical Engineer,Manufacturing,Mass Customer,N,Yes,770,1944 Charing Cross Junction,2126,NSW,Australia,10
2629,Nomi,Bushell,Female,1976-08-13,69,Engineer IV,Entertainment,High Net Worth,N,No,771,1945 Loomis Alley,2871,NSW,Australia,1
2842,Olimpia,Traynor,Female,1968-08-12,197,,Health,Mass Customer,N,No,772,1946 Golf Course Hill,3156,VIC,Australia,10
546,Jorie,Pigott,Female,1981-02-24,95,Information Systems Manager,Health,Mass Customer,N,Yes,773,1949 Pepper Wood Pass,3168,Victoria,Australia,6
753,Josy,St. Quentin,Female,1970-03-07,75,Food Chemist,Health,Affluent Customer,Y,Yes,774,195 Knutson Place,4019,QLD,Australia,8
325,Anthia,Ghilardini,Female,1971-09-26,46,Computer Systems Analyst I,Financial Services,Affluent Customer,N,Yes,775,19507 Red Cloud Park,3338,VIC,Australia,4
2430,Humbert,Dikles,Male,1968-09-06,132,Quality Engineer,n/a,Mass Customer,N,No,776,1966 Glendale Avenue,4207,QLD,Australia,4
1286,Mina,Clawley,Female,1975-06-28,152,Senior Quality Engineer,Manufacturing,High Net Worth,N,Yes,777,19679 Buell Pass,4305,QLD,Australia,5
2961,Merv,Barradell,Male,1975-03-22,23,Assistant Manager,Health,Mass Customer,N,Yes,778,197 Goodland Crossing,2320,NSW,Australia,5
667,Nicoline,Samwayes,Female,1994-03-19,117,Payment Adjustment Coordinator,Manufacturing,High Net Worth,N,Yes,779,197 Mifflin Hill,2260,NSW,Australia,10
1935,Galvan,,Male,1974-11-13,153,Senior Sales Associate,n/a,Mass Customer,N,No,780,1979 Arapahoe Trail,4701,QLD,Australia,3
273,Nevile,Abraham,Male,1963-04-22,49,Computer Systems Analyst IV,n/a,Mass Customer,N,No,781,19795 Bultman Circle,4214,QLD,Australia,8
2741,Reinwald,Sinkins,Male,1999-02-28,171,Statistician II,Property,High Net Worth,N,No,782,198 Garrison Pass,2767,NSW,Australia,8
1316,Steven,Castellaccio,Male,1990-03-06,133,Recruiter,Retail,High Net Worth,N,Yes,783,1988 Bartillon Terrace,4500,QLD,Australia,3
454,Eugenie,Domenc,U,,141,Research Nurse,Health,Affluent Customer,N,Yes,784,19964 Nancy Drive,3121,Victoria,Australia,8
206,Mari,Chevolleau,Female,1954-07-19,170,Statistician I,n/a,Mass Customer,N,Yes,785,19969 5th Parkway,3152,VIC,Australia,9
243,Barbara,Croxley,Female,1976-09-02,181,Teacher,Manufacturing,High Net Worth,N,Yes,786,2 2nd Plaza,2283,NSW,Australia,4
1417,Micki,Russel,Female,1959-11-14,197,,Manufacturing,High Net Worth,N,Yes,787,2 Alpine Circle,2765,NSW,Australia,10
3923,Shay,Rayer,Male,1978-01-04,120,Product Engineer,Financial Services,High Net Worth,N,No,788,2 Annamark Park,2170,NSW,Australia,9
3613,Fairfax,Pummery,Male,1972-04-21,36,Budget/Accounting Analyst II,Health,Mass Customer,N,Yes,789,2 Armistice Parkway,2193,NSW,Australia,10
805,Jorrie,Hanhardt,Female,1960-04-19,65,Electrical Engineer,Manufacturing,Mass Customer,N,No,790,2 Autumn Leaf Plaza,2137,NSW,Australia,8
3683,Lorain,Maliphant,Female,1957-03-30,41,Chief Design Engineer,n/a,Mass Customer,N,Yes,791,2 Barby Court,2133,NSW,Australia,8
1480,Bird,Diess,Female,1995-05-21,98,Legal Assistant,n/a,High Net Worth,N,Yes,792,2 Barby Trail,2769,NSW,Australia,10
2625,Kristal,McRobbie,Female,1972-03-16,136,Research Assistant I,Manufacturing,Affluent Customer,N,Yes,793,2 Beilfuss Plaza,2000,NSW,Australia,9
2912,Tobit,,Male,1976-08-18,197,,n/a,High Net Worth,N,No,794,2 Blue Bill Park Lane,4220,QLD,Australia,8
288,Ebenezer,Seedman,Male,1985-09-08,197,,Manufacturing,High Net Worth,N,No,795,2 Brentwood Place,4151,QLD,Australia,8
3894,Burgess,Diaper,Male,1982-02-02,85,Health Coach II,IT,Affluent Customer,N,No,796,2 Cambridge Point,3173,VIC,Australia,9
3502,Wilfrid,Cleaves,Male,1997-10-16,153,Senior Sales Associate,Retail,High Net Worth,N,Yes,797,2 Clarendon Point,2194,NSW,Australia,7
313,Theo,McKune,Male,1987-12-22,115,Operator,Manufacturing,Mass Customer,N,Yes,798,2 Clyde Gallagher Drive,2232,NSW,Australia,10
73,Minette,Worters,Female,1960-05-27,181,Teacher,n/a,Affluent Customer,N,Yes,799,2 Clyde Gallagher Lane,4170,QLD,Australia,5
2433,Burty,Strutz,Male,1976-07-19,109,Nurse Practicioner,n/a,High Net Worth,N,Yes,800,2 Columbus Park,3075,VIC,Australia,7
2348,Keeley,Winslet,Female,1957-11-07,191,Web Designer IV,Manufacturing,Mass Customer,N,No,801,2 Continental Park,3194,VIC,Australia,10
154,Faydra,Dulieu,Female,1958-02-13,97,Junior Executive,n/a,Mass Customer,N,No,802,2 Continental Plaza,2263,NSW,Australia,6
280,Welch,MacAllaster,Male,1995-03-22,78,Geologist I,n/a,Affluent Customer,N,Yes,803,2 Cottonwood Road,2032,NSW,Australia,11
1792,Dunstan,Kegley,Male,1988-04-07,197,,Financial Services,Mass Customer,N,No,804,2 Crest Line Crossing,2072,NSW,Australia,9
1555,Marcello,Spenclay,Male,1962-08-19,180,Tax Accountant,Health,High Net Worth,N,No,805,2 Darwin Parkway,2118,NSW,Australia,9
2115,Shannon,Pflieger,Male,1975-08-31,75,Food Chemist,Health,Mass Customer,N,Yes,806,2 Dawn Avenue,4118,QLD,Australia,5
1468,Adaline,Hayles,Female,1978-01-10,73,Financial Advisor,Financial Services,Mass Customer,N,No,807,2 Dayton Center,2487,NSW,Australia,9
3225,Durante,Reddan,Male,1980-06-19,41,Chief Design Engineer,Health,Mass Customer,N,Yes,808,2 Del Sol Circle,3012,VIC,Australia,1
909,Suzette,Surgison,Female,1960-01-04,115,Operator,n/a,High Net Worth,N,Yes,809,2 Derek Pass,2222,NSW,Australia,7
1327,Sarita,Khosa,Female,1995-11-25,63,Director of Sales,Property,Affluent Customer,N,No,810,2 Dixon Crossing,3910,VIC,Australia,7
3314,Blakelee,Tassel,Female,1972-10-31,197,,Financial Services,Mass Customer,N,Yes,811,2 Donald Crossing,2880,NSW,Australia,1
1227,Carlina,Pencot,Female,1989-09-30,156,Software Engineer I,IT,Affluent Customer,N,Yes,812,2 Dunning Alley,2120,NSW,Australia,10
1707,Alfonso,Readett,Male,1994-01-02,50,Cost Accountant,Financial Services,High Net Worth,N,No,813,2 Dwight Point,4133,QLD,Australia,5
837,Derick,Fasler,Male,1957-01-11,96,Internal Auditor,n/a,Mass Customer,N,Yes,814,2 Dwight Street,3187,VIC,Australia,11
545,Alecia,Crosse,Female,1978-06-04,130,Project Manager,Health,Mass Customer,N,Yes,815,2 East Circle,2716,NSW,Australia,1
1542,Sanders,Fernyhough,Male,1978-07-27,75,Food Chemist,Health,Mass Customer,N,Yes,816,2 Eastwood Street,2153,NSW,Australia,10
1239,Carroll,Cobbin,Male,1978-02-28,197,,n/a,Mass Customer,N,Yes,817,2 Eliot Lane,2155,NSW,Australia,11
2800,Dominga,Planke,Female,1988-01-09,50,Cost Accountant,Financial Services,Mass Customer,N,No,818,2 Elka Trail,2770,NSW,Australia,8
3188,Boyd,,Male,1999-07-07,15,Actuary,Financial Services,Mass Customer,N,No,819,2 Gateway Drive,3995,VIC,Australia,2
3875,Berti,Arnould,Male,1985-07-27,65,Electrical Engineer,Manufacturing,Mass Customer,N,Yes,820,2 Gerald Street,2071,NSW,Australia,11
199,Verla,Alven,Female,1978-02-13,97,Junior Executive,Health,Mass Customer,N,Yes,821,2 Gina Junction,2085,NSW,Australia,11
2206,Osmond,McCamish,Male,1957-05-25,175,Structural Engineer,Financial Services,Affluent Customer,N,No,822,2 Goodland Lane,3977,VIC,Australia,5
1632,Orbadiah,Kennicott,Male,1985-08-12,65,Electrical Engineer,Manufacturing,High Net Worth,N,Yes,823,2 Green Ridge Park,2478,NSW,Australia,8
3032,Renado,Wonfor,Male,1992-08-02,21,Analog Circuit Design manager,Health,Affluent Customer,N,Yes,824,2 Grim Court,2168,NSW,Australia,8
2997,Jo-ann,Carlile,Female,1973-05-17,47,Computer Systems Analyst II,Health,Affluent Customer,N,No,825,2 Hagan Hill,2155,NSW,Australia,10
3610,Erl,Markel,Male,1987-03-29,83,Graphic Designer,Financial Services,High Net Worth,N,Yes,826,2 Havey Point,2759,NSW,Australia,8
609,Margalit,Dorwood,Female,2000-11-06,47,Computer Systems Analyst II,Health,Mass Customer,N,No,827,2 Hoffman Way,2212,NSW,Australia,9
3334,Koralle,Winckles,Female,1965-05-22,185,VP Product Management,Health,Mass Customer,N,Yes,828,2 Homewood Center,2775,NSW,Australia,6
3607,Troy,Blaydes,Male,2001-05-22,43,Clinical Specialist,Health,Mass Customer,N,No,829,2 Homewood Pass,4211,QLD,Australia,8
2918,Elli,,Female,1989-02-15,197,,Financial Services,Mass Customer,N,Yes,830,2 Jackson Way,4210,QLD,Australia,4
2538,Jacinta,Petrillo,Female,1959-01-22,197,,n/a,High Net Worth,N,Yes,831,2 Larry Trail,2207,NSW,Australia,8
3358,Fairlie,McGavin,Male,1973-09-17,66,Engineer I,Manufacturing,Affluent Customer,N,Yes,832,2 Lillian Alley,4154,QLD,Australia,9
1947,Gretta,Patrone,Female,1963-12-11,79,Geologist II,Telecommunications,Affluent Customer,N,Yes,833,2 Manufacturers Parkway,3199,VIC,Australia,6
2594,Sigismond,Stockow,Male,1997-06-23,96,Internal Auditor,Manufacturing,Mass Customer,N,No,834,2 Marquette Drive,2204,NSW,Australia,8
1907,Lind,Dredge,Male,1974-11-04,187,VP Sales,Health,High Net Worth,N,No,835,2 Maryland Drive,4227,QLD,Australia,7
1615,Evvie,Crack,Female,1971-02-04,197,,Entertainment,Mass Customer,N,Yes,836,2 Mayfield Alley,2089,NSW,Australia,10
89,Benedicto,Hoxey,Male,1967-01-22,164,Speech Pathologist,Health,Mass Customer,N,Yes,837,2 Mcbride Road,3070,VIC,Australia,10
1721,Delcine,Hansod,Female,1980-10-22,152,Senior Quality Engineer,Financial Services,High Net Worth,N,No,838,2 Mcguire Terrace,2323,NSW,Australia,7
2371,Rory,Lokier,Female,1966-11-18,169,Staff Scientist,Manufacturing,High Net Worth,N,Yes,839,2 Melody Alley,3172,VIC,Australia,8
2219,Ansel,Napier,Male,1982-03-01,152,Senior Quality Engineer,n/a,High Net Worth,N,Yes,840,2 Michigan Parkway,3006,VIC,Australia,5
3395,Sigmund,Fishbourn,Male,1993-04-19,197,,Financial Services,Mass Customer,N,No,841,2 Monterey Terrace,2120,NSW,Australia,9
1529,Tansy,Beltzner,Female,1986-10-21,105,Media Manager III,Financial Services,High Net Worth,N,Yes,842,2 Moulton Drive,2567,NSW,Australia,10
740,Farr,Butterick,Male,1994-08-18,197,,Financial Services,Affluent Customer,N,No,843,2 North Crossing,3111,Victoria,Australia,11
229,Vaughn,Lambis,Male,1966-03-06,197,,Property,High Net Worth,N,No,844,2 Northridge Street,2508,NSW,Australia,10
2296,Nathalia,Sanger,Female,2002-01-01,81,Geologist IV,Retail,Affluent Customer,N,No,845,2 Nova Street,4228,QLD,Australia,8
1675,Luke,Wombwell,Male,1955-08-14,66,Engineer I,Manufacturing,Affluent Customer,N,Yes,846,2 Pankratz Place,2063,NSW,Australia,11
877,Didi,Milne,Female,1988-05-13,13,Accounting Assistant III,Financial Services,Mass Customer,N,Yes,847,2 Pankratz Street,4812,QLD,Australia,5
1757,Hashim,Hartwell,Male,1966-03-03,197,,IT,High Net Worth,N,No,848,2 Portage Avenue,2170,NSW,Australia,9
1184,Auberta,Teodori,Female,1968-10-07,154,Social Worker,Health,Mass Customer,N,No,849,2 Ramsey Parkway,2104,NSW,Australia,11
169,Alfy,Bruhnke,Male,1957-10-19,51,Data Coordiator,Telecommunications,High Net Worth,N,Yes,850,2 Randy Point,2766,NSW,Australia,8
2330,Claresta,Bonnor,Female,1990-01-17,1,Account Coordinator,Property,Mass Customer,N,No,851,2 Raven Way,3106,VIC,Australia,10
1638,Zachery,Monkhouse,Male,1992-05-12,164,Speech Pathologist,Financial Services,Mass Customer,N,Yes,852,2 Ridgeway Circle,2090,NSW,Australia,10
728,Winthrop,Corser,Male,1956-10-03,183,VP Accounting,Financial Services,Mass Customer,N,Yes,853,2 Riverside Trail,2154,NSW,Australia,11
3376,Amity,Widdall,Female,1982-10-20,197,,Manufacturing,Mass Customer,N,No,854,2 Roxbury Pass,3977,VIC,Australia,5
3364,Trueman,,Male,1993-08-19,69,Engineer IV,Manufacturing,Mass Customer,N,Yes,855,2 Roxbury Place,2564,NSW,Australia,8
1531,Evaleen,Pusey,Female,1966-03-17,18,Administrative Assistant III,Financial Services,Mass Customer,N,Yes,856,2 Saint Paul Parkway,2040,NSW,Australia,12
870,Hugh,Wilce,Male,1964-01-29,118,Pharmacist,Health,Mass Customer,N,No,857,2 School Street,2010,NSW,Australia,10
223,Ossie,Meaton,Male,1983-11-26,187,VP Sales,n/a,Affluent Customer,N,Yes,858,2 Scott Circle,2506,NSW,Australia,9
3016,Forster,Bumford,Male,1985-08-11,21,Analog Circuit Design manager,Financial Services,High Net Worth,N,No,859,2 Scott Pass,4870,QLD,Australia,1
1323,Kristofor,Mockes,Male,1988-04-04,2,Account Executive,n/a,High Net Worth,N,Yes,860,2 Shasta Street,3977,VIC,Australia,8
1303,Nollie,Guilliatt,Male,1972-04-27,197,,Argiculture,Mass Customer,N,No,861,2 Shoshone Way,4123,QLD,Australia,6
2055,Harmon,Bakster,Male,1980-09-14,18,Administrative Assistant III,Retail,High Net Worth,N,No,862,2 Sommers Drive,3181,VIC,Australia,10
1621,Sibley,Eliyahu,Female,1974-09-09,154,Social Worker,Health,Mass Customer,N,No,863,2 Southridge Crossing,2763,NSW,Australia,8
2145,Adrea,Quittonden,Female,1959-11-11,99,Librarian,Entertainment,Affluent Customer,N,Yes,864,2 Spaight Road,2210,NSW,Australia,10
1788,Anna-diana,Kurten,Female,1964-08-10,6,Account Representative IV,Financial Services,High Net Worth,N,Yes,865,2 Spohn Court,2750,NSW,Australia,9
3412,Almira,Ethelstone,Female,1973-08-18,114,Office Assistant IV,n/a,Mass Customer,N,Yes,866,2 Starling Pass,3155,VIC,Australia,7
2333,Ives,Adolfson,Male,1966-04-19,174,Structural Analysis Engineer,Financial Services,Mass Customer,N,Yes,867,2 Straubel Lane,2477,NSW,Australia,6
11,Uriah,Bisatt,Male,1954-04-30,197,,Property,Mass Customer,N,No,868,2 Sutherland Street,3799,VIC,Australia,6
324,Franz,Lyptrit,Male,1986-08-05,46,Computer Systems Analyst I,IT,Mass Customer,N,Yes,869,2 Thierer Lane,3437,VIC,Australia,8
2025,Agosto,Thon,Male,1982-04-15,186,VP Quality Control,n/a,Mass Customer,N,Yes,870,2 Thierer Place,4053,QLD,Australia,8
1776,Korey,Gate,Male,1978-08-26,7,Accountant I,Financial Services,Affluent Customer,N,No,871,2 Thierer Plaza,3976,VIC,Australia,3
203,Donovan,Conry,Male,1964-01-13,152,Senior Quality Engineer,Argiculture,Mass Customer,N,Yes,872,2 Thierer Road,4113,QLD,Australia,8
3818,Erny,Andryushin,Male,1964-08-08,147,Sales Representative,Retail,Mass Customer,N,Yes,873,2 Transport Plaza,2658,NSW,Australia,1
3693,Brenna,Raft,Female,1985-01-19,197,,Manufacturing,Affluent Customer,N,Yes,874,2 Union Way,2035,NSW,Australia,12
1003,Mariann,O'Geaney,Female,1968-02-03,116,Paralegal,Financial Services,High Net Worth,N,No,875,2 Vermont Avenue,2066,NSW,Australia,12
3872,Wilma,Budcock,Female,1957-05-15,147,Sales Representative,Retail,High Net Worth,N,Yes,876,2 Victoria Crossing,3280,VIC,Australia,2
3103,Shaylah,Hatchell,Female,1953-10-21,143,Safety Technician II,Retail,Mass Customer,N,No,877,2 Vidon Center,4818,QLD,Australia,3
3594,Gustavo,Juschka,Male,1986-01-04,100,Marketing Assistant,Manufacturing,Mass Customer,N,No,878,2 Waxwing Terrace,2429,NSW,Australia,2
3355,Cherin,Thireau,Female,1990-02-19,165,Staff Accountant I,Manufacturing,Mass Customer,N,No,879,20 Alpine Circle,3181,VIC,Australia,7
2360,Karleen,McGenn,Female,1974-11-03,183,VP Accounting,Financial Services,High Net Worth,N,Yes,880,20 Bluestem Way,4152,QLD,Australia,9
2840,Wallie,Baitman,Male,1992-09-04,133,Recruiter,Manufacturing,Mass Customer,N,Yes,881,20 Carberry Circle,2165,NSW,Australia,7
951,Meryl,Dumbar,Male,1999-09-29,24,Assistant Media Planner,Entertainment,Mass Customer,N,No,882,20 Carpenter Parkway,2192,NSW,Australia,9
539,Hobie,Knappett,Male,1975-08-10,197,,Health,High Net Worth,N,No,883,20 Debs Road,2307,NSW,Australia,4
2608,Fenelia,Dockrell,Female,1975-11-05,37,Budget/Accounting Analyst III,Health,Affluent Customer,N,Yes,884,20 Del Mar Circle,2450,NSW,Australia,9
3934,Cherice,Wehner,Female,1977-11-25,146,Sales Associate,Manufacturing,Mass Customer,N,Yes,885,20 Dwight Junction,2768,NSW,Australia,10
1168,Iosep,Shaddick,Male,1965-02-16,118,Pharmacist,Health,Affluent Customer,N,No,886,20 Main Road,2230,NSW,Australia,9
1637,Timothee,Mervyn,Male,1969-02-07,171,Statistician II,Manufacturing,High Net Worth,N,No,887,20 Mcguire Hill,3198,VIC,Australia,4
3819,Alvan,Phillput,Male,1978-06-29,165,Staff Accountant I,n/a,High Net Worth,N,No,888,20 Susan Court,3015,VIC,Australia,10
1041,Free,Bonniface,Male,1959-05-25,197,,Property,Affluent Customer,N,No,889,201 Pepper Wood Avenue,2154,NSW,Australia,11
380,Teriann,Birdsey,Female,1956-05-15,175,Structural Engineer,Property,Mass Customer,N,No,890,201 Randy Parkway,3033,VIC,Australia,7
3949,Costa,Sleightholm,Male,2001-12-19,191,Web Designer IV,Manufacturing,High Net Worth,N,Yes,891,201 Valley Edge Park,3030,VIC,Australia,5
3753,Ebony,Peagrim,Female,1997-08-21,112,Office Assistant II,Manufacturing,Mass Customer,N,No,892,20101 Prentice Terrace,2074,NSW,Australia,11
542,Berri,McManamen,Female,1967-01-14,9,Accountant III,Manufacturing,Mass Customer,N,No,893,20198 Hansons Plaza,2340,NSW,Australia,2
41,Basilius,Coupe,Male,1976-04-14,75,Food Chemist,Health,Mass Customer,N,No,894,2028 Lakewood Place,2480,New South Wales,Australia,3
3851,Fowler,Bauduccio,Male,1994-11-30,153,Senior Sales Associate,Manufacturing,High Net Worth,N,No,895,20370 Fordem Pass,4825,QLD,Australia,4
506,Brett,Scrancher,Female,1985-02-14,85,Health Coach II,Retail,Mass Customer,N,No,896,20373 Kensington Pass,2151,NSW,Australia,8
2829,Juditha,Cufley,Female,1979-06-11,65,Electrical Engineer,Manufacturing,High Net Worth,N,No,897,2038 Esker Road,2650,NSW,Australia,4
142,Bentley,Fortesquieu,Male,1967-08-07,132,Quality Engineer,Health,Affluent Customer,N,No,898,20382 Spohn Alley,2219,New South Wales,Australia,11
1710,Matilde,MacKeeg,Female,1954-06-30,87,Health Coach IV,Health,High Net Worth,N,No,899,20415 Clyde Gallagher Parkway,2333,NSW,Australia,5
827,Phillis,Rudwell,Female,1996-05-07,197,,Health,Affluent Customer,N,No,900,205 Melody Circle,4207,QLD,Australia,4
1114,Evonne,Southan,Female,1976-06-03,175,Structural Engineer,Retail,Mass Customer,N,No,901,20519 Katie Circle,2152,NSW,Australia,8
160,Wake,Durning,Male,1964-07-15,135,Registered Nurse,Health,Mass Customer,N,No,902,2054 Sommers Pass,4113,QLD,Australia,4
761,Vaughan,McCromley,Male,1977-11-27,104,Media Manager II,Health,Affluent Customer,N,Yes,903,20554 Orin Place,3630,VIC,Australia,1
2892,Paulie,Wolffers,Male,1965-05-09,97,Junior Executive,Manufacturing,Affluent Customer,N,Yes,904,2072 Fremont Parkway,3082,VIC,Australia,4
3876,Willow,Cutmere,Female,1967-05-16,96,Internal Auditor,Financial Services,High Net Worth,N,No,905,2079 Del Sol Hill,2761,NSW,Australia,8
1656,Constantin,Rodrigues,Male,1977-07-22,41,Chief Design Engineer,Financial Services,Mass Customer,N,Yes,906,208 Golden Leaf Pass,3195,VIC,Australia,10
78,Arch,Van der Kruis,Male,1985-03-12,39,Business Systems Development Analyst,Argiculture,Affluent Customer,N,No,907,2083 Spaight Court,3977,VIC,Australia,8
299,Corabelle,Hartnell,Female,1956-09-15,35,Budget/Accounting Analyst I,Financial Services,Mass Customer,N,Yes,908,20924 Banding Crossing,2516,NSW,Australia,9
3281,Peg,Cliff,Female,1998-02-22,18,Administrative Assistant III,n/a,Mass Customer,N,No,909,2094 Bunting Junction,3059,VIC,Australia,9
3703,Kelvin,Oldford,Male,1973-06-18,181,Teacher,Property,Affluent Customer,N,No,910,2099 Elmside Parkway,3165,VIC,Australia,10
3129,Leola,Mandrier,Female,1955-09-25,21,Analog Circuit Design manager,Property,High Net Worth,N,Yes,911,21 2nd Pass,2566,NSW,Australia,8
1830,Nathan,Antognazzi,Male,1985-04-30,155,Software Consultant,Manufacturing,High Net Worth,N,No,912,21 Duke Hill,4344,QLD,Australia,4
916,Joycelin,,Female,1991-06-18,133,Recruiter,n/a,Affluent Customer,N,No,913,21 Dwight Crossing,2062,NSW,Australia,10
2110,Gard,Marris,Male,1973-07-31,92,Human Resources Assistant III,Manufacturing,High Net Worth,N,No,914,21 South Avenue,2076,NSW,Australia,11
1462,Omero,Hauxley,Male,1995-11-07,183,VP Accounting,Financial Services,Mass Customer,N,Yes,915,21 Spohn Drive,2530,NSW,Australia,8
3446,Gard,Tidy,Male,1967-01-30,175,Structural Engineer,Manufacturing,Mass Customer,N,No,916,21 Sugar Place,4207,QLD,Australia,3
1412,Antonetta,Dumbrall,Female,1991-09-04,180,Tax Accountant,n/a,Mass Customer,N,Yes,917,21 West Avenue,2155,NSW,Australia,10
1310,Keane,Leebeter,Male,1986-12-20,77,Geological Engineer,Manufacturing,High Net Worth,N,Yes,918,210 Esch Park,2452,NSW,Australia,8
2917,Siegfried,Hulmes,Male,1976-07-11,197,,Manufacturing,Affluent Customer,N,No,919,210 Prairie Rose Hill,4060,QLD,Australia,9
2758,Fabien,Whittlesea,Male,1955-05-24,197,,Manufacturing,Affluent Customer,N,No,920,2121 Dapin Center,3977,VIC,Australia,7
3340,Torey,Beharrell,Male,1991-09-29,119,Physical Therapy Assistant,n/a,Mass Customer,N,No,921,21230 Tomscot Lane,2093,NSW,Australia,12
2968,Lek,Viel,Male,1977-11-25,92,Human Resources Assistant III,Retail,High Net Worth,N,No,922,2126 Debra Point,2127,NSW,Australia,9
1530,Alexandr,Maylard,Male,1976-01-12,118,Pharmacist,Health,Mass Customer,N,Yes,923,213 Alpine Avenue,2168,NSW,Australia,9
3248,Alastair,Van der Beken,Male,1957-05-15,123,Programmer Analyst II,n/a,Affluent Customer,N,No,924,21498 Springs Point,2089,NSW,Australia,12
135,Rosalia,Sigart,Female,1975-01-18,96,Internal Auditor,IT,Mass Customer,N,No,925,215 Lindbergh Trail,4401,QLD,Australia,1
176,Angelo,Clayal,Male,1992-04-13,7,Accountant I,Property,Mass Customer,N,No,926,216 Barnett Junction,4120,QLD,Australia,8
954,Alain,Immins,Male,1995-02-28,186,VP Quality Control,Manufacturing,Mass Customer,N,Yes,927,217 Meadow Vale Point,2023,NSW,Australia,12
3354,Ollie,Restorick,Male,1978-03-27,197,,Manufacturing,Mass Customer,N,Yes,928,2170 Schiller Alley,2160,NSW,Australia,9
3063,Andrea,Wildber,Male,1999-11-04,187,VP Sales,Financial Services,Affluent Customer,N,No,929,2178 Washington Hill,3806,VIC,Australia,6
986,Barnard,Stranks,Male,1994-10-05,111,Office Assistant I,Manufacturing,Mass Customer,N,Yes,930,21780 Service Park,2560,NSW,Australia,7
2017,Ezri,Sadry,Male,1995-02-11,127,Programmer II,Financial Services,Affluent Customer,N,Yes,931,218 Elka Point,2176,NSW,Australia,10
3980,Nils,McGebenay,Male,1964-01-16,188,Web Designer I,Manufacturing,Mass Customer,N,No,932,218 Stuart Junction,2223,NSW,Australia,10
1700,Rana,Streets,Female,1969-09-18,65,Electrical Engineer,Manufacturing,High Net Worth,N,Yes,933,21800 Duke Parkway,3219,VIC,Australia,3
1804,Matelda,Kordas,Female,1963-03-28,120,Product Engineer,Property,Affluent Customer,N,No,934,21969 Lawn Court,2095,NSW,Australia,9
1651,Idalina,,Female,1996-11-25,188,Web Designer I,Telecommunications,Mass Customer,N,Yes,935,22 Badeau Avenue,3161,VIC,Australia,11
2569,Sig,Sellan,Male,1985-05-03,186,VP Quality Control,Retail,Mass Customer,N,No,936,22 Debs Point,2233,NSW,Australia,9
2459,Jeanna,Naulls,Female,1986-01-10,132,Quality Engineer,Manufacturing,High Net Worth,N,No,937,22 Hayes Center,3156,VIC,Australia,10
3927,Conway,,Male,1978-01-07,65,Electrical Engineer,Manufacturing,Mass Customer,N,Yes,938,22 Mifflin Junction,2096,NSW,Australia,9
2684,Erastus,Payley,Male,1964-03-14,87,Health Coach IV,Health,Mass Customer,N,Yes,939,22 Moulton Place,4878,QLD,Australia,4
1516,Ham,Pietrusiak,Male,1967-07-12,187,VP Sales,IT,Affluent Customer,N,No,940,22 Nelson Terrace,2190,NSW,Australia,10
140,Morrie,Flaxon,Male,1994-05-20,124,Programmer Analyst III,Manufacturing,Mass Customer,N,No,941,22 Oxford Junction,2315,New South Wales,Australia,3
1537,Andres,Beranek,Male,1969-11-17,99,Librarian,Entertainment,Mass Customer,N,No,942,22 Portage Road,2155,NSW,Australia,9
1057,Laryssa,Durdle,Female,1969-04-06,135,Registered Nurse,Health,Mass Customer,N,No,943,22 Sachtjen Avenue,2137,NSW,Australia,12
1423,Tiphanie,Klossek,Female,1959-06-17,130,Project Manager,Manufacturing,Mass Customer,N,No,944,22 Transport Alley,2761,NSW,Australia,9
3200,Marna,,Female,1995-11-03,71,Environmental Tech,Manufacturing,Mass Customer,N,No,945,220 American Ash Road,4022,QLD,Australia,6
1387,Natalee,Comport,Female,1977-07-11,40,Chemical Engineer,Manufacturing,Mass Customer,N,Yes,946,220 Mitchell Place,3099,VIC,Australia,9
2856,Milissent,Deinert,Female,1976-09-25,101,Marketing Manager,Financial Services,Mass Customer,N,Yes,947,221 Autumn Leaf Trail,2564,NSW,Australia,7
945,Hebert,Bernocchi,Male,1998-08-26,94,Human Resources Manager,n/a,High Net Worth,N,Yes,948,221 Coolidge Parkway,2010,NSW,Australia,9
3822,Conny,Speechley,Male,1959-03-09,197,,Manufacturing,High Net Worth,N,Yes,949,22105 Arrowood Crossing,3124,VIC,Australia,7
44,Neron,Verick,Male,1981-10-18,24,Assistant Media Planner,Entertainment,Affluent Customer,N,Yes,950,22125 Ramsey Drive,3198,VIC,Australia,9
3809,Angelita,Itzcovichch,Female,1955-09-08,186,VP Quality Control,Manufacturing,Affluent Customer,N,No,951,22171 Bayside Parkway,2880,NSW,Australia,1
2965,Lynna,Greenrod,Female,1972-12-15,197,,n/a,High Net Worth,N,No,952,22239 Waubesa Way,2763,NSW,Australia,9
2024,Elinor,Biggerstaff,Female,2000-07-14,187,VP Sales,IT,Mass Customer,N,Yes,953,2228 Steensland Terrace,2148,NSW,Australia,8
1435,Derek,Podmore,Male,1968-04-27,157,Software Engineer II,Telecommunications,Affluent Customer,N,Yes,954,223 Trailsway Parkway,2154,NSW,Australia,10
3563,De,Leyband,Female,1990-03-12,197,,Financial Services,Affluent Customer,N,No,955,22344 Reinke Pass,4225,QLD,Australia,5
161,Tadd,Bloss,Male,1976-01-21,197,,n/a,Mass Customer,N,No,956,22371 Miller Trail,2032,NSW,Australia,10
2871,Hubie,Keld,Male,1978-03-20,24,Assistant Media Planner,Entertainment,High Net Worth,N,Yes,957,2241 Bonner Trail,4221,QLD,Australia,9
2751,Cordell,Coxhell,Male,1979-07-27,146,Sales Associate,Retail,High Net Worth,N,Yes,958,2241 Pearson Plaza,4503,QLD,Australia,6
726,Norma,Blackbourn,Female,1978-02-10,95,Information Systems Manager,Health,Mass Customer,N,Yes,959,2249 Havey Hill,3183,Victoria,Australia,10
3570,Mordy,Hedin,Male,1962-01-31,197,,Entertainment,Mass Customer,N,No,960,225 American Point,4508,QLD,Australia,3
3233,Xever,Feeley,Male,1959-01-06,180,Tax Accountant,Financial Services,Mass Customer,N,Yes,961,225 Dexter Crossing,2527,NSW,Australia,8
622,Arri,Lamden,Male,1968-10-18,197,,Financial Services,Mass Customer,N,No,962,226 Rowland Street,4178,QLD,Australia,7
1203,Claresta,Carnier,Female,1988-05-06,182,Technical Writer,Health,Affluent Customer,N,No,963,22619 Schurz Street,2321,NSW,Australia,4
1100,Cord,Braundt,Male,1983-01-02,66,Engineer I,Manufacturing,Mass Customer,N,No,964,22669 Lien Center,2565,NSW,Australia,6
1946,Brannon,Gladman,Male,1959-01-04,178,Systems Administrator III,n/a,Mass Customer,N,No,965,227 Havey Trail,2795,NSW,Australia,6
2614,Anatollo,Stendell,Male,1957-10-16,197,,Retail,High Net Worth,N,No,966,2271 Fordem Plaza,2780,NSW,Australia,8
1589,Walker,Bartalot,Male,1989-07-08,94,Human Resources Manager,Health,Mass Customer,N,Yes,967,2272 Buena Vista Center,2065,NSW,Australia,12
1141,Shannah,Gritsaev,Female,1981-09-19,197,,Financial Services,High Net Worth,N,Yes,968,2272 Dennis Alley,3165,VIC,Australia,10
1115,Merola,Stutard,Female,1970-01-18,1,Account Coordinator,n/a,High Net Worth,N,Yes,969,2273 Oneill Place,2118,NSW,Australia,11
2349,Julee,Garwell,Female,1979-03-05,72,Executive Secretary,Telecommunications,High Net Worth,N,No,970,22774 Pennsylvania Hill,2262,NSW,Australia,6
2476,Hal,Braddon,Male,1956-09-25,20,Administrative Officer,Property,High Net Worth,N,No,971,22779 Graedel Road,4655,QLD,Australia,2
27,Garvin,Klees,Male,1978-09-25,141,Research Nurse,Health,Mass Customer,N,Yes,972,2294 Pleasure Place,2135,New South Wales,Australia,12
3481,Haley,Dessent,Male,1997-10-12,179,Systems Administrator IV,Manufacturing,High Net Worth,N,No,973,22976 Moose Place,2620,NSW,Australia,8
2770,Olvan,Loadwick,Male,1977-01-30,186,VP Quality Control,Manufacturing,High Net Worth,N,Yes,974,23 Clyde Gallagher Alley,3840,VIC,Australia,1
458,Osborn,Pentony,Male,1969-04-21,6,Account Representative IV,Manufacturing,Affluent Customer,N,Yes,975,23 Glacier Hill Avenue,2259,NSW,Australia,6
1256,Granny,Lukes,Male,1986-05-11,75,Food Chemist,Health,High Net Worth,N,No,976,23 Hollow Ridge Avenue,4702,QLD,Australia,2
2026,Anabelle,Rogerson,Female,1987-09-18,175,Structural Engineer,Property,Mass Customer,N,Yes,977,23 Huxley Road,3064,VIC,Australia,7
2292,Christie,MacClure,Female,1998-06-02,141,Research Nurse,Health,Mass Customer,N,Yes,978,23 Village Way,4215,QLD,Australia,9
3755,Stephen,Garnar,Male,1994-05-10,41,Chief Design Engineer,Financial Services,High Net Worth,N,Yes,979,23 West Crossing,3192,VIC,Australia,7
923,Garrek,Grimwade,Male,1977-06-26,151,Senior Financial Analyst,Financial Services,High Net Worth,N,No,980,2309 Gulseth Way,3199,VIC,Australia,8
212,Nanice,Ellse,Female,2001-11-19,58,Desktop Support Technician,IT,Affluent Customer,N,No,981,231 Havey Court,2153,NSW,Australia,10
3885,Asher,,Male,1978-06-17,15,Actuary,Financial Services,Mass Customer,N,Yes,982,23217 Waubesa Pass,2705,NSW,Australia,1
3083,Cirillo,Duprey,Male,1971-10-17,197,,n/a,Mass Customer,N,Yes,983,233 Toban Alley,2567,NSW,Australia,8
1051,Xylia,Lange,Female,1977-09-29,89,Help Desk Technician,Property,High Net Worth,N,Yes,984,2330 Huxley Crossing,2570,NSW,Australia,10
3614,Berkie,Gimber,Male,1961-06-23,70,Environmental Specialist,Retail,Affluent Customer,N,Yes,985,23301 Bluestem Drive,3146,VIC,Australia,8
3067,Veronique,Wash,Female,1991-01-13,41,Chief Design Engineer,Manufacturing,Mass Customer,N,Yes,986,23384 Kings Drive,2261,NSW,Australia,9
2607,Laurent,Ainslee,Male,1992-05-08,135,Registered Nurse,Health,Affluent Customer,N,Yes,987,23426 Transport Center,2218,NSW,Australia,10
3168,Johan,Dudderidge,Male,1976-02-16,23,Assistant Manager,Health,Affluent Customer,N,No,988,2346 Dawn Terrace,4655,QLD,Australia,3
2513,Rustie,Ligoe,Male,1978-07-31,174,Structural Analysis Engineer,Property,Mass Customer,N,No,989,23478 Ramsey Pass,2760,NSW,Australia,6
1046,Shir,Clevely,Female,1955-07-23,36,Budget/Accounting Analyst II,n/a,Affluent Customer,N,No,990,2354 Forster Road,2131,NSW,Australia,11
3801,Auberta,Andrault,Female,1971-03-06,141,Research Nurse,Health,Mass Customer,N,Yes,991,23541 Dayton Drive,2177,NSW,Australia,9
2040,Gal,Scardafield,Male,1969-09-05,187,VP Sales,Retail,Affluent Customer,N,Yes,992,236 Fremont Alley,2156,NSW,Australia,12
1820,Yard,Teeney,Male,1996-04-02,157,Software Engineer II,IT,Affluent Customer,N,No,993,2364 Dovetail Way,3048,VIC,Australia,6
1514,Pren,Brangan,Male,1962-01-16,121,Professor,n/a,Mass Customer,N,No,994,237 Garrison Way,2207,NSW,Australia,8
901,Letta,McCarter,Female,1975-04-27,197,,Retail,Mass Customer,N,Yes,995,237 Summit Pass,4506,QLD,Australia,3
2014,Sandye,Avraam,Female,1990-05-25,26,Associate Professor,Manufacturing,Mass Customer,N,Yes,996,23700 Dennis Way,2075,NSW,Australia,11
960,Lannie,Crumley,Male,1968-10-10,82,GIS Technical Architect,Health,Mass Customer,N,Yes,997,2379 Dorton Pass,2089,NSW,Australia,12
3019,Alonso,Ceyssen,Male,1986-02-02,44,Community Outreach Specialist,Manufacturing,Affluent Customer,N,Yes,998,238 New Castle Alley,2166,NSW,Australia,9
2983,Hilario,Magrane,Male,1985-01-26,94,Human Resources Manager,Retail,Mass Customer,N,Yes,999,23812 Tony Lane,2036,NSW,Australia,8
1221,Byrom,Draisey,Male,1995-09-25,185,VP Product Management,Health,High Net Worth,N,Yes,1000,2388 Thackeray Place,3130,VIC,Australia,10
1595,Kora,Paoli,Female,1976-02-21,151,Senior Financial Analyst,Financial Services,High Net Worth,N,Yes,1001,2390 Blackbird Point,2035,NSW,Australia,11
2344,Wat,Robelin,Male,1993-03-04,108,Nurse,Financial Services,Mass Customer,N,Yes,1002,24 Corben Terrace,2164,NSW,Australia,8
1611,Terencio,,Male,1971-11-22,62,Developer IV,Health,High Net Worth,N,Yes,1003,24 Fuller Lane,3183,VIC,Australia,6
2947,Standford,Sauter,Male,1977-10-13,197,,Manufacturing,Mass Customer,N,No,1004,24 Green Parkway,3437,VIC,Australia,8
2497,Gustav,Aaronsohn,Male,1969-04-05,19,Administrative Assistant IV,Property,Affluent Customer,N,No,1005,24 Helena Alley,2566,NSW,Australia,9
2220,Curr,Jancey,Male,1959-05-13,98,Legal Assistant,Financial Services,Mass Customer,N,Yes,1006,24 Hermina Alley,2262,NSW,Australia,6
2355,Shaughn,,Male,1993-12-19,115,Operator,Manufacturing,Mass Customer,N,Yes,1007,24 Lerdahl Street,4825,QLD,Australia,3
1158,Butch,Geertje,Male,1985-02-17,152,Senior Quality Engineer,n/a,Mass Customer,N,Yes,1008,24 Merchant Plaza,3031,VIC,Australia,10
2991,Fred,Catanheira,Female,1964-06-27,58,Desktop Support Technician,Financial Services,Mass Customer,N,No,1009,24 Old Shore Crossing,2250,NSW,Australia,7
3987,Beckie,Wakeham,Female,1964-05-29,197,,Argiculture,Mass Customer,N,No,1010,24 Scott Pass,4300,QLD,Australia,5
376,Marena,Brunotti,Female,1966-10-24,73,Financial Advisor,Financial Services,Mass Customer,N,Yes,1011,24 Scoville Parkway,4670,QLD,Australia,1
2415,Tanner,Harp,Male,1978-11-05,189,Web Designer II,Manufacturing,Mass Customer,N,No,1012,240 Lake View Road,4118,QLD,Australia,5
332,Liza,Trouel,Female,1978-08-19,135,Registered Nurse,Health,High Net Worth,N,No,1013,24044 Bonner Hill,3032,VIC,Australia,8
3917,Artemas,Kyncl,Male,1997-12-26,40,Chemical Engineer,Manufacturing,Mass Customer,N,No,1014,24167 Montana Place,2065,NSW,Australia,12
2306,Hilary,Tregunna,Female,1960-04-19,116,Paralegal,Financial Services,High Net Worth,N,Yes,1015,24198 Almo Crossing,2021,NSW,Australia,12
3888,Lusa,Vigers,Female,1987-09-13,122,Programmer Analyst I,IT,High Net Worth,N,Yes,1016,2428 Sloan Circle,2763,NSW,Australia,9
1538,Ahmed,Edmondson,Male,1989-04-22,118,Pharmacist,Health,High Net Worth,N,Yes,1017,243 Mosinee Place,2155,NSW,Australia,10
1964,Cara,Campbell-Dunlop,Female,1964-06-19,102,Mechanical Systems Engineer,Financial Services,Affluent Customer,N,Yes,1018,243 Raven Drive,4815,QLD,Australia,3
929,Kippy,Conerding,Male,1965-09-04,54,Database Administrator III,Financial Services,Mass Customer,N,Yes,1019,243 Ridge Oak Center,2195,NSW,Australia,9
2752,Cissiee,Jobern,Female,1960-05-10,147,Sales Representative,Retail,Affluent Customer,N,Yes,1020,244 Burrows Center,3088,VIC,Australia,9
2077,Tobe,Lindroos,Female,1992-02-26,50,Cost Accountant,Financial Services,Mass Customer,N,Yes,1021,2444 Aberg Hill,2067,NSW,Australia,12
1080,Monah,Talbot,Female,1999-12-26,164,Speech Pathologist,Property,Mass Customer,N,Yes,1022,24596 Hoepker Avenue,2322,NSW,Australia,4
804,Henrietta,Seater,Female,1999-06-17,182,Technical Writer,n/a,High Net Worth,N,Yes,1023,246 Norway Maple Trail,3810,VIC,Australia,2
2484,Elise,Slimm,Female,1979-10-03,152,Senior Quality Engineer,Property,Mass Customer,N,Yes,1024,24649 Kennedy Street,2114,NSW,Australia,8
3901,Evelina,Bavin,Female,1974-05-14,101,Marketing Manager,Argiculture,High Net Worth,N,No,1025,24688 Hollow Ridge Way,3064,VIC,Australia,7
3135,Titus,Worsall,Male,1962-01-14,169,Staff Scientist,Financial Services,Mass Customer,N,No,1026,24712 Hazelcrest Lane,3024,VIC,Australia,7
1866,Huberto,Bazylets,Male,1992-10-07,101,Marketing Manager,Manufacturing,Mass Customer,N,No,1027,248 Bartillon Plaza,4059,QLD,Australia,9
1965,Bendicty,Powrie,Male,1973-12-14,190,Web Designer III,Retail,Mass Customer,N,Yes,1028,248 School Park,3156,VIC,Australia,8
2482,Regan,Siemens,Male,1953-12-10,118,Pharmacist,Health,Mass Customer,N,Yes,1029,24877 3rd Circle,2063,NSW,Australia,12
3789,Conn,Westberg,Male,1956-08-08,42,Civil Engineer,Manufacturing,Mass Customer,N,Yes,1030,249 Anderson Street,2153,NSW,Australia,10
2385,Gaultiero,Lissenden,Male,1958-12-17,56,Dental Hygienist,Health,Mass Customer,N,No,1031,249 Burning Wood Point,2758,NSW,Australia,8
3653,Devlen,Perrett,Male,1991-01-04,70,Environmental Specialist,n/a,Mass Customer,N,Yes,1032,249 Merchant Terrace,4211,QLD,Australia,7
2909,Jayme,Rowthorn,Female,1979-09-05,26,Associate Professor,Entertainment,High Net Worth,N,No,1033,24913 Twin Pines Terrace,3350,VIC,Australia,5
448,Robin,Crack,Female,1995-04-26,158,Software Engineer III,IT,High Net Worth,N,No,1034,24919 Artisan Court,3015,Victoria,Australia,8
2046,Charis,Maas,Female,1959-07-27,101,Marketing Manager,n/a,Mass Customer,N,Yes,1035,24951 Michigan Pass,2176,NSW,Australia,10
3305,Neddy,La Grange,Male,1977-02-16,149,Senior Developer,Health,Mass Customer,N,Yes,1036,24965 Mitchell Center,4124,QLD,Australia,6
2548,Kristien,Robberts,Female,1971-07-30,41,Chief Design Engineer,n/a,Mass Customer,N,No,1037,25 Coleman Circle,2214,NSW,Australia,9
1456,Berkie,Croall,Male,1964-12-11,85,Health Coach II,Property,Mass Customer,N,Yes,1038,25 Darwin Terrace,2207,NSW,Australia,9
406,Rhona,Spilsburie,Female,1987-06-16,74,Financial Analyst,Financial Services,High Net Worth,N,No,1039,25 Graceland Way,2750,NSW,Australia,8
3711,Ellene,Scinelli,Female,1961-05-04,26,Associate Professor,Manufacturing,Affluent Customer,N,Yes,1040,25 Melvin Junction,3064,VIC,Australia,6
662,Bonnibelle,Imos,Female,1967-07-04,40,Chemical Engineer,Manufacturing,Mass Customer,N,Yes,1041,25 Mesta Plaza,3975,Victoria,Australia,8
590,Ddene,Burleton,Female,1988-09-09,25,Assistant Professor,Health,Mass Customer,N,Yes,1042,25 Novick Center,2010,NSW,Australia,9
2615,Cordelia,,Female,1998-08-13,108,Nurse,Financial Services,Mass Customer,N,Yes,1043,25 Parkside Terrace,4570,QLD,Australia,3
2747,Anna-diane,Crumpe,Female,1955-09-23,162,Software Test Engineer III,n/a,Affluent Customer,N,No,1044,25 Ronald Regan Point,4035,QLD,Australia,7
2900,Cyrille,Figliovanni,Male,1986-05-30,110,Occupational Therapist,Health,Mass Customer,N,Yes,1045,25 Schlimgen Terrace,2211,NSW,Australia,9
3516,Diarmid,Vearnals,Male,1977-04-30,197,,Property,Mass Customer,N,Yes,1046,25 Schurz Avenue,2071,NSW,Australia,12
2308,Nancey,Hastie,Female,1963-03-19,116,Paralegal,Financial Services,Mass Customer,N,Yes,1047,25139 Rockefeller Center,4350,QLD,Australia,2
1601,Nita,McCarthy,Female,1993-02-11,58,Desktop Support Technician,Manufacturing,Affluent Customer,N,No,1048,2517 Glacier Hill Point,3219,VIC,Australia,3
308,Iver,Dobsons,Male,1983-03-09,52,Database Administrator I,IT,High Net Worth,N,No,1049,252 Mockingbird Plaza,2216,NSW,Australia,10
1725,Corena,Postlewhite,Female,1979-07-19,97,Junior Executive,Manufacturing,High Net Worth,N,Yes,1050,25253 Straubel Trail,2153,NSW,Australia,10
1732,Elihu,Cudworth,Male,1978-07-07,58,Desktop Support Technician,Argiculture,Mass Customer,N,Yes,1051,2538 Gateway Pass,4152,QLD,Australia,4
425,Michaeline,Bordman,Female,1953-11-19,147,Sales Representative,Retail,Mass Customer,N,Yes,1052,25386 Fallview Place,2340,NSW,Australia,3
3884,Sibley,Thirlwall,Female,1986-02-06,189,Web Designer II,Manufacturing,High Net Worth,N,Yes,1053,25413 Delaware Pass,3150,VIC,Australia,12
3369,Cathrin,Rosencrantz,Female,1977-01-02,140,Research Associate,n/a,Mass Customer,N,No,1054,25460 Buell Avenue,2060,NSW,Australia,10
2553,Buddy,Morfell,Male,1981-10-09,197,,n/a,High Net Worth,N,Yes,1055,255 Bonner Lane,3076,VIC,Australia,8
1416,Fraze,Face,Male,1967-04-30,23,Assistant Manager,n/a,High Net Worth,N,Yes,1056,255 Doe Crossing Terrace,2767,NSW,Australia,8
242,Taite,Droghan,Male,1992-03-20,108,Nurse,Property,Affluent Customer,N,No,1057,25503 Evergreen Drive,4300,QLD,Australia,5
439,Lida,Wych,Female,1974-07-08,82,GIS Technical Architect,n/a,Affluent Customer,N,No,1058,25522 Mosinee Point,4215,QLD,Australia,7
2679,Padriac,Apple,Male,1990-06-06,63,Director of Sales,Financial Services,High Net Worth,N,No,1059,25567 Linden Court,4564,QLD,Australia,8
3073,Hernando,Farnham,Male,1967-04-12,108,Nurse,Telecommunications,Affluent Customer,N,No,1060,25578 Mayfield Drive,2099,NSW,Australia,10
3258,Hettie,Godden,Female,1978-12-10,147,Sales Representative,Retail,Mass Customer,N,Yes,1061,2558 Morningstar Center,4221,QLD,Australia,8
1582,Francesco,Wasson,Male,1978-01-14,113,Office Assistant III,Property,Mass Customer,N,No,1062,256 Fordem Street,2119,NSW,Australia,11
1469,Shermy,,Male,1957-06-29,73,Financial Advisor,Financial Services,Affluent Customer,N,Yes,1063,25607 Summer Ridge Way,2448,NSW,Australia,5
3492,Urbanus,Redding,Male,1966-01-27,42,Civil Engineer,Manufacturing,Mass Customer,N,No,1064,2565 Caliangt Point,2171,NSW,Australia,9
811,Ive,Chapelhow,Male,1984-01-13,109,Nurse Practicioner,n/a,Mass Customer,N,No,1065,25689 Eastlawn Crossing,2067,NSW,Australia,11
3310,Bethany,Jarrell,Female,1961-10-29,184,VP Marketing,Property,Affluent Customer,N,Yes,1066,257 Ruskin Crossing,2200,NSW,Australia,10
775,Nikita,Kilby,Male,1982-09-21,14,Accounting Assistant IV,Manufacturing,Affluent Customer,N,No,1067,2570 Wayridge Park,2093,NSW,Australia,9
2579,Celka,Demsey,Female,1970-12-31,58,Desktop Support Technician,Manufacturing,Mass Customer,N,No,1068,258 Bunker Hill Hill,2138,NSW,Australia,8
1099,Jarrett,Maffia,Male,1975-01-13,180,Tax Accountant,Manufacturing,Affluent Customer,N,Yes,1069,258 Luster Court,2154,NSW,Australia,10
373,Eva,Colenutt,Female,2000-08-26,174,Structural Analysis Engineer,Health,High Net Worth,N,Yes,1070,259 Barnett Crossing,2265,NSW,Australia,5
2240,Niall,Hallifax,Male,1969-07-25,29,Automation Specialist III,Manufacturing,High Net Worth,N,Yes,1071,259 Homewood Pass,2092,NSW,Australia,10
2737,Andras,Yurocjkin,Male,1998-07-20,197,,Retail,Mass Customer,N,Yes,1072,259 Summerview Center,4740,QLD,Australia,2
3920,Filbert,Deetlefs,Male,1961-01-21,70,Environmental Specialist,Telecommunications,Mass Customer,N,Yes,1073,259 Union Junction,3107,VIC,Australia,10
1837,Tirrell,Cosgreave,Male,1973-12-29,1,Account Coordinator,Manufacturing,Mass Customer,N,Yes,1074,2590 Northport Hill,2070,NSW,Australia,11
2379,Trixie,Piscopiello,Female,1981-05-05,110,Occupational Therapist,Health,Affluent Customer,N,Yes,1075,25925 Service Crossing,2147,NSW,Australia,9
2114,Erick,Caveill,Male,1954-11-29,144,Safety Technician III,Argiculture,High Net Worth,N,No,1076,25943 Montana Street,2747,NSW,Australia,8
515,Winna,Verny,Female,1989-09-04,88,Help Desk Operator,IT,High Net Worth,N,No,1077,2595 Grover Drive,3124,Victoria,Australia,12
3800,Morena,Ayer,Female,1980-10-28,71,Environmental Tech,n/a,High Net Worth,N,No,1078,26 Barby Terrace,2263,NSW,Australia,6
1229,Sebastian,Trass,Male,2000-01-08,82,GIS Technical Architect,Manufacturing,Affluent Customer,N,Yes,1079,26 Lotheville Court,2085,NSW,Australia,11
1268,Baudoin,McCartney,Male,1989-12-06,197,,Financial Services,High Net Worth,N,Yes,1080,26 Portage Junction,4503,QLD,Australia,5
3177,Titos,Scanes,Male,1978-05-07,55,Database Administrator IV,n/a,Affluent Customer,N,No,1081,26 Randy Road,2642,NSW,Australia,2
2198,Marijn,Arnoll,Male,1998-01-10,64,Editor,Property,Affluent Customer,N,Yes,1082,26049 Straubel Point,2099,NSW,Australia,11
2126,Hugibert,Getcliff,Male,1958-03-29,120,Product Engineer,Health,Mass Customer,N,Yes,1083,26064 Morningstar Junction,2480,NSW,Australia,2
1190,Sib,Gilby,Female,1968-09-07,25,Assistant Professor,Financial Services,Affluent Customer,N,Yes,1084,261 Farmco Drive,4118,QLD,Australia,4
2232,Nev,Malone,Male,1990-05-07,89,Help Desk Technician,n/a,Mass Customer,N,Yes,1085,261 Mosinee Avenue,2335,NSW,Australia,5
445,Timothy,Wenham,Male,1984-11-13,72,Executive Secretary,Financial Services,Mass Customer,N,No,1086,261 Northport Lane,2567,NSW,Australia,7
3638,Fifi,Dorrins,Female,1996-05-04,26,Associate Professor,Manufacturing,Mass Customer,N,No,1087,26138 Katie Point,2800,NSW,Australia,4
3672,Werner,Yglesias,Male,1987-05-25,197,,IT,Mass Customer,N,Yes,1088,2615 Declaration Court,2031,NSW,Australia,12
976,Andonis,Slimmon,Male,1971-10-21,83,Graphic Designer,Financial Services,Affluent Customer,N,No,1089,26204 Monument Alley,2289,NSW,Australia,8
2971,Esther,Caught,Female,1968-01-16,100,Marketing Assistant,Manufacturing,High Net Worth,N,Yes,1090,26223 Warrior Terrace,2204,NSW,Australia,9
1095,Emelda,Gerler,Female,1958-08-29,130,Project Manager,Health,Mass Customer,N,No,1091,26349 Spaight Junction,2756,NSW,Australia,8
3010,Tobye,Cock,Female,1970-05-20,197,,n/a,Affluent Customer,N,No,1092,26378 Esch Junction,2065,NSW,Australia,10
496,Korry,Cosgrove,Female,1976-01-28,67,Engineer II,Financial Services,Affluent Customer,N,Yes,1093,2639 Brown Road,3910,Victoria,Australia,7
87,Fields,Langdon,Male,1974-04-23,64,Editor,Financial Services,Mass Customer,N,No,1094,2640 Manley Point,2166,New South Wales,Australia,9
3540,Ali,Naris,Male,1954-08-27,197,,n/a,Mass Customer,N,Yes,1095,266 Little Fleur Street,4350,QLD,Australia,4
1433,Marya,Szwandt,Female,1958-09-25,1,Account Coordinator,IT,Mass Customer,N,No,1096,26607 West Hill,2777,NSW,Australia,9
845,Koressa,Maris,Female,1973-12-24,26,Associate Professor,Manufacturing,Mass Customer,N,No,1097,2661 Di Loreto Point,4701,QLD,Australia,7
1218,Marlie,Lister,Female,1982-01-09,197,,n/a,Mass Customer,N,Yes,1098,267 Lukken Park,3930,VIC,Australia,9
3212,Corella,Bartomeu,Female,1981-01-15,21,Analog Circuit Design manager,Financial Services,Affluent Customer,N,No,1099,26710 Express Trail,4390,QLD,Australia,7
1923,Immanuel,Farlamb,Male,1970-08-23,87,Health Coach IV,Health,Mass Customer,N,No,1100,26876 Lyons Court,3166,VIC,Australia,10
772,Lorianna,Vidyapin,Female,1998-12-26,44,Community Outreach Specialist,Entertainment,Mass Customer,N,No,1101,2699 Crest Line Way,4869,QLD,Australia,4
1981,Calv,Zelland,Male,1986-01-30,146,Sales Associate,n/a,Affluent Customer,N,No,1102,27 Dawn Lane,2233,NSW,Australia,10
2137,Renie,,Female,1971-06-22,40,Chemical Engineer,Manufacturing,Affluent Customer,N,No,1103,27 Drewry Road,2102,NSW,Australia,10
1737,Benny,Jammet,Female,1976-09-06,149,Senior Developer,Property,Affluent Customer,N,Yes,1104,27 Evergreen Terrace,2261,NSW,Australia,9
1324,Randie,Arnowitz,Female,1978-02-22,190,Web Designer III,Manufacturing,Mass Customer,N,No,1105,27 Farmco Pass,3806,VIC,Australia,8
2730,Taddeo,Karlicek,Male,1960-11-27,151,Senior Financial Analyst,Financial Services,Mass Customer,N,No,1106,27 Fuller Trail,2233,NSW,Australia,8
2586,Heywood,Sollett,Male,1979-09-12,180,Tax Accountant,Financial Services,Mass Customer,N,Yes,1107,27 Grayhawk Alley,2102,NSW,Australia,11
1534,Rosabelle,Hollington,Female,1998-11-30,90,Human Resources Assistant I,Manufacturing,Mass Customer,N,No,1108,27 Hooker Plaza,2177,NSW,Australia,8
2135,Teador,Laurant,Male,1980-09-18,175,Structural Engineer,n/a,Mass Customer,N,Yes,1109,27 Mayer Lane,3756,VIC,Australia,7
419,Chrissie,Bernardini,Female,1981-01-26,184,VP Marketing,Manufacturing,Affluent Customer,N,No,1110,27 Petterle Center,4370,QLD,Australia,2
2073,Linea,,Female,1974-01-30,197,,Manufacturing,High Net Worth,N,Yes,1111,27 Rockefeller Plaza,4556,QLD,Australia,8
3018,Ainsley,Nissle,Female,1971-08-24,133,Recruiter,n/a,High Net Worth,N,Yes,1112,27 Schlimgen Way,4116,QLD,Australia,8
997,Ambros,Kernes,Male,1981-07-03,181,Teacher,Telecommunications,Mass Customer,N,Yes,1113,27 Sunfield Center,4869,QLD,Australia,3
1036,Randene,Ingle,Female,1969-11-28,116,Paralegal,Financial Services,Mass Customer,N,Yes,1114,27135 Melvin Plaza,4556,QLD,Australia,8
172,Hilton,Carney,Male,1988-09-12,64,Editor,Manufacturing,Affluent Customer,N,Yes,1115,272 Montana Avenue,2021,NSW,Australia,8
522,Lynnelle,Comettoi,Female,1976-11-05,197,,n/a,Affluent Customer,N,Yes,1116,27230 7th Place,2068,NSW,Australia,12
732,Bonita,Gethins,Female,1967-01-21,15,Actuary,Financial Services,Mass Customer,N,No,1117,2726 Cardinal Way,3073,Victoria,Australia,5
3855,Brnaby,Doughtery,Male,1965-02-26,76,General Manager,n/a,Mass Customer,N,No,1118,274 Bultman Park,2566,NSW,Australia,7
3049,Tristam,O'Fallone,Male,1967-07-15,197,,Property,High Net Worth,N,Yes,1119,274 Ludington Trail,2428,NSW,Australia,5
1210,Shandie,Sprigg,U,,127,Programmer II,IT,Mass Customer,N,No,1120,275 Lindbergh Parkway,2086,NSW,Australia,11
2526,Izaak,Dopson,Male,1969-02-01,161,Software Test Engineer II,Manufacturing,Mass Customer,N,No,1121,2757 Green Ridge Circle,2567,NSW,Australia,8
3555,Latashia,,Female,1976-02-26,123,Programmer Analyst II,Manufacturing,Mass Customer,N,No,1122,276 Coolidge Plaza,4215,QLD,Australia,7
1318,Barbe,Assender,Female,1966-08-17,149,Senior Developer,Financial Services,Mass Customer,N,Yes,1123,276 Hoffman Road,4017,QLD,Australia,8
1869,Neda,Longfellow,Female,1977-10-19,81,Geologist IV,Financial Services,High Net Worth,N,Yes,1124,2769 Banding Avenue,3189,VIC,Australia,10
1579,Madelaine,Siegertsz,Female,1978-01-27,58,Desktop Support Technician,Financial Services,Affluent Customer,N,Yes,1125,277 Lindbergh Alley,2100,NSW,Australia,11
1550,Nell,MacCafferky,Female,1986-09-12,123,Programmer Analyst II,IT,Mass Customer,N,Yes,1126,277 Maple Circle,2768,NSW,Australia,8
3779,Ulick,Daspar,U,,197,,IT,Affluent Customer,N,No,1127,27784 Hansons Trail,3078,VIC,Australia,11
3371,Josey,Alves,Female,1977-10-30,22,Analyst Programmer,Retail,Mass Customer,N,No,1128,2782 Stephen Trail,2216,NSW,Australia,10
363,Sabrina,Caddy,Female,1988-03-04,130,Project Manager,Retail,Mass Customer,N,Yes,1129,279 Jenna Circle,2179,NSW,Australia,12
79,Tybi,Silliman,Female,1968-10-02,2,Account Executive,Manufacturing,Mass Customer,N,No,1130,2796 Caliangt Circle,2204,New South Wales,Australia,12
21,Mile,Cammocke,Male,1980-09-20,142,Safety Technician I,Manufacturing,Affluent Customer,N,Yes,1131,28 5th Center,4413,QLD,Australia,3
1524,Bonni,Drakers,Female,1975-04-29,20,Administrative Officer,Financial Services,Mass Customer,N,Yes,1132,28 Mcguire Junction,2171,NSW,Australia,10
1381,Ellary,Ramsey,Male,1985-03-11,69,Engineer IV,Manufacturing,Affluent Customer,N,Yes,1133,28 Menomonie Street,3140,VIC,Australia,10
3388,Urbanus,Pichan,Male,1986-10-25,184,VP Marketing,Retail,Mass Customer,N,No,1134,28 Superior Center,2131,NSW,Australia,11
3945,Lazarus,Donaghy,Male,1994-10-21,197,,Retail,High Net Worth,N,No,1135,28 Toban Center,3756,VIC,Australia,2
2148,Annis,Freeth,Female,1989-03-20,66,Engineer I,Manufacturing,Mass Customer,N,Yes,1136,2800 Dottie Trail,3071,VIC,Australia,10
3758,Naomi,Whiles,Female,1959-07-30,134,Recruiting Manager,Telecommunications,Mass Customer,N,Yes,1137,28008 Mesta Lane,2767,NSW,Australia,9
2825,Tammara,Twigley,Female,1971-05-22,38,Budget/Accounting Analyst IV,Manufacturing,Affluent Customer,N,Yes,1138,28014 Kings Park,2300,NSW,Australia,8
2053,Horatius,Dufton,Male,1978-05-28,197,,Financial Services,Affluent Customer,N,Yes,1139,2807 Northwestern Pass,3182,VIC,Australia,8
3642,Ardith,Portigall,Female,1962-05-21,197,,n/a,Affluent Customer,N,Yes,1140,2809 Anderson Lane,3350,VIC,Australia,3
2663,Royce,Pietrowicz,Male,1956-08-01,71,Environmental Tech,Health,Mass Customer,N,Yes,1141,28156 School Park,3188,VIC,Australia,10
2784,Thurston,McKennan,Male,1989-08-09,77,Geological Engineer,Manufacturing,Mass Customer,N,No,1142,282 Esker Crossing,3150,VIC,Australia,10
3324,Sholom,,Male,1973-07-11,141,Research Nurse,Health,Mass Customer,N,Yes,1143,282 Monterey Circle,4300,QLD,Australia,6
734,Leicester,Fynes,Male,1980-07-06,128,Programmer III,Retail,Affluent Customer,N,No,1144,282 West Trail,4005,QLD,Australia,5
742,Dexter,Robelin,Male,1966-04-24,149,Senior Developer,Manufacturing,Mass Customer,N,No,1145,2826 Huxley Center,3137,Victoria,Australia,8
1075,Cullin,Elcoate,Male,1967-07-25,20,Administrative Officer,Manufacturing,High Net Worth,N,No,1146,2827 Fallview Lane,2064,NSW,Australia,9
2522,Benton,MacGragh,Male,1977-02-03,197,,n/a,High Net Worth,N,No,1147,283 Claremont Hill,2138,NSW,Australia,9
948,Yardley,Argo,Male,1969-08-09,134,Recruiting Manager,n/a,Affluent Customer,N,No,1148,283 Ryan Street,3752,VIC,Australia,7
669,Fleur,Whittlesea,Female,1980-11-02,140,Research Associate,n/a,Mass Customer,N,No,1149,2836 Morning Drive,2304,NSW,Australia,7
831,Teddy,Keijser,Male,1973-04-20,116,Paralegal,Financial Services,Affluent Customer,N,No,1150,285 Aberg Point,2192,NSW,Australia,10
279,Tamera,Hinckes,Female,1981-09-09,188,Web Designer I,Manufacturing,Mass Customer,N,No,1151,28604 Bellgrove Circle,4508,QLD,Australia,6
2604,Lewiss,Jaeggi,Male,1975-05-08,2,Account Executive,Retail,Mass Customer,N,Yes,1152,28634 Nova Circle,3127,VIC,Australia,12
2675,Dayle,Girardetti,Female,1973-02-25,106,Media Manager IV,Retail,Mass Customer,N,No,1153,2864 Corscot Parkway,2756,NSW,Australia,8
2928,Cedric,Layzell,Male,1992-12-27,111,Office Assistant I,n/a,Mass Customer,N,No,1154,2875 Anhalt Court,4570,QLD,Australia,3
379,Bert,Ainslie,Male,1980-03-13,197,,Manufacturing,High Net Worth,N,Yes,1155,28809 Mesta Pass,4170,QLD,Australia,8
2736,Max,Awcock,Male,1993-01-18,14,Accounting Assistant IV,n/a,Affluent Customer,N,Yes,1156,28820 Monica Circle,2226,NSW,Australia,7
651,Minni,Deegin,Female,1973-10-24,180,Tax Accountant,Health,Affluent Customer,N,No,1157,2884 Welch Lane,3807,Victoria,Australia,8
82,Gleda,Cokely,Female,1965-06-28,162,Software Test Engineer III,Property,High Net Worth,N,No,1158,289 Haas Street,2075,New South Wales,Australia,11
2889,Ximenes,Patmore,Male,1986-04-01,25,Assistant Professor,n/a,Mass Customer,N,Yes,1159,289 Lerdahl Terrace,2763,NSW,Australia,8
2796,Margette,Vidyapin,Female,1977-11-01,189,Web Designer II,Manufacturing,Mass Customer,N,No,1160,28905 Hallows Avenue,2320,NSW,Australia,5
2187,Brunhilde,Kendall,Female,1997-12-27,35,Budget/Accounting Analyst I,Health,Mass Customer,N,No,1161,28928 Mariners Cove Pass,3040,VIC,Australia,11
2364,Fielding,Linklater,Male,1995-09-22,164,Speech Pathologist,n/a,Mass Customer,N,Yes,1162,29 Basil Point,2284,NSW,Australia,5
1986,Melania,Ruske,Female,1981-12-30,197,,Retail,Mass Customer,N,No,1163,29 Delaware Pass,2567,NSW,Australia,8
1958,Janina,Keme,Female,1985-09-01,121,Professor,n/a,Mass Customer,N,No,1164,29 Hansons Crossing,2318,NSW,Australia,4
1376,Pail,,Male,1966-03-12,71,Environmental Tech,Health,Mass Customer,N,Yes,1165,29 Mallory Circle,3791,VIC,Australia,9
2336,Karney,Labrone,Male,1978-01-19,56,Dental Hygienist,Health,Affluent Customer,N,No,1166,29 Portage Street,4070,QLD,Australia,7
469,Levi,Cartmell,Male,1996-05-03,15,Actuary,Financial Services,High Net Worth,N,Yes,1167,29 South Point,3111,Victoria,Australia,9
1510,Timmie,Chitty,Male,1959-02-05,15,Actuary,Financial Services,Mass Customer,N,No,1168,29 Spohn Drive,2212,NSW,Australia,10
1678,Dale,Hursey,Female,1977-10-07,197,,Financial Services,High Net Worth,N,Yes,1169,290 Havey Crossing,3145,VIC,Australia,12
2416,Eberhard,Shalcras,Male,1959-12-29,111,Office Assistant I,Health,Affluent Customer,N,No,1170,290 Jay Drive,4210,QLD,Australia,3
1481,Ellissa,Stanney,Female,1976-06-26,151,Senior Financial Analyst,Financial Services,Affluent Customer,N,No,1171,29133 Canary Circle,2282,NSW,Australia,8
239,Wells,Pressman,Male,1992-12-13,135,Registered Nurse,Health,Affluent Customer,N,No,1172,2914 Vahlen Lane,2250,NSW,Australia,8
3990,Reynard,Hagger,Male,1998-03-05,58,Desktop Support Technician,Health,High Net Worth,N,No,1173,2918 Summer Ridge Hill,3030,VIC,Australia,2
2252,Darcey,Annis,U,,181,Teacher,IT,High Net Worth,N,Yes,1174,29180 American Ash Circle,2560,NSW,Australia,9
3445,Craggy,,Male,1966-06-23,52,Database Administrator I,Financial Services,Affluent Customer,N,Yes,1175,29279 Hazelcrest Junction,2120,NSW,Australia,10
1341,Parry,Rigolle,Male,1986-05-18,46,Computer Systems Analyst I,Financial Services,Affluent Customer,N,No,1176,294 Lawn Junction,3677,VIC,Australia,1
965,Meggie,Whitchurch,Female,1997-06-18,175,Structural Engineer,Retail,High Net Worth,N,Yes,1177,29419 Harper Circle,4209,QLD,Australia,5
3011,Robena,Barks,Female,1994-05-11,169,Staff Scientist,Financial Services,High Net Worth,N,No,1178,2942 Swallow Trail,4214,QLD,Australia,9
1668,Aurlie,Bolter,Female,1965-06-13,73,Financial Advisor,Financial Services,Mass Customer,N,No,1179,29438 Swallow Crossing,2217,NSW,Australia,11
68,Dahlia,Eddoes,Female,1974-04-21,95,Information Systems Manager,n/a,Affluent Customer,N,No,1180,29466 Hanson Pass,4208,QLD,Australia,6
28,Fee,Zellmer,Male,1973-09-30,152,Senior Quality Engineer,Health,Affluent Customer,N,Yes,1181,2951 Petterle Place,2756,New South Wales,Australia,9
3599,Lane,Maguire,Male,1956-02-27,119,Physical Therapy Assistant,n/a,High Net Worth,N,Yes,1182,29585 Weeping Birch Avenue,2830,NSW,Australia,2
721,Harmonia,Cornock,Female,1993-08-09,5,Account Representative III,n/a,Affluent Customer,N,Yes,1183,29639 Porter Center,4221,QLD,Australia,8
3361,Riva,Yushin,Female,1968-01-20,76,General Manager,Property,Mass Customer,N,Yes,1184,297 Kinsman Park,2766,NSW,Australia,9
2067,Slade,Mulvin,Male,1979-05-05,135,Registered Nurse,Health,Mass Customer,N,No,1185,2982 Monterey Way,3182,VIC,Australia,10
3488,Cristobal,Whitrod,Male,1975-08-07,164,Speech Pathologist,Manufacturing,Mass Customer,N,Yes,1186,2986 Holmberg Circle,3021,VIC,Australia,9
3348,Amanda,Hazeltine,Female,1956-11-08,118,Pharmacist,Health,High Net Worth,N,Yes,1187,29863 Waxwing Court,3056,VIC,Australia,5
292,Gelya,Gerant,Female,1961-11-24,185,VP Product Management,n/a,Affluent Customer,N,Yes,1188,29886 Crownhardt Crossing,2141,NSW,Australia,8
2709,Simone,Boanas,Male,1995-03-20,197,,Financial Services,High Net Worth,N,No,1189,29895 Crest Line Point,2049,NSW,Australia,11
1949,Onida,Cockshot,Female,1954-05-10,98,Legal Assistant,Manufacturing,Mass Customer,N,No,1190,299 Pine View Parkway,3121,VIC,Australia,12
2753,Bale,Ney,Male,1985-02-12,107,Nuclear Power Engineer,Manufacturing,Mass Customer,N,Yes,1191,2992 Scott Hill,3046,VIC,Australia,8
2517,Rozanna,Kegan,Female,1978-10-19,141,Research Nurse,Health,Mass Customer,N,Yes,1192,3 American Ash Parkway,3342,VIC,Australia,7
420,Clem,Leek,Male,1958-07-05,88,Help Desk Operator,Entertainment,High Net Worth,N,No,1193,3 Annamark Avenue,3150,VIC,Australia,11
1165,Fanni,Wakelin,Female,1993-06-23,19,Administrative Assistant IV,Financial Services,High Net Worth,N,No,1194,3 Atwood Lane,2153,NSW,Australia,10
2910,Drucill,Petrus,Female,1962-12-17,135,Registered Nurse,Health,Mass Customer,N,Yes,1195,3 Barnett Way,2763,NSW,Australia,9
2196,Skylar,Brise,Male,1976-06-08,103,Media Manager I,Retail,High Net Worth,N,Yes,1196,3 Bashford Plaza,2267,NSW,Australia,5
3565,Charyl,Pottiphar,U,,175,Structural Engineer,IT,High Net Worth,N,Yes,1197,3 Becker Drive,2566,NSW,Australia,8
1281,Leighton,Zisneros,Male,1968-07-07,18,Administrative Assistant III,Manufacturing,Affluent Customer,N,Yes,1198,3 Blaine Road,4306,QLD,Australia,6
1997,Tedmund,Simonsson,Male,1996-09-27,175,Structural Engineer,n/a,Mass Customer,N,No,1199,3 Bonner Point,2800,NSW,Australia,4
187,Pincas,Ather,Male,1954-01-28,175,Structural Engineer,n/a,Mass Customer,N,No,1200,3 Buell Park,2261,NSW,Australia,7
2766,Rozanna,Chartman,Female,1989-03-19,73,Financial Advisor,Financial Services,High Net Worth,N,Yes,1201,3 Buena Vista Crossing,2444,NSW,Australia,6
1701,Hazlett,Goane,Male,1963-04-24,197,,Manufacturing,High Net Worth,N,No,1202,3 Buena Vista Pass,4209,QLD,Australia,5
3621,Umeko,Hearfield,Female,1975-01-16,62,Developer IV,Health,High Net Worth,N,No,1203,3 Burning Wood Pass,2322,NSW,Australia,4
3480,Jarib,,Male,1959-06-24,197,,n/a,Mass Customer,N,No,1204,3 Butterfield Trail,4519,QLD,Australia,6
3136,Leonardo,Brennon,Male,1998-08-25,101,Marketing Manager,Retail,Mass Customer,N,Yes,1205,3 Canary Center,2040,NSW,Australia,10
1068,Frazer,Searston,Male,1995-03-21,197,,Health,Mass Customer,N,Yes,1206,3 Center Crossing,2452,NSW,Australia,3
3141,Esmaria,Kiernan,Female,1995-11-04,26,Associate Professor,Retail,Mass Customer,N,Yes,1207,3 Cody Trail,2010,NSW,Australia,7
2956,Thedric,Bolding,Male,1959-12-16,131,Quality Control Specialist,Telecommunications,Mass Customer,N,Yes,1208,3 Comanche Court,2537,NSW,Australia,4
2783,Antonin,Gleaves,Male,1978-08-24,147,Sales Representative,Retail,Affluent Customer,N,Yes,1209,3 Cordelia Place,3018,VIC,Australia,9
20,Basile,Firth,Male,1980-08-13,130,Project Manager,Manufacturing,Mass Customer,N,No,1210,3 Cordelia Plaza,2153,New South Wales,Australia,10
274,Tessi,Hesse,Female,1976-09-15,154,Social Worker,Health,Mass Customer,N,Yes,1211,3 Corscot Crossing,2030,NSW,Australia,12
660,Stormi,,Female,1995-07-29,77,Geological Engineer,Manufacturing,High Net Worth,N,No,1212,3 Corscot Hill,4870,QLD,Australia,5
782,Bevvy,Siegertsz,Female,1976-08-29,77,Geological Engineer,Manufacturing,Mass Customer,N,No,1213,3 Crest Line Plaza,2223,NSW,Australia,10
2178,Veriee,Colthard,Female,1954-03-18,102,Mechanical Systems Engineer,Retail,Mass Customer,N,No,1214,3 Declaration Circle,4350,QLD,Australia,7
1799,Tito,Brash,Male,1977-12-23,197,,n/a,Affluent Customer,N,No,1215,3 Delladonna Street,4799,QLD,Australia,3
642,Les,Mines,Male,1972-12-19,30,Automation Specialist IV,Property,Mass Customer,N,No,1216,3 Erie Hill,3564,Victoria,Australia,2
3626,Cora,Hince,Female,1978-09-02,148,Senior Cost Accountant,Financial Services,Mass Customer,N,Yes,1217,3 Florence Drive,2151,NSW,Australia,10
1648,Prissie,Dyde,Female,1981-06-09,183,VP Accounting,Financial Services,Mass Customer,N,No,1218,3 Fordem Park,4011,QLD,Australia,10
2634,Silvester,Scowcroft,Male,1980-07-14,132,Quality Engineer,Financial Services,High Net Worth,N,No,1219,3 Forest Dale Lane,2100,NSW,Australia,11
1293,Vidovic,Fretson,Male,1980-10-07,132,Quality Engineer,IT,Mass Customer,N,No,1220,3 Gina Center,4210,QLD,Australia,7
872,Suki,Ivachyov,Female,1971-04-28,175,Structural Engineer,IT,Mass Customer,N,No,1221,3 Glacier Hill Parkway,2196,NSW,Australia,10
326,Guenna,Spensly,Female,1980-02-16,88,Help Desk Operator,Financial Services,Mass Customer,N,No,1222,3 Golf Course Avenue,2203,NSW,Australia,9
1014,Miller,Faloon,Male,1960-10-14,149,Senior Developer,Property,Mass Customer,N,Yes,1223,3 Hayes Court,3109,VIC,Australia,10
3738,Lucila,Smalls,Female,1959-12-19,121,Professor,Financial Services,High Net Worth,N,Yes,1224,3 High Crossing Parkway,3006,VIC,Australia,7
88,Malynda,Tumber,Female,1966-02-03,88,Help Desk Operator,Property,High Net Worth,N,Yes,1225,3 Hintze Pass,3133,VIC,Australia,10
2974,Hyacinthia,Settle,Female,1975-09-28,69,Engineer IV,Financial Services,High Net Worth,N,No,1226,3 Hudson Circle,2250,NSW,Australia,9
1457,Leonore,Slixby,Female,1978-08-20,164,Speech Pathologist,n/a,Affluent Customer,N,Yes,1227,3 Independence Hill,2560,NSW,Australia,9
2720,Shirline,Yellowlee,Female,1983-09-02,1,Account Coordinator,Retail,High Net Worth,N,No,1228,3 Independence Street,4073,QLD,Australia,6
3931,Kylie,Epine,U,,197,,IT,High Net Worth,N,Yes,1229,3 Kedzie Center,3106,VIC,Australia,10
442,Linc,Vedyasov,Male,2001-10-06,197,,Financial Services,Mass Customer,N,No,1230,3 Loomis Crossing,2217,NSW,Australia,9
2986,Ettore,Bere,Male,1980-09-01,197,,Financial Services,Mass Customer,N,No,1231,3 Lukken Road,2066,NSW,Australia,12
580,Johnathan,Audiss,Male,1975-12-03,45,Compensation Analyst,Financial Services,Mass Customer,N,Yes,1232,3 Lunder Place,2300,NSW,Australia,10
921,Gretchen,Seneschal,Female,1979-12-19,89,Help Desk Technician,Manufacturing,Mass Customer,N,No,1233,3 Luster Junction,2323,NSW,Australia,4
337,Shaylah,Urquhart,Female,1979-10-08,173,Statistician IV,Argiculture,High Net Worth,N,Yes,1234,3 Lyons Road,2759,NSW,Australia,8
777,Wolfgang,Tarrier,Male,1993-01-09,116,Paralegal,Financial Services,High Net Worth,N,No,1235,3 Magdeline Terrace,2190,NSW,Australia,10
851,Cammi,Tesmond,Female,1987-12-30,130,Project Manager,n/a,Affluent Customer,N,Yes,1236,3 Magdeline Way,4415,QLD,Australia,2
1800,Dianemarie,Hatherall,Female,1955-09-23,72,Executive Secretary,Argiculture,High Net Worth,N,No,1237,3 Mallard Center,2251,NSW,Australia,8
3828,Tessy,Beefon,Female,1992-05-12,56,Dental Hygienist,Health,Mass Customer,N,No,1238,3 Mandrake Parkway,2118,NSW,Australia,9
1897,Cosette,Callar,Female,1997-08-20,120,Product Engineer,n/a,Mass Customer,N,Yes,1239,3 Manley Crossing,4074,QLD,Australia,6
3294,Juditha,Leidl,Female,1986-06-26,63,Director of Sales,Manufacturing,Affluent Customer,N,No,1240,3 Maple Place,3064,VIC,Australia,7
2329,Donny,Stiven,Female,1957-12-19,47,Computer Systems Analyst II,IT,Affluent Customer,N,No,1241,3 Mariners Cove Terrace,3108,VIC,Australia,10
2981,Benny,Jadczak,Male,1980-03-30,147,Sales Representative,Retail,High Net Worth,N,Yes,1242,3 Mariners Cove Terrace,2216,NSW,Australia,10
2012,Maisey,Lavell,Female,1972-09-07,84,Health Coach I,Health,High Net Worth,N,No,1243,3 Memorial Junction,2126,NSW,Australia,11
2142,Marti,McComish,Female,1979-07-02,34,Biostatistician IV,n/a,Affluent Customer,N,No,1244,3 Memorial Terrace,2234,NSW,Australia,10
1870,Alikee,Sjollema,Female,1973-01-16,83,Graphic Designer,n/a,Affluent Customer,N,No,1245,3 Monterey Trail,2582,NSW,Australia,9
3489,Margo,Fletcher,Female,1969-10-30,88,Help Desk Operator,Argiculture,Mass Customer,N,Yes,1246,3 Monument Crossing,2090,NSW,Australia,10
343,Nicole,Johananoff,Female,1957-08-14,133,Recruiter,Property,Affluent Customer,N,No,1247,3 Moulton Lane,2153,NSW,Australia,9
3262,Maynord,L'Episcopi,Male,1959-10-14,120,Product Engineer,Entertainment,Mass Customer,N,No,1248,3 Myrtle Pass,2095,NSW,Australia,12
2524,Rustie,Kingsland,Male,1969-05-29,89,Help Desk Technician,Retail,Mass Customer,N,Yes,1249,3 Myrtle Terrace,4161,QLD,Australia,7
2907,Erik,,Male,1977-01-15,151,Senior Financial Analyst,Financial Services,High Net Worth,N,No,1250,3 Nancy Circle,3106,VIC,Australia,10
1763,Suzie,Ornillos,Female,1994-10-30,27,Automation Specialist I,Manufacturing,Affluent Customer,N,Yes,1251,3 Nevada Road,4215,QLD,Australia,3
2950,Kristos,Anthony,Male,1955-01-11,156,Software Engineer I,Financial Services,Mass Customer,N,Yes,1252,3 New Castle Terrace,3032,VIC,Australia,8
3494,Robers,Richen,Male,1998-12-24,6,Account Representative IV,Argiculture,High Net Worth,N,No,1253,3 Nova Point,3012,VIC,Australia,4
2638,Moritz,Brognot,Male,1977-02-10,37,Budget/Accounting Analyst III,IT,Mass Customer,N,Yes,1254,3 Old Gate Hill,4106,QLD,Australia,5
416,Dory,Barnsdall,Female,1997-06-23,155,Software Consultant,n/a,Mass Customer,N,Yes,1255,3 Oriole Place,3183,VIC,Australia,7
2525,Hans,Ison,Male,1992-10-03,50,Cost Accountant,Financial Services,Mass Customer,N,No,1256,3 Park Meadow Drive,3023,VIC,Australia,7
2590,Roslyn,Tewkesbury.,Female,1964-09-22,76,General Manager,Financial Services,Affluent Customer,N,Yes,1257,3 Pennsylvania Terrace,2197,NSW,Australia,9
3236,Edsel,Arguile,Male,1993-04-01,197,,Manufacturing,Mass Customer,N,Yes,1258,3 Pepper Wood Point,2760,NSW,Australia,8
1206,Lucina,Metcalf,Female,1978-05-07,116,Paralegal,Financial Services,Mass Customer,N,No,1259,3 Porter Center,2230,NSW,Australia,9
1425,Chrisy,Sivess,Male,1986-07-06,76,General Manager,Retail,High Net Worth,N,Yes,1260,3 Rigney Center,2794,NSW,Australia,2
2378,Aggi,Farncombe,Female,1994-04-25,137,Research Assistant II,Manufacturing,Affluent Customer,N,No,1261,3 Riverside Drive,4034,QLD,Australia,8
1908,Jaquelyn,Workman,Female,1963-12-10,89,Help Desk Technician,Financial Services,High Net Worth,N,Yes,1262,3 Roth Place,2449,NSW,Australia,2
3473,Sanderson,Alloway,U,,21,Analog Circuit Design manager,IT,Mass Customer,N,No,1263,3 Roxbury Street,2261,NSW,Australia,7
1156,Breena,Risebrow,Female,1997-10-16,100,Marketing Assistant,Argiculture,Mass Customer,N,Yes,1264,3 Sachs Point,2250,NSW,Australia,7
1365,Shurlocke,Pirie,Male,1992-04-19,140,Research Associate,Health,Mass Customer,N,No,1265,3 Schlimgen Alley,3201,VIC,Australia,6
2352,Cilka,Dabbes,Female,1971-10-22,171,Statistician II,n/a,Mass Customer,N,Yes,1266,3 School Drive,4173,QLD,Australia,7
1301,Trix,,Female,1991-11-25,174,Structural Analysis Engineer,Health,Mass Customer,N,No,1267,3 School Place,4124,QLD,Australia,4
3892,Roma,Finlater,Male,1978-01-29,169,Staff Scientist,n/a,Mass Customer,N,Yes,1268,3 Shasta Circle,2165,NSW,Australia,8
3551,Zed,Douris,Male,1962-05-10,118,Pharmacist,Health,Mass Customer,N,Yes,1269,3 Shasta Way,2076,NSW,Australia,12
678,Ambur,Symcoxe,Female,1995-08-31,12,Accounting Assistant II,IT,High Net Worth,N,No,1270,3 Sheridan Park,2548,NSW,Australia,8
438,Ebenezer,Bottelstone,Male,1989-08-17,96,Internal Auditor,Property,High Net Worth,N,Yes,1271,3 Sutteridge Park,4074,QLD,Australia,6
2322,Hazlett,Rosenschein,Male,1992-05-24,33,Biostatistician III,Health,Mass Customer,N,Yes,1272,3 Talisman Court,3204,VIC,Australia,11
733,Ham,Mayoh,Male,1973-11-30,197,,Manufacturing,Mass Customer,N,No,1273,3 Talisman Place,4811,QLD,Australia,2
2471,Noland,Bresland,Male,1978-12-20,77,Geological Engineer,Manufacturing,Mass Customer,N,Yes,1274,3 Talisman Place,4017,QLD,Australia,5
2188,Zonnya,Fayter,Female,1972-04-03,109,Nurse Practicioner,n/a,Mass Customer,N,No,1275,3 Thierer Plaza,4815,QLD,Australia,1
3172,Marje,Kennewell,Female,1961-12-17,197,,Retail,Affluent Customer,N,No,1276,3 Tomscot Place,3756,VIC,Australia,4
391,Duffie,Woodier,Male,1970-03-25,197,,Argiculture,Mass Customer,N,No,1277,3 Valley Edge Trail,3444,VIC,Australia,7
2700,Ingaberg,Cornillot,Female,1994-11-24,82,GIS Technical Architect,n/a,Mass Customer,N,No,1278,3 Vermont Alley,2261,NSW,Australia,5
2860,Charity,Robken,Female,1995-10-02,119,Physical Therapy Assistant,n/a,Mass Customer,N,No,1279,3 Vermont Junction,3757,VIC,Australia,6
830,Jayson,Chilcott,Male,1981-05-31,186,VP Quality Control,Manufacturing,Affluent Customer,N,No,1280,3 Washington Plaza,3199,VIC,Australia,7
3363,Orson,Tythacott,Male,2000-03-08,65,Electrical Engineer,Manufacturing,High Net Worth,N,Yes,1281,3 Weeping Birch Plaza,3677,VIC,Australia,2
3625,Cammie,Rubinfeld,Female,1953-11-30,184,VP Marketing,Manufacturing,High Net Worth,N,Yes,1282,3 Westridge Avenue,2810,NSW,Australia,5
1501,Shelby,Trayhorn,Female,1973-07-31,2,Account Executive,Property,Mass Customer,N,Yes,1283,30 Bay Hill,2229,NSW,Australia,12
1347,Leisha,Signoret,Female,1977-12-16,88,Help Desk Operator,Manufacturing,Mass Customer,N,Yes,1284,30 Crescent Oaks Point,3564,VIC,Australia,2
1781,Sammie,Uglow,Male,1965-07-26,51,Data Coordiator,n/a,Affluent Customer,N,No,1285,30 Delladonna Plaza,3046,VIC,Australia,8
2650,Candice,Patriskson,Female,1995-08-20,39,Business Systems Development Analyst,IT,Affluent Customer,N,Yes,1286,30 Parkside Terrace,2210,NSW,Australia,10
3852,Zerk,Merrien,Male,1982-02-04,88,Help Desk Operator,n/a,Mass Customer,N,No,1287,30 Prairie Rose Road,2761,NSW,Australia,7
2501,Ora,Meaddowcroft,Female,1971-07-12,15,Actuary,Financial Services,Mass Customer,N,Yes,1288,30 Redwing Pass,2112,NSW,Australia,11
3483,Emlyn,Burnel,Male,1956-10-02,153,Senior Sales Associate,Health,High Net Worth,N,Yes,1289,30011 Manufacturers Hill,3146,VIC,Australia,9
1860,Holly-anne,Hamman,Female,1976-12-28,107,Nuclear Power Engineer,Manufacturing,Mass Customer,N,Yes,1290,3007 Summer Ridge Street,4511,QLD,Australia,7
1521,Pernell,Duffett,Male,1995-11-13,39,Business Systems Development Analyst,Financial Services,Affluent Customer,N,Yes,1291,3009 Duke Crossing,2200,NSW,Australia,8
3679,Murielle,Klimkov,Female,1992-05-05,60,Developer II,n/a,High Net Worth,N,No,1292,30122 Union Plaza,2066,NSW,Australia,9
3922,Frans,Whitecross,Male,1981-05-29,180,Tax Accountant,Financial Services,Mass Customer,N,Yes,1293,3015 Bowman Alley,2777,NSW,Australia,9
2609,Genvieve,Kobes,Female,1964-12-18,45,Compensation Analyst,Financial Services,Mass Customer,N,Yes,1294,3024 Butternut Crossing,2087,NSW,Australia,11
657,Hoyt,,Male,1993-02-18,143,Safety Technician II,Manufacturing,Affluent Customer,N,No,1295,30274 Graedel Way,2577,NSW,Australia,7
2588,Kimball,Martinho,Male,2001-01-02,121,Professor,n/a,High Net Worth,N,No,1296,303 Michigan Avenue,3977,VIC,Australia,5
2725,Sibylla,Langmuir,Female,1965-06-19,152,Senior Quality Engineer,Property,Affluent Customer,N,No,1297,304 Moland Street,3810,VIC,Australia,5
918,Mahmud,Chiles,Male,1975-02-26,96,Internal Auditor,Health,High Net Worth,N,No,1298,3044 Summer Ridge Center,3060,VIC,Australia,8
3422,Lucine,Virgin,Female,1978-05-06,121,Professor,Manufacturing,Mass Customer,N,No,1299,3047 Spenser Pass,2750,NSW,Australia,8
1528,Ranee,Henriksson,Female,1984-01-01,197,,Manufacturing,High Net Worth,N,No,1300,305 Vera Lane,2165,NSW,Australia,8
3775,Avie,Cleator,Female,1985-02-13,197,,Health,Affluent Customer,N,No,1301,3052 Green Drive,3142,VIC,Australia,11
707,Homere,Rounds,Male,1973-07-23,72,Executive Secretary,n/a,Mass Customer,N,Yes,1302,30550 Pierstorff Lane,3093,Victoria,Australia,7
527,Lorilyn,Topaz,Female,1990-10-19,186,VP Quality Control,Financial Services,Mass Customer,N,Yes,1303,306 Longview Street,2145,NSW,Australia,7
2487,Elton,Piggford,Male,1978-01-13,115,Operator,IT,Affluent Customer,N,Yes,1304,30624 John Wall Point,3101,VIC,Australia,7
2227,Duff,Kemble,Male,1976-07-16,176,Systems Administrator I,Property,Affluent Customer,N,Yes,1305,3073 Golf View Terrace,4165,QLD,Australia,8
3092,Hallie,Blackden,Female,1972-12-17,173,Statistician IV,n/a,Affluent Customer,N,No,1306,3075 Victoria Drive,2290,NSW,Australia,7
61,Kacey,Rowbottom,Female,1959-11-29,88,Help Desk Operator,Property,High Net Worth,N,No,1307,308 Jana Crossing,2153,New South Wales,Australia,10
1035,Kara-lynn,Doddridge,Female,1976-11-02,115,Operator,Retail,Affluent Customer,N,Yes,1308,3082 Almo Center,2454,NSW,Australia,4
1682,Gerladina,Cuddon,Female,1960-04-25,175,Structural Engineer,Manufacturing,Affluent Customer,N,Yes,1309,309 Oneill Way,2068,NSW,Australia,10
2427,Myrta,Whibley,Female,1998-10-15,149,Senior Developer,n/a,High Net Worth,N,Yes,1310,309 Shopko Center,4211,QLD,Australia,10
330,Port,Pancost,Male,1959-06-03,134,Recruiting Manager,Manufacturing,High Net Worth,N,Yes,1311,3093 Mockingbird Place,3356,VIC,Australia,2
477,Cheri,Hazeman,Female,1960-11-26,104,Media Manager II,Financial Services,High Net Worth,N,Yes,1312,30991 Macpherson Parkway,2155,NSW,Australia,9
3676,Derk,Willingale,Male,1965-12-15,84,Health Coach I,Health,Affluent Customer,N,No,1313,31 Declaration Drive,4500,QLD,Australia,5
3381,Bruce,Lackie,Male,1993-11-20,49,Computer Systems Analyst IV,n/a,Mass Customer,N,No,1314,31 Dovetail Trail,2088,NSW,Australia,9
1801,Bendix,Olivella,Male,1976-12-23,98,Legal Assistant,Manufacturing,Affluent Customer,N,No,1315,31 Eastwood Circle,2460,NSW,Australia,3
3428,Leonora,Iglesia,Female,1974-08-07,40,Chemical Engineer,Manufacturing,Mass Customer,N,Yes,1316,31 International Pass,4173,QLD,Australia,7
3841,Barnebas,Munro,Male,1990-01-24,58,Desktop Support Technician,Manufacturing,Affluent Customer,N,No,1317,31 Melvin Park,4163,QLD,Australia,8
1977,Myrtia,Paschke,Female,1977-10-04,197,,Manufacturing,Mass Customer,N,Yes,1318,31 Northwestern Court,2206,NSW,Australia,10
3656,Talia,Sidnell,Female,1976-12-24,197,,Property,Mass Customer,N,Yes,1319,31 Packers Pass,2205,NSW,Australia,10
2016,Laraine,Merioth,Female,1998-11-19,72,Executive Secretary,Retail,Affluent Customer,N,Yes,1320,31 Scofield Trail,3020,VIC,Australia,8
487,Elayne,Braiden,Female,1979-09-19,75,Food Chemist,Health,Mass Customer,N,No,1321,31 Twin Pines Trail,3775,Victoria,Australia,10
3719,Dorette,Attridge,Female,1956-10-19,147,Sales Representative,Retail,Mass Customer,N,No,1322,310 Cody Street,2125,NSW,Australia,11
3495,Constantine,Frissell,Female,1987-07-12,128,Programmer III,Financial Services,High Net Worth,N,No,1323,310 Stephen Terrace,4073,QLD,Australia,9
45,Trace,Woodhead,Male,1975-09-23,151,Senior Financial Analyst,Financial Services,Mass Customer,N,No,1324,3107 Calypso Terrace,2210,New South Wales,Australia,9
558,Allene,Claypole,Female,1973-05-25,124,Programmer Analyst III,n/a,Mass Customer,N,No,1325,311 Chive Way,4680,QLD,Australia,3
421,Tish,Netti,Female,1999-03-19,147,Sales Representative,Retail,Mass Customer,N,Yes,1326,311 Dapin Point,2549,NSW,Australia,3
534,Madel,Palffrey,Female,1954-08-16,176,Systems Administrator I,n/a,Mass Customer,N,No,1327,311 Emmet Point,4211,QLD,Australia,7
1044,Frederico,Whilder,U,,75,Food Chemist,Health,High Net Worth,N,No,1328,31111 Hoepker Road,3034,VIC,Australia,9
2414,Basile,Bowlas,U,,135,Registered Nurse,Health,Mass Customer,N,Yes,1329,31168 Messerschmidt Street,3024,VIC,Australia,5
1791,Ninon,Van Der Hoog,Female,1974-12-25,51,Data Coordiator,IT,Affluent Customer,N,Yes,1330,31186 Hoard Junction,2015,NSW,Australia,12
3387,Shel,Duke,Female,1976-07-05,76,General Manager,Manufacturing,Affluent Customer,N,Yes,1331,312 Swallow Place,3021,VIC,Australia,7
3126,Bondon,Deeley,Male,1986-10-16,173,Statistician IV,Financial Services,High Net Worth,N,No,1332,3126 Bayside Hill,4503,QLD,Australia,4
2460,Mick,Boutellier,Male,1976-05-17,109,Nurse Practicioner,Manufacturing,High Net Worth,N,Yes,1333,3126 Butterfield Pass,2573,NSW,Australia,8
2731,Meagan,Ferry,Female,2000-05-18,13,Accounting Assistant III,Retail,Mass Customer,N,Yes,1334,313 Mifflin Center,4504,QLD,Australia,5
1634,Jordana,Beach,Female,1970-08-31,63,Director of Sales,Manufacturing,Affluent Customer,N,No,1335,313 Schiller Trail,3018,VIC,Australia,4
3514,Darcy,Ilett,Male,1962-08-24,70,Environmental Specialist,n/a,Mass Customer,N,No,1336,31331 Old Shore Crossing,2211,NSW,Australia,8
991,Lenna,Coales,Female,1991-11-29,74,Financial Analyst,Financial Services,Mass Customer,N,Yes,1337,31369 Meadow Valley Road,4034,QLD,Australia,5
329,Garvy,Berthel,Male,1984-11-20,6,Account Representative IV,Entertainment,High Net Worth,N,Yes,1338,314 Northland Plaza,4213,QLD,Australia,5
2802,Clem,Fosdick,Female,1996-09-22,122,Programmer Analyst I,Financial Services,Mass Customer,N,No,1339,3140 Hudson Road,3130,VIC,Australia,5
3410,Merrili,Brittin,Female,1940-09-22,197,,Property,Mass Customer,N,No,1340,31414 Superior Park,2539,NSW,Australia,7
3025,Osgood,Stolting,Male,1977-04-23,45,Compensation Analyst,Financial Services,Mass Customer,N,Yes,1341,31435 Eagle Crest Drive,2230,NSW,Australia,10
3178,Gan,Marrion,Male,1971-09-28,186,VP Quality Control,Retail,Mass Customer,N,Yes,1342,31435 Surrey Court,2074,NSW,Australia,11
2533,Harper,Ioannidis,Male,1993-07-26,164,Speech Pathologist,Health,Affluent Customer,N,Yes,1343,3144 Ruskin Trail,2046,NSW,Australia,11
1202,Rollie,,Male,1992-02-26,147,Sales Representative,Retail,Mass Customer,N,Yes,1344,31445 Morningstar Drive,3429,VIC,Australia,5
3760,Bryana,Vennart,Female,1976-06-09,197,,Financial Services,Mass Customer,N,No,1345,31446 5th Court,3064,VIC,Australia,4
3274,Tory,Dosdell,Female,1973-04-26,197,,Financial Services,Mass Customer,N,Yes,1346,31601 Birchwood Court,4105,QLD,Australia,8
516,Craggy,Loadsman,Male,1958-01-07,71,Environmental Tech,Financial Services,Mass Customer,N,No,1347,3169 Old Gate Point,2211,NSW,Australia,9
3664,Faina,Czaja,Female,1990-02-23,160,Software Test Engineer I,Manufacturing,Mass Customer,N,Yes,1348,3173 Park Meadow Park,2261,NSW,Australia,5
1822,Trudie,Capper,Female,1962-09-18,197,,Financial Services,Mass Customer,N,No,1349,318 Jenifer Alley,2119,NSW,Australia,11
1889,Dare,,Male,1973-07-07,131,Quality Control Specialist,Retail,Affluent Customer,N,No,1350,319 Michigan Way,4350,QLD,Australia,4
2274,Nada,Reinert,Female,1979-11-26,38,Budget/Accounting Analyst IV,Manufacturing,Mass Customer,N,Yes,1351,31953 Dixon Way,2580,NSW,Australia,4
2807,Lynna,Revens,Female,1957-06-18,150,Senior Editor,Manufacturing,Mass Customer,N,Yes,1352,32 Banding Center,2141,NSW,Australia,9
2887,Gardiner,Spehr,Male,1974-02-24,164,Speech Pathologist,Financial Services,High Net Worth,N,Yes,1353,32 Calypso Park,2481,NSW,Australia,11
629,Basil,Brellin,Male,1960-12-06,40,Chemical Engineer,Manufacturing,High Net Worth,N,No,1354,32 Cody Place,4035,QLD,Australia,8
935,Aldin,Cracker,Male,1994-09-12,101,Marketing Manager,n/a,Mass Customer,N,Yes,1355,32 Dennis Hill,2233,NSW,Australia,9
3120,Lauree,O'Donnell,Female,1979-02-04,43,Clinical Specialist,Health,Mass Customer,N,Yes,1356,32 Elmside Point,2560,NSW,Australia,6
392,Brandyn,Morrid,Male,1978-06-14,142,Safety Technician I,Property,Mass Customer,N,No,1357,32 Farragut Avenue,2076,NSW,Australia,11
1711,Marie-jeanne,Mattson,Female,1993-09-26,197,,Manufacturing,High Net Worth,N,Yes,1358,32 Hagan Junction,2570,NSW,Australia,9
3663,Hermy,Casement,Male,1998-02-10,95,Information Systems Manager,n/a,Affluent Customer,N,No,1359,32 Larry Way,3073,VIC,Australia,10
1262,Aindrea,MacConchie,Female,1967-12-07,182,Technical Writer,n/a,High Net Worth,N,Yes,1360,32 Meadow Ridge Alley,4610,QLD,Australia,1
2129,Barron,Waszkiewicz,Male,1980-10-07,65,Electrical Engineer,Manufacturing,High Net Worth,N,No,1361,32 Spenser Crossing,2880,NSW,Australia,1
197,Avis,,Female,1977-01-27,197,,n/a,High Net Worth,N,No,1362,32 Steensland Plaza,2233,NSW,Australia,9
2000,Kain,Rene,U,,25,Assistant Professor,IT,High Net Worth,N,Yes,1363,32 Sutteridge Trail,2470,NSW,Australia,1
1304,Emmy,Lumbly,Male,1977-11-16,18,Administrative Assistant III,n/a,High Net Worth,N,No,1364,32 Vidon Point,4118,QLD,Australia,7
3999,Patrizius,,Male,1973-10-24,197,,Manufacturing,Affluent Customer,N,Yes,1365,320 Acker Drive,2251,NSW,Australia,7
1817,Jozef,Frizzell,Male,1975-03-13,83,Graphic Designer,n/a,High Net Worth,N,No,1366,3201 Canary Center,2540,NSW,Australia,9
1812,Daffi,Sewley,Female,1959-07-11,43,Clinical Specialist,Health,Affluent Customer,N,No,1367,3202 Ridge Oak Alley,4121,QLD,Australia,9
1695,Blanch,Leyshon,Female,1991-05-18,70,Environmental Specialist,n/a,High Net Worth,N,Yes,1368,3205 Service Park,2158,NSW,Australia,10
2984,Frances,Mishaw,Female,1959-05-23,117,Payment Adjustment Coordinator,Manufacturing,Mass Customer,N,Yes,1369,3206 Debs Point,3071,VIC,Australia,10
270,Auberta,Roundtree,Female,1970-12-10,37,Budget/Accounting Analyst III,n/a,Mass Customer,N,Yes,1370,32062 Oak Terrace,3205,VIC,Australia,8
3425,Alister,De la Yglesia,Male,1986-04-05,82,GIS Technical Architect,Manufacturing,Mass Customer,N,Yes,1371,321 Glendale Center,2820,NSW,Australia,1
2945,Arlan,,Male,1972-05-26,145,Safety Technician IV,n/a,Mass Customer,N,No,1372,321 Muir Crossing,3175,VIC,Australia,5
3231,Cazzie,Gravell,Male,1976-05-29,197,,n/a,Affluent Customer,N,Yes,1373,322 Garrison Way,3169,VIC,Australia,9
3336,Konstantine,Terne,Male,1979-01-10,139,Research Assistant IV,Manufacturing,Mass Customer,N,Yes,1374,322 Namekagon Trail,2107,NSW,Australia,11
2172,Emmery,Angrock,Male,1979-01-05,95,Information Systems Manager,Health,Affluent Customer,N,Yes,1375,322 Scott Plaza,2170,NSW,Australia,5
3099,Shelli,Benitti,Female,1996-11-26,197,,Retail,Mass Customer,N,Yes,1376,32304 Larry Road,4014,QLD,Australia,7
731,Lorenza,Cawthorne,Female,1969-12-04,197,,n/a,Mass Customer,N,No,1377,324 Mifflin Road,2290,NSW,Australia,7
3717,Arlin,Woollacott,Male,1958-12-07,151,Senior Financial Analyst,Financial Services,Mass Customer,N,Yes,1378,3241 Rigney Place,3337,VIC,Australia,4
2297,Pauletta,Taffee,Female,1971-11-27,77,Geological Engineer,Manufacturing,Affluent Customer,N,Yes,1379,3242 Arizona Junction,4101,QLD,Australia,10
399,Nickie,Neissen,Male,1976-07-18,68,Engineer III,Manufacturing,Affluent Customer,N,Yes,1380,32571 Dixon Center,3337,VIC,Australia,3
3973,Carolan,Jorez,Female,1963-07-13,64,Editor,Manufacturing,High Net Worth,N,No,1381,327 Loeprich Street,3187,VIC,Australia,11
1840,Sherman,Gullen,Male,1977-11-04,169,Staff Scientist,Argiculture,High Net Worth,N,Yes,1382,327 Monument Street,3201,VIC,Australia,4
2156,Darill,Mowday,Male,1977-04-08,58,Desktop Support Technician,Retail,Mass Customer,N,Yes,1383,32705 Shelley Junction,3172,VIC,Australia,8
1925,Amaleta,Dickens,Female,1982-01-28,197,,n/a,Mass Customer,N,Yes,1384,32708 Bluestem Alley,3976,VIC,Australia,7
3147,Bonnee,Farley,Female,1976-10-02,197,,Retail,Affluent Customer,N,Yes,1385,32798 Melby Center,4055,QLD,Australia,8
3902,Angelia,McPake,Female,1961-02-11,117,Payment Adjustment Coordinator,Manufacturing,Affluent Customer,N,No,1386,32876 American Ash Avenue,2099,NSW,Australia,11
627,Shanta,Knill,Female,1970-09-24,197,,n/a,High Net Worth,N,No,1387,329 Glacier Hill Alley,3076,Victoria,Australia,8
3456,Clovis,Ortsmann,Female,1959-11-08,197,,n/a,Mass Customer,N,Yes,1388,33 Almo Terrace,3051,VIC,Australia,10
1255,Erhart,Glazebrook,Male,1982-05-20,197,,Health,Affluent Customer,N,No,1389,33 Bayside Way,4702,QLD,Australia,1
2008,Jamill,Cudd,Male,1993-07-27,22,Analyst Programmer,Financial Services,Mass Customer,N,Yes,1390,33 Del Mar Junction,2264,NSW,Australia,8
931,Katrina,Sappson,Female,1999-08-07,57,Design Engineer,Manufacturing,Affluent Customer,N,Yes,1391,33 Farwell Crossing,2575,NSW,Australia,10
908,Carry,Tomlett,Female,1980-08-28,197,,Financial Services,Affluent Customer,N,Yes,1392,33 Kropf Hill,2211,NSW,Australia,10
2830,Bjorn,Simioli,Male,1958-12-19,47,Computer Systems Analyst II,Manufacturing,High Net Worth,N,No,1393,33 Norway Maple Street,2760,NSW,Australia,7
2291,Guido,Meynell,Male,1971-04-13,10,Accountant IV,Manufacturing,Affluent Customer,N,Yes,1394,33 Novick Parkway,2156,NSW,Australia,12
2362,Herbie,Machans,Male,1972-06-05,60,Developer II,Financial Services,Affluent Customer,N,Yes,1395,33 Prentice Street,2300,NSW,Australia,9
1253,Mahalia,,Female,1996-08-19,136,Research Assistant I,Manufacturing,Mass Customer,N,No,1396,33 Rockefeller Avenue,4740,QLD,Australia,2
3745,Randy,Duligall,Female,1977-12-05,56,Dental Hygienist,Health,Mass Customer,N,Yes,1397,33 Sugar Alley,2060,NSW,Australia,12
1733,Gothart,Coomer,Male,1986-05-26,26,Associate Professor,Financial Services,High Net Worth,N,No,1398,33006 Petterle Trail,4121,QLD,Australia,8
70,Foster,Vannoort,Male,1993-02-27,116,Paralegal,Financial Services,Affluent Customer,N,No,1399,33055 Menomonie Parkway,4133,QLD,Australia,8
2850,Andie,Shorto,Female,1972-10-13,63,Director of Sales,n/a,Mass Customer,N,Yes,1400,3306 Bartelt Alley,2323,NSW,Australia,4
3847,Erinn,Ewing,Female,1961-02-12,22,Analyst Programmer,Health,Mass Customer,N,Yes,1401,33061 Fremont Lane,4720,QLD,Australia,3
1085,Lucho,Strafen,Male,1975-09-12,96,Internal Auditor,Health,Mass Customer,N,No,1402,332 Maywood Crossing,3136,VIC,Australia,9
3139,Pail,De Blasi,Male,1973-06-13,116,Paralegal,Financial Services,High Net Worth,N,Yes,1403,332 Summerview Park,3000,VIC,Australia,8
3584,Adler,Teale,Male,1962-01-14,197,,Health,Mass Customer,N,No,1404,33221 Maple Wood Place,2260,NSW,Australia,10
2740,Godiva,Bulward,Female,1963-02-02,20,Administrative Officer,Financial Services,Affluent Customer,N,Yes,1405,33297 Hoepker Way,2843,NSW,Australia,1
400,Sibeal,Fellow,Female,1962-05-19,74,Financial Analyst,Financial Services,Mass Customer,N,No,1406,333 Bunting Crossing,2536,NSW,Australia,4
3776,Kennie,Baszniak,Male,1977-05-02,133,Recruiter,Retail,Mass Customer,N,Yes,1407,33331 Corry Road,2560,NSW,Australia,8
2320,Kaylyn,Throssell,Female,1965-12-21,149,Senior Developer,Manufacturing,Affluent Customer,N,No,1408,33477 Trailsway Park,4818,QLD,Australia,5
2277,Gillie,Ruben,Female,1963-08-22,50,Cost Accountant,Financial Services,High Net Worth,N,Yes,1409,33550 Spohn Terrace,3630,VIC,Australia,1
946,Bettina,Farrer,Female,1961-07-17,140,Research Associate,Manufacturing,High Net Worth,N,No,1410,33564 Jana Court,4218,QLD,Australia,5
2673,Esma,McOwen,Female,1985-04-20,155,Software Consultant,n/a,Mass Customer,N,Yes,1411,336 Fordem Trail,2088,NSW,Australia,12
2438,Lorianne,Ethersey,Female,1983-01-29,164,Speech Pathologist,Manufacturing,Mass Customer,N,Yes,1412,336 Service Pass,2073,NSW,Australia,11
2954,Albertine,Fibbitts,Female,1974-03-24,118,Pharmacist,Health,Mass Customer,N,No,1413,337 Brentwood Pass,2529,NSW,Australia,8
2592,Archibaldo,Argrave,Male,1995-06-19,88,Help Desk Operator,Financial Services,Mass Customer,N,Yes,1414,33782 Doe Crossing Terrace,2280,NSW,Australia,7
3415,Alberik,Kelsey,Male,1963-01-17,132,Quality Engineer,Property,High Net Worth,N,Yes,1415,33792 Burrows Plaza,4125,QLD,Australia,7
3128,Betteanne,Alldread,Female,1965-06-26,77,Geological Engineer,Manufacturing,High Net Worth,N,Yes,1416,33794 Sommers Crossing,2502,NSW,Australia,6
1119,Lemmy,Bennit,Male,1976-10-09,197,,Entertainment,Mass Customer,N,Yes,1417,338 Grasskamp Lane,2573,NSW,Australia,7
2425,Barn,Sainsberry,Male,1976-03-19,89,Help Desk Technician,n/a,Mass Customer,N,Yes,1418,338 Little Fleur Avenue,2170,NSW,Australia,9
1002,Pacorro,De Clairmont,Male,1978-08-30,39,Business Systems Development Analyst,n/a,Mass Customer,N,Yes,1419,3383 Fair Oaks Circle,3046,VIC,Australia,8
1576,Reube,Roscrigg,Male,1985-11-10,184,VP Marketing,Financial Services,Mass Customer,N,No,1420,3384 Nelson Circle,4227,QLD,Australia,3
841,Hanan,McGreay,Male,1966-09-22,101,Marketing Manager,Manufacturing,Affluent Customer,N,Yes,1421,3387 Warrior Court,2527,NSW,Australia,7
3671,Crystie,Deshorts,Female,1992-01-05,124,Programmer Analyst III,n/a,Affluent Customer,N,No,1422,3397 Ronald Regan Plaza,4511,QLD,Australia,5
2027,Whitney,Dahle,Male,1964-09-02,185,VP Product Management,n/a,High Net Worth,N,No,1423,34 3rd Place,3030,VIC,Australia,8
1882,Justin,Ragless,Male,1964-05-05,2,Account Executive,Manufacturing,Affluent Customer,N,No,1424,34 Arrowood Pass,2567,NSW,Australia,9
3432,Max,Cloney,Female,1988-11-27,97,Junior Executive,Argiculture,Mass Customer,N,Yes,1425,34 Calypso Court,2153,NSW,Australia,10
2605,Had,Gilling,Male,1965-02-03,101,Marketing Manager,Health,High Net Worth,N,Yes,1426,34 Colorado Pass,2287,NSW,Australia,6
275,Dud,,Male,1955-07-27,187,VP Sales,Health,High Net Worth,N,No,1427,34 Kim Center,2036,NSW,Australia,11
3833,Jamie,Staziker,Female,1985-12-10,1,Account Coordinator,Manufacturing,Mass Customer,N,No,1428,34 Packers Trail,3168,VIC,Australia,10
31,Star,Praton,Female,1962-11-24,167,Staff Accountant III,Telecommunications,High Net Worth,N,Yes,1429,34 Russell Plaza,4127,QLD,Australia,6
2120,Clare,Attoe,Male,1997-01-03,190,Web Designer III,Manufacturing,Mass Customer,N,No,1430,34 Vidon Way,3037,VIC,Australia,8
2627,Hildegaard,Gennrich,Female,1971-10-29,36,Budget/Accounting Analyst II,Retail,Mass Customer,N,Yes,1431,34 Warrior Trail,2759,NSW,Australia,8
475,Vernor,,Male,1996-11-14,107,Nuclear Power Engineer,Manufacturing,Affluent Customer,N,No,1432,340 Northview Circle,2340,NSW,Australia,4
927,Jarret,,Male,1966-02-19,50,Cost Accountant,Financial Services,Mass Customer,N,Yes,1433,3403 Spenser Terrace,3143,VIC,Australia,8
3850,Alexandro,McCullock,Male,2000-01-07,9,Accountant III,n/a,Mass Customer,N,Yes,1434,341 Katie Junction,4817,QLD,Australia,4
844,Tome,Tyt,Male,1978-01-13,109,Nurse Practicioner,Financial Services,High Net Worth,N,No,1435,341 Londonderry Point,4215,QLD,Australia,7
955,Teresina,Gibbie,Female,1989-10-01,141,Research Nurse,Health,Mass Customer,N,Yes,1436,341 Saint Paul Lane,2033,NSW,Australia,9
1439,Leupold,Detoc,Male,1965-07-28,82,GIS Technical Architect,Retail,Mass Customer,N,No,1437,3416 Texas Pass,2747,NSW,Australia,7
2271,King,Hoston,Male,1974-03-26,197,,Telecommunications,Mass Customer,N,Yes,1438,3417 Huxley Pass,3355,VIC,Australia,2
2424,Loren,Batkin,Male,1982-01-06,197,,n/a,Affluent Customer,N,Yes,1439,34222 Vera Circle,3240,VIC,Australia,7
3889,Dunn,Ziem,Male,1975-08-09,76,General Manager,Retail,Affluent Customer,N,No,1440,34329 Heffernan Plaza,3178,VIC,Australia,7
3879,Vin,Attack,Male,1979-08-28,117,Payment Adjustment Coordinator,n/a,High Net Worth,N,No,1441,344 Dayton Drive,2148,NSW,Australia,9
3582,Beryle,Qusklay,Female,1961-12-11,104,Media Manager II,Property,Mass Customer,N,No,1442,344 Delladonna Place,2196,NSW,Australia,10
2097,Web,Decaze,Male,1988-04-08,133,Recruiter,Telecommunications,Mass Customer,N,No,1443,344 Rockefeller Way,3966,VIC,Australia,2
147,Rea,Pattrick,Female,1973-12-06,21,Analog Circuit Design manager,Health,Mass Customer,N,Yes,1444,34457 Springview Street,2759,NSW,Australia,9
741,Cristionna,Mapes,Female,1979-02-15,197,,n/a,Mass Customer,N,No,1445,345 Dovetail Avenue,4305,QLD,Australia,5
3790,Kurtis,Morson,Male,1959-05-31,150,Senior Editor,Retail,Mass Customer,Y,Yes,1446,3463 Merchant Trail,3152,VIC,Australia,10
1240,Pen,Earey,Female,1965-05-13,146,Sales Associate,Manufacturing,Mass Customer,N,Yes,1447,3466 Truax Terrace,2127,NSW,Australia,8
375,Salvidor,Renzo,Male,1976-08-23,28,Automation Specialist II,Manufacturing,Mass Customer,N,Yes,1448,3467 Prairie Rose Lane,3034,VIC,Australia,7
2214,Farlay,Plevey,Male,1957-03-26,197,,Manufacturing,High Net Worth,N,Yes,1449,3468 Rigney Place,3505,VIC,Australia,1
461,Jsandye,Melendez,Female,1979-10-09,154,Social Worker,Health,Mass Customer,N,Yes,1450,3469 Service Road,2770,NSW,Australia,5
1922,Ailene,Tomkies,Female,1969-11-11,164,Speech Pathologist,n/a,High Net Worth,N,Yes,1451,34694 Sugar Place,4740,QLD,Australia,5
3280,Micki,McNamara,Female,1987-05-02,76,General Manager,Financial Services,Mass Customer,N,Yes,1452,34748 Charing Cross Point,3057,VIC,Australia,10
3667,Nettie,Goghin,Female,1983-02-06,83,Graphic Designer,Retail,Mass Customer,N,Yes,1453,34775 Melrose Road,2152,NSW,Australia,10
2483,Greta,Cotterrill,Female,1987-06-06,197,,Manufacturing,Mass Customer,N,No,1454,34797 Londonderry Trail,3806,VIC,Australia,7
1749,Debbi,Petschelt,Female,1980-10-22,197,,Telecommunications,High Net Worth,N,No,1455,3483 Burrows Hill,2137,NSW,Australia,11
1969,Dimitry,Kunkler,Male,1961-07-06,181,Teacher,IT,Mass Customer,N,Yes,1456,34953 Oak Circle,2153,NSW,Australia,10
36,Lurette,Stonnell,Female,1977-11-09,186,VP Quality Control,n/a,Affluent Customer,N,No,1457,3496 Brown Drive,2207,New South Wales,Australia,8
3539,Sheelah,Caine,Female,1985-03-21,197,,IT,Mass Customer,N,Yes,1458,34976 Lindbergh Hill,4304,QLD,Australia,4
3490,Taylor,Dutchburn,Male,1980-06-21,185,VP Product Management,Financial Services,High Net Worth,N,No,1459,35 Chive Alley,2033,NSW,Australia,10
1990,Mira,Askham,U,,151,Senior Financial Analyst,Financial Services,High Net Worth,N,No,1460,35 Debra Way,3201,VIC,Australia,6
2848,Callie,Garthshore,Female,1967-01-17,22,Analyst Programmer,Property,Mass Customer,N,Yes,1461,35 Eastwood Plaza,3163,VIC,Australia,9
2116,Wyndham,Ecob,Male,1979-01-20,140,Research Associate,Financial Services,Affluent Customer,N,Yes,1462,35 Harbort Way,2446,NSW,Australia,8
2337,Odilia,Bick,Female,2000-01-11,123,Programmer Analyst II,Health,Mass Customer,N,No,1463,35 Lakewood Gardens Junction,3806,VIC,Australia,9
3960,Hobart,Burgan,Male,2000-03-16,197,,Property,Mass Customer,N,No,1464,35 Larry Plaza,2093,NSW,Australia,9
2547,Aili,Scruby,Female,1985-07-08,154,Social Worker,Health,Mass Customer,N,Yes,1465,35 Shelley Court,3156,VIC,Australia,8
2125,Laurene,Linstead,Female,1975-01-27,186,VP Quality Control,Financial Services,High Net Worth,N,No,1466,3516 Kensington Lane,2164,NSW,Australia,9
2855,Kim,Tineman,Female,1975-09-13,109,Nurse Practicioner,Manufacturing,Mass Customer,N,Yes,1467,3519 Schurz Alley,4034,QLD,Australia,7
904,Kariotta,Ludman,Female,1974-05-06,53,Database Administrator II,n/a,High Net Worth,N,Yes,1468,352 Bonner Crossing,3084,VIC,Australia,8
127,Merrili,Whitear,Female,1974-12-03,45,Compensation Analyst,Financial Services,Mass Customer,N,No,1469,352 Forster Place,4132,QLD,Australia,3
2853,Clarence,Flook,Male,1985-10-21,72,Executive Secretary,Retail,High Net Worth,N,Yes,1470,352 Roth Street,4300,QLD,Australia,6
1572,Tam,Jahner,Male,1957-07-26,134,Recruiting Manager,Financial Services,High Net Worth,N,Yes,1471,3525 Buena Vista Plaza,2120,NSW,Australia,9
3511,Willem,Spraging,Male,1966-12-31,75,Food Chemist,Health,Affluent Customer,N,No,1472,3528 Granby Circle,4825,QLD,Australia,5
3506,Mercy,Donisi,Female,1975-06-18,188,Web Designer I,Financial Services,Mass Customer,N,No,1473,35280 Harper Junction,2700,NSW,Australia,2
3743,Riki,Aimable,Female,1986-08-02,180,Tax Accountant,Property,Mass Customer,N,No,1474,353 Donald Street,3199,VIC,Australia,7
1159,Elbert,Bridgement,Male,1993-01-28,99,Librarian,Entertainment,Mass Customer,N,No,1475,353 Oneill Park,3145,VIC,Australia,9
2242,Elsy,Springell,Female,1977-09-24,187,VP Sales,n/a,Mass Customer,N,Yes,1476,353 Scott Road,2770,NSW,Australia,7
498,Emmalee,Sketcher,Female,1978-04-30,187,VP Sales,Manufacturing,High Net Worth,N,Yes,1477,353 Stuart Trail,4702,QLD,Australia,3
3111,Maxwell,Blabber,Male,1997-03-11,26,Associate Professor,Financial Services,Mass Customer,N,Yes,1478,3538 Bunting Hill,3805,VIC,Australia,7
168,Reggie,Broggetti,U,,76,General Manager,IT,Affluent Customer,N,Yes,1479,35386 Mockingbird Road,3749,VIC,Australia,4
1926,Stefano,Menhenitt,Male,1957-11-15,148,Senior Cost Accountant,Financial Services,High Net Worth,N,Yes,1480,3542 Arkansas Place,3380,VIC,Australia,1
926,Terrel,Matthisson,Male,1965-10-14,121,Professor,Telecommunications,Affluent Customer,N,No,1481,35454 Welch Hill,2477,NSW,Australia,6
654,Noelani,Andreuzzi,Female,1993-05-19,20,Administrative Officer,Manufacturing,Affluent Customer,N,No,1482,355 Thackeray Circle,3025,Victoria,Australia,9
1074,Griswold,Juett,Male,1974-07-14,14,Accounting Assistant IV,n/a,High Net Worth,N,Yes,1483,356 Petterle Way,2193,NSW,Australia,9
1974,Aharon,Moller,Male,1958-06-15,20,Administrative Officer,n/a,Mass Customer,N,Yes,1484,3563 Darwin Avenue,3095,VIC,Australia,9
565,Saleem,Meller,Male,1959-10-02,42,Civil Engineer,Manufacturing,Mass Customer,N,Yes,1485,35631 Colorado Crossing,2630,NSW,Australia,2
181,Pavla,Braunle,Female,1982-11-21,150,Senior Editor,Manufacturing,Mass Customer,N,No,1486,3567 Northfield Lane,2430,NSW,Australia,5
2595,Land,Bangley,Male,1977-08-17,109,Nurse Practicioner,n/a,Affluent Customer,N,Yes,1487,357 Elgar Alley,3910,VIC,Australia,9
526,Ardelle,,U,,154,Social Worker,Health,Mass Customer,N,Yes,1488,35796 Buhler Plaza,3108,Victoria,Australia,10
3595,Timi,Huson,Female,1975-12-06,155,Software Consultant,Retail,Mass Customer,N,No,1489,358 Ronald Regan Point,2065,NSW,Australia,12
162,Port,Acuna,Male,1979-08-12,109,Nurse Practicioner,IT,Mass Customer,N,No,1490,35807 Oneill Way,4300,QLD,Australia,4
2660,Hunt,Scollard,Male,1963-11-15,197,,Retail,High Net Worth,N,Yes,1491,359 Briar Crest Road,2155,NSW,Australia,10
1237,Junia,Humerstone,Female,1969-12-31,141,Research Nurse,Health,High Net Worth,N,No,1492,359 Kropf Point,2750,NSW,Australia,9
977,Olga,Dyke,Female,1959-11-30,167,Staff Accountant III,n/a,High Net Worth,N,Yes,1493,36 Grayhawk Plaza,2031,NSW,Australia,9
760,Shamus,Fyndon,Male,1978-03-02,25,Assistant Professor,n/a,Mass Customer,N,Yes,1494,36 Helena Drive,4305,QLD,Australia,1
1496,Cordie,Disbrow,Female,1998-05-02,94,Human Resources Manager,IT,Affluent Customer,N,No,1495,36 Marquette Center,2250,NSW,Australia,7
3699,Lillian,Somerfield,Female,1990-10-08,134,Recruiting Manager,Manufacturing,Mass Customer,N,No,1496,36 Service Lane,2750,NSW,Australia,7
1880,Garrett,Dommett,Male,1972-08-11,197,,n/a,High Net Worth,N,No,1497,36 Sommers Place,2096,NSW,Australia,12
277,Jehanna,Alvarado,Female,1956-02-19,185,VP Product Management,n/a,High Net Worth,N,No,1498,36 Vidon Parkway,2798,NSW,Australia,6
3545,Wenonah,Filgate,Female,1974-07-19,60,Developer II,n/a,High Net Worth,N,No,1499,360 Green Ridge Junction,2508,NSW,Australia,9
2312,Ronnica,Grebner,Female,1979-08-10,23,Assistant Manager,Manufacturing,Mass Customer,N,No,1500,360 Troy Parkway,3223,VIC,Australia,6
3530,Erik,Kenneford,Male,1973-10-23,169,Staff Scientist,n/a,High Net Worth,N,Yes,1501,3605 Vidon Hill,3305,VIC,Australia,1
1295,Irving,Murton,Male,1997-01-25,108,Nurse,Argiculture,Mass Customer,N,Yes,1502,36072 Lakewood Gardens Court,4051,QLD,Australia,8
3486,Reece,Crewther,Male,1956-07-25,39,Business Systems Development Analyst,Manufacturing,Mass Customer,N,No,1503,3609 Shelley Road,2126,NSW,Australia,10
2836,Matilda,Yellowley,Female,1963-11-14,43,Clinical Specialist,Health,Mass Customer,N,No,1504,3619 Elgar Terrace,3337,VIC,Australia,3
190,Hayley,Girardengo,Female,1979-02-04,135,Registered Nurse,Health,Affluent Customer,N,No,1505,362 Mayer Terrace,4680,QLD,Australia,5
617,Idell,Cole,Female,1960-08-01,63,Director of Sales,Property,Mass Customer,N,No,1506,363 Schiller Court,2763,NSW,Australia,7
648,Gardiner,Nutley,Male,1978-06-04,8,Accountant II,Financial Services,Mass Customer,N,Yes,1507,36360 Coleman Trail,3850,Victoria,Australia,3
979,Kayla,Falkingham,Female,1959-12-25,35,Budget/Accounting Analyst I,Manufacturing,High Net Worth,N,No,1508,3638 Starling Alley,2027,NSW,Australia,11
1688,Charmaine,Suller,Female,1978-12-05,177,Systems Administrator II,n/a,Mass Customer,N,No,1509,36445 Meadow Valley Road,3087,VIC,Australia,9
3796,Morgen,Sieghart,Male,1965-07-27,116,Paralegal,Financial Services,Mass Customer,N,Yes,1510,365 Jenifer Point,4116,QLD,Australia,7
1824,Robbie,Yakubovics,Female,1959-10-12,144,Safety Technician III,Manufacturing,Affluent Customer,N,Yes,1511,36516 Forster Lane,4034,QLD,Australia,7
2332,Jeff,Goodere,Male,1977-04-20,61,Developer III,Property,High Net Worth,N,Yes,1512,366 Hovde Park,2566,NSW,Australia,8
1982,Julee,Hallewell,Female,1968-03-30,148,Senior Cost Accountant,Financial Services,High Net Worth,N,Yes,1513,366 International Way,2170,NSW,Australia,8
1692,Harriette,De Matteis,Female,1967-04-07,152,Senior Quality Engineer,Health,Mass Customer,N,Yes,1514,367 Algoma Lane,2153,NSW,Australia,10
3382,Burk,Walczak,Male,1977-12-17,39,Business Systems Development Analyst,n/a,High Net Worth,N,No,1515,367 Talmadge Way,2705,NSW,Australia,1
3827,Cherida,Whyffen,Female,1976-09-05,197,,Retail,Affluent Customer,N,No,1516,36708 Algoma Junction,2170,NSW,Australia,6
2963,Christin,Fricke,U,,143,Safety Technician II,IT,Affluent Customer,N,Yes,1517,3673 Jenna Center,4301,QLD,Australia,3
778,Stacy,Pozzi,Male,1976-11-17,25,Assistant Professor,Manufacturing,High Net Worth,N,No,1518,36744 Birchwood Center,4019,QLD,Australia,3
1898,Katalin,Mantz,Female,1979-11-24,61,Developer III,Manufacturing,Affluent Customer,N,Yes,1519,36866 Summit Point,3750,VIC,Australia,9
2279,Garrett,Szymon,Male,1979-03-19,91,Human Resources Assistant II,Health,Mass Customer,N,No,1520,369 Milwaukee Court,3630,VIC,Australia,2
858,Barby,Charlwood,Female,1980-06-02,96,Internal Auditor,Financial Services,High Net Worth,N,Yes,1521,36903 Reinke Trail,3147,VIC,Australia,10
587,Adolphus,Seers,Male,1966-05-27,135,Registered Nurse,Health,Mass Customer,N,Yes,1522,36912 Gina Pass,2133,NSW,Australia,11
713,Adena,Northedge,Female,1994-09-26,89,Help Desk Technician,n/a,Mass Customer,N,Yes,1523,37 Banding Avenue,2567,NSW,Australia,9
1263,Elliot,Posselow,Male,1973-06-16,108,Nurse,Manufacturing,Affluent Customer,N,No,1524,37 Clarendon Lane,4655,QLD,Australia,3
2839,Jaime,Dikelin,Female,1977-06-07,24,Assistant Media Planner,Entertainment,Mass Customer,N,No,1525,37 Darwin Circle,2282,NSW,Australia,8
1092,Katlin,Creddon,Female,1935-08-22,186,VP Quality Control,Retail,Mass Customer,N,No,1526,37 Division Way,2153,NSW,Australia,9
749,Andreas,Cosin,Male,1972-08-01,70,Environmental Specialist,Argiculture,Mass Customer,N,No,1527,37 Dorton Street,2594,NSW,Australia,3
3846,Nariko,McClymont,Female,1956-03-12,80,Geologist III,Manufacturing,Mass Customer,N,No,1528,37 Hintze Center,4011,QLD,Australia,11
3971,Analise,Asbrey,Female,1979-01-14,58,Desktop Support Technician,Financial Services,High Net Worth,N,No,1529,37 Hintze Court,2168,NSW,Australia,9
567,Hashim,O'Leahy,Male,1965-07-08,197,,Financial Services,Affluent Customer,N,No,1530,37 Ilene Hill,3121,Victoria,Australia,10
1952,Patrica,Donativo,Female,1974-01-29,117,Payment Adjustment Coordinator,Health,Mass Customer,N,Yes,1531,37 Mockingbird Street,4017,QLD,Australia,3
2428,Pauly,Keightley,Male,1968-07-26,88,Help Desk Operator,n/a,Mass Customer,N,Yes,1532,37 Roth Place,2144,NSW,Australia,10
3550,Daisey,Britto,Female,1988-11-27,71,Environmental Tech,Retail,Mass Customer,N,Yes,1533,37 Summerview Park,2101,NSW,Australia,11
1224,Aundrea,Reisenberg,Female,1977-04-04,97,Junior Executive,Manufacturing,Mass Customer,N,No,1534,37 Sutherland Terrace,2830,NSW,Australia,4
3709,Lilly,Roubay,Female,1955-03-31,82,GIS Technical Architect,Health,Mass Customer,N,No,1535,37 Tennessee Way,4078,QLD,Australia,5
272,Arlie,Crean,Female,1987-06-06,120,Product Engineer,Retail,Mass Customer,N,Yes,1536,370 Portage Parkway,3125,VIC,Australia,8
305,Cris,Chellam,Female,1974-03-17,74,Financial Analyst,Financial Services,Mass Customer,N,No,1537,37006 Hoard Circle,3182,VIC,Australia,7
245,Noell,Grahlmans,Female,2001-09-26,26,Associate Professor,Financial Services,Affluent Customer,N,No,1538,37024 Anniversary Place,2204,NSW,Australia,11
449,Shana,Fortesquieu,Female,1974-09-24,185,VP Product Management,Manufacturing,High Net Worth,N,Yes,1539,37093 Manitowish Center,2170,NSW,Australia,10
3862,Casey,Kett,Female,1996-09-22,175,Structural Engineer,Health,Mass Customer,N,No,1540,3720 Anniversary Court,4812,QLD,Australia,2
1019,Ignazio,Milby,Male,1973-11-19,91,Human Resources Assistant II,Manufacturing,Mass Customer,N,Yes,1541,37208 Golf View Terrace,2145,NSW,Australia,8
157,Chad,Houtby,Male,1974-11-23,73,Financial Advisor,Financial Services,Affluent Customer,N,No,1542,3723 Bunker Hill Circle,2065,NSW,Australia,10
2596,Lexis,Deason,Female,1976-08-20,25,Assistant Professor,n/a,Affluent Customer,N,Yes,1543,37258 Stephen Place,4116,QLD,Australia,9
3427,Mace,Edington,Male,1981-05-19,88,Help Desk Operator,Financial Services,Mass Customer,N,Yes,1544,373 Cordelia Trail,3500,VIC,Australia,1
2962,Shari,MacCallester,Female,1971-07-12,95,Information Systems Manager,Property,Mass Customer,N,No,1545,373 Hayes Terrace,2010,NSW,Australia,9
1605,Latrena,Ker,Female,1988-03-01,197,,n/a,Affluent Customer,N,No,1546,373 Oak Valley Avenue,2048,NSW,Australia,11
3331,Claire,Trahar,Female,1971-09-20,182,Technical Writer,Financial Services,Mass Customer,N,No,1547,3732 Linden Avenue,4820,QLD,Australia,1
2225,Christina,Easum,Female,1988-04-02,110,Occupational Therapist,Health,Affluent Customer,N,No,1548,37353 Alpine Circle,2214,NSW,Australia,8
3223,Tiffi,Wortt,U,,54,Database Administrator III,IT,Mass Customer,N,Yes,1549,37363 Morning Park,3108,VIC,Australia,7
485,Ulrika,Steagall,Female,1974-11-08,172,Statistician III,Manufacturing,High Net Worth,N,No,1550,3743 Melody Avenue,3550,Victoria,Australia,4
695,Kevan,Kubal,Male,1977-11-30,67,Engineer II,Health,High Net Worth,N,No,1551,37430 Merrick Center,2770,NSW,Australia,6
3861,Thayne,Canepe,Male,1968-12-16,97,Junior Executive,Retail,Affluent Customer,N,No,1552,3748 Lake View Lane,2590,NSW,Australia,1
1067,Berri,Cotillard,Female,1965-05-17,69,Engineer IV,Financial Services,Mass Customer,N,Yes,1553,37495 Summerview Park,2619,NSW,Australia,7
611,Otto,Huriche,Male,1986-12-20,89,Help Desk Technician,Manufacturing,Mass Customer,N,Yes,1554,375 Drewry Alley,4120,QLD,Australia,9
3394,Barde,Spoward,Male,1974-06-26,70,Environmental Specialist,Health,Mass Customer,N,No,1555,375 Luster Parkway,2147,NSW,Australia,9
2885,Minnie,Rolley,Female,1969-07-03,45,Compensation Analyst,Financial Services,Mass Customer,N,Yes,1556,37595 Packers Terrace,3064,VIC,Australia,5
886,Dawna,McCullen,Female,1974-11-15,13,Accounting Assistant III,Health,Mass Customer,N,No,1557,376 Buena Vista Street,2026,NSW,Australia,11
1896,Garald,Brasner,Male,1995-04-30,130,Project Manager,n/a,High Net Worth,N,No,1558,3762 Victoria Alley,4078,QLD,Australia,6
1230,Eben,Powley,Male,1985-07-24,197,,Financial Services,Mass Customer,N,Yes,1559,3765 Mandrake Alley,2763,NSW,Australia,9
1289,Shelley,Stroyan,Male,1973-07-16,197,,n/a,Mass Customer,N,Yes,1560,378 Butterfield Pass,4300,QLD,Australia,6
3201,Zed,Blanckley,Male,2000-03-31,25,Assistant Professor,Financial Services,Mass Customer,N,Yes,1561,378 Maple Pass,2153,NSW,Australia,10
1166,Fannie,Devil,Female,1972-12-05,131,Quality Control Specialist,Health,Affluent Customer,N,No,1562,378 Prentice Point,4064,QLD,Australia,9
785,Anthea,Guesford,Female,1979-08-26,25,Assistant Professor,Manufacturing,Mass Customer,N,Yes,1563,37817 Burning Wood Circle,2126,NSW,Australia,11
606,Filia,Rosson,Female,1989-07-16,40,Chemical Engineer,Manufacturing,Mass Customer,N,Yes,1564,3785 Dapin Drive,2036,NSW,Australia,6
384,Friederike,Bestar,Female,1976-08-06,197,,Financial Services,Affluent Customer,N,No,1565,3788 Service Trail,3805,VIC,Australia,8
3654,Kenyon,Paddefield,U,,65,Electrical Engineer,Manufacturing,Mass Customer,N,No,1566,379 Scofield Pass,3101,VIC,Australia,8
2413,Abbey,Murrow,Male,1943-08-11,70,Environmental Specialist,Manufacturing,High Net Worth,N,Yes,1567,37983 Logan Street,2154,NSW,Australia,11
1968,Frederica,Hughman,Female,1994-06-12,99,Librarian,Entertainment,Mass Customer,N,No,1568,38 Armistice Alley,2018,NSW,Australia,8
2665,Seth,Murdie,Male,1965-03-28,130,Project Manager,Telecommunications,Mass Customer,N,Yes,1569,38 Armistice Lane,3250,VIC,Australia,2
1346,Woody,Dowthwaite,Male,1970-06-19,19,Administrative Assistant IV,Telecommunications,Mass Customer,N,No,1570,38 Hansons Place,3023,VIC,Australia,7
1967,Nomi,,Female,1985-11-19,40,Chemical Engineer,Manufacturing,Affluent Customer,N,Yes,1571,38 Havey Place,3049,VIC,Australia,5
3335,Damian,Dutt,Male,1979-12-15,64,Editor,Health,Mass Customer,N,No,1572,38 Jackson Lane,3610,VIC,Australia,3
1322,Kathye,Christie,Female,2001-10-16,51,Data Coordiator,Financial Services,Mass Customer,N,Yes,1573,38 Main Park,3188,VIC,Australia,8
3924,Perry,Lampert,Male,1976-07-03,64,Editor,Property,High Net Worth,N,Yes,1574,38 Steensland Circle,2234,NSW,Australia,10
2901,Banky,Baudichon,Male,1995-06-11,197,,Manufacturing,Mass Customer,N,Yes,1575,38 Thompson Plaza,2452,NSW,Australia,5
3808,Cal,Wilber,Male,1969-10-11,134,Recruiting Manager,Manufacturing,Mass Customer,N,Yes,1576,38 Trailsway Parkway,2118,NSW,Australia,11
2266,Jeth,Tomes,Male,1998-10-11,197,,Retail,High Net Worth,N,No,1577,38 Valley Edge Plaza,3095,VIC,Australia,10
3978,Kathlin,Robker,Female,1972-03-02,60,Developer II,Financial Services,Mass Customer,N,No,1578,38017 Briar Crest Drive,2165,NSW,Australia,9
957,Jamima,Gannan,Female,1994-08-20,27,Automation Specialist I,Manufacturing,Affluent Customer,N,Yes,1579,382 Dayton Lane,2148,NSW,Australia,8
364,Leontyne,Simpkiss,Female,1976-09-30,54,Database Administrator III,Financial Services,Affluent Customer,N,No,1580,382 Maywood Parkway,4127,QLD,Australia,6
1699,Poul,Dumphy,Male,1958-05-08,107,Nuclear Power Engineer,Manufacturing,Mass Customer,N,Yes,1581,38233 Boyd Alley,3976,VIC,Australia,6
917,Odo,MacKaig,Male,1964-05-06,185,VP Product Management,Financial Services,Mass Customer,N,No,1582,3828 Norway Maple Avenue,2027,NSW,Australia,11
2623,Zackariah,Catteroll,Male,1982-07-28,105,Media Manager III,Property,Mass Customer,N,Yes,1583,383 Little Fleur Circle,2753,NSW,Australia,7
866,Stanislaus,Gottelier,Male,1973-01-05,26,Associate Professor,n/a,Affluent Customer,N,Yes,1584,383 Rockefeller Junction,2753,NSW,Australia,9
1374,Cleveland,Spilling,Male,1976-01-13,197,,Manufacturing,Mass Customer,N,No,1585,3831 Paget Road,3163,VIC,Australia,6
1641,Vasily,Sturgeon,Male,1972-09-01,44,Community Outreach Specialist,Financial Services,Mass Customer,N,No,1586,38330 Badeau Place,2154,NSW,Australia,11
3843,Mahmoud,Ligerton,Male,1989-06-06,151,Senior Financial Analyst,Financial Services,Mass Customer,N,Yes,1587,38473 Waubesa Alley,2759,NSW,Australia,8
2317,Alwin,Cuberley,Male,1976-12-07,180,Tax Accountant,Health,Mass Customer,N,Yes,1588,386 Jay Junction,4218,QLD,Australia,3
1213,Matthieu,Schruur,Male,1973-10-21,12,Accounting Assistant II,n/a,High Net Worth,N,No,1589,387 Pawling Drive,2580,NSW,Australia,4
35,Margaretha,Strettle,Female,1963-09-28,95,Information Systems Manager,Health,High Net Worth,N,Yes,1590,38726 Ilene Crossing,2212,New South Wales,Australia,10
1975,Tommie,Midden,Female,1965-10-19,120,Product Engineer,Health,Affluent Customer,N,No,1591,38759 Butterfield Avenue,4305,QLD,Australia,2
3548,Dalli,Seden,Male,1958-08-02,197,,n/a,Affluent Customer,N,No,1592,38792 Calypso Crossing,2778,NSW,Australia,7
3864,Ilyssa,Piaggia,Female,1963-08-27,89,Help Desk Technician,n/a,Mass Customer,N,Yes,1593,388 Karstens Drive,2428,NSW,Australia,5
3957,Bernice,Scotchforth,Female,1978-07-20,39,Business Systems Development Analyst,n/a,High Net Worth,N,Yes,1594,388 Shoshone Trail,2234,NSW,Australia,10
819,Temp,Thebeau,Male,1975-07-17,26,Associate Professor,Manufacturing,Affluent Customer,N,Yes,1595,388 Weeping Birch Plaza,2156,NSW,Australia,11
3629,Vale,Starcks,Female,1976-10-29,64,Editor,Health,High Net Worth,N,No,1596,38834 Green Center,2132,NSW,Australia,11
3591,Dwight,Kinsey,Male,1978-10-28,9,Accountant III,Financial Services,Mass Customer,N,No,1597,38834 Manufacturers Hill,2768,NSW,Australia,10
3243,Tim,Besset,Male,1973-05-19,103,Media Manager I,Health,Mass Customer,N,No,1598,3897 Oxford Pass,3350,VIC,Australia,5
56,Reese,Ensor,Male,1996-07-04,187,VP Sales,Property,Mass Customer,N,Yes,1599,39 3rd Drive,2026,New South Wales,Australia,10
2773,Page,Farthin,Male,1976-03-21,175,Structural Engineer,Manufacturing,Mass Customer,N,Yes,1600,39 Badeau Court,2572,NSW,Australia,8
2778,Micheil,Pockey,Male,1978-08-13,116,Paralegal,Financial Services,Mass Customer,N,No,1601,39 Lindbergh Drive,2170,NSW,Australia,8
888,Chickie,Gulleford,Female,1963-11-10,10,Accountant IV,Manufacturing,Mass Customer,N,No,1602,39 Ronald Regan Alley,3765,VIC,Australia,8
2229,Linette,Gotmann,Female,1959-04-10,50,Cost Accountant,Financial Services,Affluent Customer,N,Yes,1603,390 Meadow Vale Circle,2560,NSW,Australia,9
3175,Alphard,Cradduck,Male,1984-12-30,115,Operator,Health,Mass Customer,N,No,1604,390 Wayridge Plaza,2756,NSW,Australia,9
762,Kerwin,Jossel,Male,1980-03-06,70,Environmental Specialist,n/a,Mass Customer,N,Yes,1605,3903 Messerschmidt Park,2164,NSW,Australia,8
681,Jobyna,Elgey,Female,1978-09-18,185,VP Product Management,Manufacturing,Mass Customer,N,Yes,1606,39035 Westerfield Plaza,2463,NSW,Australia,4
2238,Nata,Plinck,Female,1978-09-14,63,Director of Sales,Retail,Mass Customer,N,Yes,1607,39179 Bayside Terrace,3148,VIC,Australia,9
3547,Ganny,Dwerryhouse,Male,1975-05-06,151,Senior Financial Analyst,Financial Services,Affluent Customer,N,No,1608,392 Grim Pass,4680,QLD,Australia,6
1297,Shay,Gimbart,Male,1981-02-12,154,Social Worker,Health,Mass Customer,N,No,1609,392 Ridge Oak Road,4165,QLD,Australia,7
3450,Brooke,Durman,Female,1993-09-16,144,Safety Technician III,Retail,Mass Customer,N,No,1610,393 Dexter Junction,4151,QLD,Australia,9
1370,Chastity,Martinat,Female,1986-10-23,49,Computer Systems Analyst IV,Property,Mass Customer,N,No,1611,393 Warrior Crossing,3190,VIC,Australia,10
2555,Brad,Tenman,Male,1976-09-19,87,Health Coach IV,Health,Affluent Customer,N,No,1612,3934 Karstens Circle,2650,NSW,Australia,2
3816,Farra,Klimkiewich,Female,1969-10-26,142,Safety Technician I,Property,Mass Customer,N,Yes,1613,394 Russell Avenue,2209,NSW,Australia,10
2919,Rustin,,Male,1964-10-31,142,Safety Technician I,Financial Services,High Net Worth,N,Yes,1614,3957 American Ash Plaza,2440,NSW,Australia,2
562,Lindy,Fitzpayn,Female,1970-06-06,100,Marketing Assistant,n/a,Mass Customer,N,No,1615,396 Butternut Point,2230,NSW,Australia,12
2180,Urbanus,Trevaskus,Male,1960-01-11,41,Chief Design Engineer,n/a,High Net Worth,N,Yes,1616,396 Sachs Road,2147,NSW,Australia,8
1371,Aretha,Joscelyn,Female,1959-08-02,57,Design Engineer,Retail,Mass Customer,N,Yes,1617,3962 Rigney Center,3156,VIC,Australia,8
528,Gayel,Downs,Female,1979-06-06,135,Registered Nurse,Health,Mass Customer,N,No,1618,39632 Michigan Park,4165,QLD,Australia,5
1500,Bellina,Bradberry,Female,1960-01-24,197,,n/a,Mass Customer,N,No,1619,39677 Emmet Terrace,2211,NSW,Australia,10
201,Salem,Huie,Male,1966-04-20,57,Design Engineer,Manufacturing,Mass Customer,N,Yes,1620,39716 Vera Junction,3170,VIC,Australia,9
2686,Cully,Takos,Male,1996-05-21,28,Automation Specialist II,Financial Services,Affluent Customer,N,No,1621,39746 Eliot Center,2177,NSW,Australia,9
3165,Vyky,Coppen,Female,1975-05-18,39,Business Systems Development Analyst,Manufacturing,Affluent Customer,N,Yes,1622,398 Butternut Place,3027,VIC,Australia,7
2095,Anette,Guerreiro,Female,1989-11-13,2,Account Executive,Manufacturing,Affluent Customer,N,No,1623,3981 Karstens Place,2570,NSW,Australia,8
2001,Mada,Martinho,Female,1977-10-06,21,Analog Circuit Design manager,Manufacturing,Mass Customer,N,Yes,1624,3984 Clove Street,3192,VIC,Australia,10
1704,Tremain,Breadon,Male,1962-10-22,22,Analyst Programmer,IT,High Net Worth,N,No,1625,39846 Springs Crossing,2154,NSW,Australia,10
3009,Hephzibah,Cliffe,Female,1977-04-02,197,,Health,High Net Worth,N,Yes,1626,399 Butterfield Crossing,4115,QLD,Australia,7
3794,Dorrie,Paige,Female,1994-07-06,197,,IT,Mass Customer,N,No,1627,39946 Kenwood Court,3070,VIC,Australia,9
237,Reginald,Dartan,Male,1974-03-07,1,Account Coordinator,Property,High Net Worth,N,Yes,1628,39988 Porter Pass,4152,QLD,Australia,7
1754,Zonnya,Tolland,Female,1965-11-27,197,,Retail,Mass Customer,N,Yes,1629,4 5th Circle,2800,NSW,Australia,2
226,Bondie,Letty,Male,1977-11-11,55,Database Administrator IV,Manufacturing,Mass Customer,N,No,1630,4 5th Point,2075,NSW,Australia,11
432,Amby,Pentin,Male,1990-02-12,107,Nuclear Power Engineer,Manufacturing,Affluent Customer,N,Yes,1631,4 Almo Plaza,2085,NSW,Australia,10
2815,Emery,Carlett,Male,1954-10-30,197,,Health,Mass Customer,N,No,1632,4 American Ash Circle,2211,NSW,Australia,10
984,Luciano,Weddup,Male,1954-03-25,126,Programmer I,Manufacturing,Affluent Customer,N,No,1633,4 Amoth Trail,4161,QLD,Australia,6
2563,Perla,Sabatier,Female,1990-03-08,19,Administrative Assistant IV,n/a,Mass Customer,N,Yes,1634,4 Barby Avenue,2705,NSW,Australia,5
3643,Bettye,Dumberrill,Female,1971-02-08,182,Technical Writer,n/a,Mass Customer,N,No,1635,4 Barby Point,4216,QLD,Australia,8
1098,Maure,Crow,Female,1989-02-01,19,Administrative Assistant IV,Financial Services,Mass Customer,N,Yes,1636,4 Barby Road,2647,NSW,Australia,3
1874,Nickolai,McChesney,Male,1957-09-29,197,,Argiculture,High Net Worth,N,Yes,1637,4 Bartelt Hill,4510,QLD,Australia,1
3088,Hilarius,Trenbey,Male,1974-05-09,197,,Retail,Affluent Customer,N,Yes,1638,4 Bayside Place,4508,QLD,Australia,4
2422,Crysta,Woliter,Female,1978-11-30,99,Librarian,Entertainment,High Net Worth,N,No,1639,4 Becker Center,2145,NSW,Australia,10
574,Gerard,Steketee,Male,1990-04-09,148,Senior Cost Accountant,Financial Services,Mass Customer,N,No,1640,4 Carioca Way,3182,Victoria,Australia,10
2397,Cassius,Birchenough,Male,1985-06-10,22,Analyst Programmer,Retail,Affluent Customer,N,Yes,1641,4 Center Park,3807,VIC,Australia,6
3026,Minda,Pendrid,Female,1988-11-21,5,Account Representative III,Property,Mass Customer,N,Yes,1642,4 Crescent Oaks Alley,2541,NSW,Australia,5
175,Templeton,Hambrook,Male,1975-11-28,132,Quality Engineer,Manufacturing,Affluent Customer,N,No,1643,4 Dayton Terrace,2280,NSW,Australia,9
3962,Benoit,,Male,1977-10-06,130,Project Manager,Argiculture,High Net Worth,N,Yes,1644,4 Debra Hill,3106,VIC,Australia,10
2298,Brigham,Vyse,Male,1997-10-28,71,Environmental Tech,Property,Mass Customer,N,Yes,1645,4 Delaware Terrace,3804,VIC,Australia,8
6,Curr,Duckhouse,Male,1966-09-16,197,,Retail,High Net Worth,N,Yes,1646,4 Delaware Trail,2210,New South Wales,Australia,9
3556,Larina,Gheeorghie,Female,1997-07-05,149,Senior Developer,Manufacturing,High Net Worth,N,No,1647,4 Dexter Park,4505,QLD,Australia,2
3993,Andi,Dumelow,Female,1974-12-05,99,Librarian,Entertainment,Mass Customer,N,No,1648,4 Dovetail Crossing,2350,NSW,Australia,2
930,Evelina,Dinan,Female,1971-11-10,72,Executive Secretary,Retail,Mass Customer,N,Yes,1649,4 Eastlawn Crossing,2036,NSW,Australia,12
3882,Nona,Tubb,Female,1976-11-05,92,Human Resources Assistant III,Health,Mass Customer,N,Yes,1650,4 Emmet Avenue,4300,QLD,Australia,1
3969,Randee,Penchen,Female,1977-07-16,8,Accountant II,Manufacturing,Affluent Customer,N,Yes,1651,4 Express Plaza,2191,NSW,Australia,10
1888,Sibyl,Scholtz,Female,2002-01-26,75,Food Chemist,Health,Mass Customer,N,Yes,1652,4 Fairfield Way,2487,NSW,Australia,10
3208,Jeanne,O'Meara,Female,1967-02-06,184,VP Marketing,n/a,High Net Worth,N,No,1653,4 Farragut Center,2065,NSW,Australia,12
1594,Rolando,Amyes,Male,1981-11-26,94,Human Resources Manager,Property,Mass Customer,N,No,1654,4 Florence Street,2032,NSW,Australia,11
3062,Lesley,Ruskin,Male,1962-11-09,42,Civil Engineer,Manufacturing,Mass Customer,N,No,1655,4 Gateway Court,3107,VIC,Australia,10
2942,Garner,Arnolds,Male,1970-07-15,158,Software Engineer III,n/a,High Net Worth,N,No,1656,4 Glendale Crossing,3148,VIC,Australia,10
1934,Bryant,Tordiffe,Male,1963-01-17,38,Budget/Accounting Analyst IV,n/a,Affluent Customer,N,Yes,1657,4 Golden Leaf Road,4670,QLD,Australia,2
557,Cassie,Morley,Female,1961-06-02,197,,Manufacturing,Affluent Customer,N,Yes,1658,4 Graedel Parkway,2560,NSW,Australia,8
3686,Shirley,Siss,Female,1976-08-06,197,,Financial Services,High Net Worth,N,Yes,1659,4 Hagan Hill,2197,NSW,Australia,9
3904,Arabelle,Nevill,Female,1977-12-17,147,Sales Representative,Retail,Affluent Customer,N,No,1660,4 Hanover Junction,3192,VIC,Australia,10
1226,Constantia,Sirr,Female,1981-03-16,63,Director of Sales,Health,Mass Customer,N,Yes,1661,4 Hoard Pass,2153,NSW,Australia,9
2341,Caterina,Scedall,U,,189,Web Designer II,IT,Mass Customer,N,Yes,1662,4 Huxley Alley,4070,QLD,Australia,8
2888,Hamel,Crosser,Male,1962-05-23,130,Project Manager,IT,High Net Worth,N,Yes,1663,4 Ilene Street,2145,NSW,Australia,7
1653,Florry,Folbige,Female,1987-04-29,197,,Argiculture,Mass Customer,N,Yes,1664,4 Jay Court,2763,NSW,Australia,9
3040,Kameko,Kinrade,Female,1966-11-28,76,General Manager,Retail,Mass Customer,N,No,1665,4 Jenifer Hill,3147,VIC,Australia,12
2376,Eada,Narbett,Female,1958-10-23,44,Community Outreach Specialist,n/a,High Net Worth,N,Yes,1666,4 Judy Park,2016,NSW,Australia,10
958,Kristofor,Saulter,Male,1964-01-14,34,Biostatistician IV,Health,High Net Worth,N,No,1667,4 Kennedy Trail,3147,VIC,Australia,8
699,Mirabella,Richter,Female,1972-08-04,6,Account Representative IV,IT,Affluent Customer,N,Yes,1668,4 Lillian Plaza,2283,NSW,Australia,6
619,Finn,Dahlman,Male,1977-08-14,164,Speech Pathologist,Property,Mass Customer,N,No,1669,4 Loeprich Avenue,4022,QLD,Australia,3
2995,Garvin,Cunradi,Male,1997-01-14,197,,Health,Mass Customer,N,Yes,1670,4 Loftsgordon Avenue,3023,VIC,Australia,8
2390,Tonya,Nealand,Female,1964-05-06,98,Legal Assistant,Property,Mass Customer,N,No,1671,4 Londonderry Junction,4159,QLD,Australia,7
200,Hube,Weald,Male,1957-02-04,119,Physical Therapy Assistant,Property,Affluent Customer,N,Yes,1672,4 Londonderry Lane,3084,VIC,Australia,10
2671,Bridget,Bussons,Female,1990-11-09,22,Analyst Programmer,n/a,Mass Customer,N,No,1673,4 Loomis Hill,2527,NSW,Australia,7
3600,Godart,Gooderick,Male,1962-05-17,166,Staff Accountant II,n/a,Mass Customer,N,No,1674,4 Macpherson Drive,2560,NSW,Australia,8
2111,Ellis,Vokes,Male,1973-12-28,164,Speech Pathologist,Property,Affluent Customer,N,Yes,1675,4 Macpherson Street,3143,VIC,Australia,4
2251,Leslie,Shotboult,Male,1959-08-19,197,,Property,High Net Worth,N,No,1676,4 Mallory Hill,2880,NSW,Australia,1
1640,Erie,Worswick,Male,1995-02-17,7,Accountant I,n/a,High Net Worth,N,Yes,1677,4 Mariners Cove Street,2043,NSW,Australia,9
3320,Anabella,Mealham,Female,1994-06-02,107,Nuclear Power Engineer,Manufacturing,High Net Worth,N,No,1678,4 Mayfield Center,3155,VIC,Australia,9
1503,Del,Scullin,Female,1968-02-25,105,Media Manager III,n/a,Affluent Customer,N,No,1679,4 Maywood Court,2228,NSW,Australia,10
1395,Jandy,Pennazzi,Female,1957-12-23,185,VP Product Management,n/a,High Net Worth,N,Yes,1680,4 Milwaukee Park,3046,VIC,Australia,9
2149,Lana,Druce,Female,1978-05-19,121,Professor,n/a,High Net Worth,N,No,1681,4 Mosinee Lane,4165,QLD,Australia,5
2439,Shelly,Yakebovitch,Female,1967-10-02,197,,Manufacturing,Affluent Customer,N,No,1682,4 Northridge Center,2076,NSW,Australia,11
1476,Vaughn,Browse,Male,1986-11-21,174,Structural Analysis Engineer,n/a,Affluent Customer,N,Yes,1683,4 Oriole Hill,2340,NSW,Australia,7
1657,Stanwood,Troillet,Male,1977-03-08,48,Computer Systems Analyst III,Financial Services,Mass Customer,N,No,1684,4 Pankratz Street,2101,NSW,Australia,11
491,Andrea,Funcheon,Male,1976-02-20,164,Speech Pathologist,Property,Affluent Customer,N,Yes,1685,4 Pond Parkway,3185,Victoria,Australia,9
1070,Albert,Gomery,Male,1995-06-04,6,Account Representative IV,n/a,Mass Customer,N,No,1686,4 Quincy Trail,2800,NSW,Australia,3
1873,Raul,Cabrer,Male,1992-07-09,76,General Manager,Manufacturing,Affluent Customer,N,Yes,1687,4 Ridgeway Court,4030,QLD,Australia,4
2794,Megen,Lorenc,Female,1975-11-06,154,Social Worker,Health,Mass Customer,N,Yes,1688,4 Rieder Drive,3064,VIC,Australia,5
3684,Jeffie,Mortell,Male,1974-04-25,75,Food Chemist,Health,High Net Worth,N,Yes,1689,4 Rockefeller Plaza,3196,VIC,Australia,5
2002,Matilde,Hamsher,Female,1971-06-20,102,Mechanical Systems Engineer,Financial Services,Mass Customer,N,No,1690,4 Rowland Plaza,2324,NSW,Australia,4
1561,Clemens,Rawll,Male,1975-03-14,83,Graphic Designer,Manufacturing,Mass Customer,N,Yes,1691,4 Rowland Way,2126,NSW,Australia,10
832,Shaun,Murphey,Male,1977-11-30,139,Research Assistant IV,Retail,Mass Customer,N,No,1692,4 Sachtjen Avenue,4210,QLD,Australia,10
2060,Constancia,Akram,Female,1959-01-23,171,Statistician II,Financial Services,Mass Customer,N,No,1693,4 Sachtjen Drive,4701,QLD,Australia,3
3116,Correy,Loynes,Male,1978-06-29,197,,Health,Mass Customer,N,No,1694,4 Shopko Circle,2196,NSW,Australia,5
1458,Ashley,Behneke,Male,1956-10-22,6,Account Representative IV,Telecommunications,Affluent Customer,N,No,1695,4 Stone Corner Avenue,4503,QLD,Australia,6
672,Kleon,Pallatina,Male,1977-01-12,21,Analog Circuit Design manager,Retail,High Net Worth,N,No,1696,4 Sunfield Circle,2194,NSW,Australia,8
1841,Nathanial,D'Ambrogi,Male,1995-10-22,18,Administrative Assistant III,Argiculture,Affluent Customer,N,No,1697,4 Sunnyside Crossing,2125,NSW,Australia,12
1919,Bartie,Hartburn,Male,1960-12-23,185,VP Product Management,Argiculture,Mass Customer,N,Yes,1698,4 Susan Center,3170,VIC,Australia,9
1546,Natalya,Moscone,Female,1956-10-28,45,Compensation Analyst,Financial Services,Mass Customer,N,Yes,1699,4 Sutteridge Trail,2153,NSW,Australia,10
1331,Edward,Hawkwood,Male,1987-03-24,180,Tax Accountant,Telecommunications,High Net Worth,N,No,1700,4 Sycamore Pass,3977,VIC,Australia,5
504,Vinny,Hegley,Male,1995-04-25,71,Environmental Tech,Manufacturing,High Net Worth,N,Yes,1701,4 Thackeray Pass,2487,NSW,Australia,9
1563,Crosby,Claeskens,Male,1992-03-10,6,Account Representative IV,Property,Mass Customer,N,No,1702,4 Toban Junction,2154,NSW,Australia,8
3307,Portia,Thirlwall,Female,1978-09-02,22,Analyst Programmer,Health,High Net Worth,N,No,1703,4 Tomscot Alley,4343,QLD,Australia,7
2879,Tatum,Askem,Female,1974-04-09,72,Executive Secretary,Argiculture,Mass Customer,N,Yes,1704,4 Vahlen Alley,2756,NSW,Australia,8
755,Baily,Imison,Male,1993-07-13,148,Senior Cost Accountant,Financial Services,Mass Customer,N,No,1705,4 Vahlen Junction,2227,NSW,Australia,10
3622,Anetta,Brosenius,Female,1983-09-02,45,Compensation Analyst,Financial Services,Mass Customer,N,No,1706,4 Westridge Circle,2763,NSW,Australia,8
3053,Susie,,Female,1984-09-12,1,Account Coordinator,Retail,High Net Worth,N,No,1707,40 Bowman Crossing,2031,NSW,Australia,10
1494,Levon,Parlor,Male,1986-11-03,78,Geologist I,n/a,Mass Customer,N,Yes,1708,40 Dexter Crossing,2250,NSW,Australia,9
3157,Hurlee,Fasson,Male,1997-07-19,197,,Retail,Mass Customer,N,Yes,1709,40 Erie Plaza,3138,VIC,Australia,9
2456,Reidar,Pullin,Male,1991-05-29,146,Sales Associate,n/a,Mass Customer,N,No,1710,40 Ilene Drive,3690,VIC,Australia,1
1037,Sissie,Rielly,Female,1956-08-08,91,Human Resources Assistant II,Financial Services,Mass Customer,N,No,1711,40 Kinsman Pass,2065,NSW,Australia,10
1939,Pierce,Cheke,Male,1992-05-03,142,Safety Technician I,n/a,Mass Customer,N,Yes,1712,40 New Castle Avenue,2043,NSW,Australia,11
2256,Mara,Rosterne,Female,1978-02-26,101,Marketing Manager,Retail,Mass Customer,N,No,1713,40 Rigney Street,2200,NSW,Australia,8
3378,Ina,Habershaw,Female,1962-02-17,197,,Financial Services,Affluent Customer,N,No,1714,40 Sauthoff Circle,3129,VIC,Australia,10
2642,Arabelle,Rentelll,U,,183,VP Accounting,Financial Services,High Net Worth,N,No,1715,40 Veith Circle,4701,QLD,Australia,1
3431,York,Calbreath,Male,1996-08-10,44,Community Outreach Specialist,Property,Affluent Customer,N,No,1716,400 Petterle Crossing,4301,QLD,Australia,3
3420,Norby,Elion,Male,1980-09-10,73,Financial Advisor,Financial Services,Mass Customer,N,Yes,1717,40047 Twin Pines Parkway,3806,VIC,Australia,8
2407,Merrily,,Female,1959-03-30,197,,Financial Services,High Net Worth,N,Yes,1718,4006 Algoma Crossing,2041,NSW,Australia,12
2237,Julia,Walden,Female,1969-06-26,197,,n/a,Mass Customer,N,Yes,1719,40062 Steensland Center,3977,VIC,Australia,6
2431,Alvy,Tyndall,Male,1999-12-24,148,Senior Cost Accountant,Financial Services,Mass Customer,N,Yes,1720,401 Pond Circle,4019,QLD,Australia,7
3295,Cleavland,Karchowski,Male,1964-05-26,92,Human Resources Assistant III,Retail,High Net Worth,N,Yes,1721,402 Clyde Gallagher Terrace,3153,VIC,Australia,6
3190,Lizabeth,Carswell,Female,1985-02-05,197,,n/a,Affluent Customer,N,No,1722,40252 Springs Park,4870,QLD,Australia,9
712,Norine,Antonik,Female,1961-05-20,197,,IT,Mass Customer,N,No,1723,4033 Hermina Road,2304,NSW,Australia,7
803,Nina,Murcutt,Female,1999-11-11,107,Nuclear Power Engineer,Manufacturing,High Net Worth,N,No,1724,40402 Moulton Park,2282,NSW,Australia,8
1063,Terrence,Geck,Male,1987-03-01,15,Actuary,Financial Services,Affluent Customer,N,Yes,1725,4044 Tennessee Parkway,2315,NSW,Australia,9
478,Darcey,Harberer,Female,1961-01-21,41,Chief Design Engineer,n/a,Affluent Customer,N,Yes,1726,40504 Tennyson Drive,2046,NSW,Australia,9
2955,Stuart,Dutnell,Male,1990-03-19,44,Community Outreach Specialist,Financial Services,High Net Worth,N,No,1727,4052 Katie Court,4300,QLD,Australia,5
679,Yolande,Whild,Female,1974-10-21,135,Registered Nurse,Health,Mass Customer,N,No,1728,40545 Forster Point,2262,NSW,Australia,7
1147,Tate,Studholme,Male,1968-07-09,85,Health Coach II,Entertainment,High Net Worth,N,Yes,1729,40570 Acker Alley,2166,NSW,Australia,9
1118,Colline,Coulman,Female,1975-12-19,147,Sales Representative,Retail,Mass Customer,N,Yes,1730,4079 Lindbergh Center,3021,VIC,Australia,8
1296,Essy,Vondrak,Female,1989-03-11,116,Paralegal,Financial Services,Affluent Customer,N,Yes,1731,408 Grover Place,4165,QLD,Australia,9
2093,Salem,Doiley,Male,1999-09-10,127,Programmer II,Financial Services,High Net Worth,N,No,1732,4081 Lighthouse Bay Alley,4053,QLD,Australia,9
1283,Tory,Minnette,Female,1994-08-23,43,Clinical Specialist,Health,Mass Customer,N,No,1733,4081 Veith Lane,4306,QLD,Australia,4
788,Gregg,Townsend,Male,1964-07-01,154,Social Worker,Health,Mass Customer,N,No,1734,4085 Jackson Hill,2830,NSW,Australia,7
711,Audrey,Vickerman,Female,1972-03-03,197,,n/a,Affluent Customer,N,No,1735,4086 Darwin Terrace,2176,NSW,Australia,9
3134,Pierette,Roseman,Female,1995-01-20,197,,Manufacturing,Mass Customer,N,No,1736,409 Bobwhite Road,2226,NSW,Australia,10
1786,Lonee,Gorce,Female,1962-03-20,18,Administrative Assistant III,Argiculture,High Net Worth,N,Yes,1737,4092 Brentwood Trail,2147,NSW,Australia,10
2683,Myrta,Rentilll,Female,1965-04-14,32,Biostatistician II,n/a,Affluent Customer,N,Yes,1738,40923 Truax Drive,2208,NSW,Australia,10
1766,Maye,O'Moylane,Female,1985-10-20,152,Senior Quality Engineer,n/a,Affluent Customer,N,No,1739,40985 Cherokee Junction,2155,NSW,Australia,10
3640,Merralee,Forman,Female,1985-04-28,169,Staff Scientist,n/a,Mass Customer,N,No,1740,41 Bay Pass,2018,NSW,Australia,10
1690,Torey,Kensall,Male,1988-12-19,75,Food Chemist,Health,Affluent Customer,N,Yes,1741,41 Dwight Way,3585,VIC,Australia,1
1854,Mandie,Jeger,Female,1978-09-12,44,Community Outreach Specialist,n/a,High Net Worth,N,Yes,1742,41 Eagan Junction,2570,NSW,Australia,8
1274,Emmerich,Tinkler,Male,1977-11-16,102,Mechanical Systems Engineer,Manufacturing,Mass Customer,N,No,1743,41 Knutson Alley,4370,QLD,Australia,4
3553,Dietrich,Geggie,Male,1974-12-29,83,Graphic Designer,Health,Mass Customer,N,No,1744,41 Northridge Road,4730,QLD,Australia,4
441,Felicle,Beneze,Female,1974-03-08,22,Analyst Programmer,IT,Mass Customer,N,No,1745,41 Ronald Regan Center,3008,VIC,Australia,5
58,Dalenna,Pinnock,Female,1967-07-04,113,Office Assistant III,Financial Services,Affluent Customer,N,Yes,1746,41 Schurz Center,2749,New South Wales,Australia,8
105,Maribeth,Pristnor,Female,2001-09-17,134,Recruiting Manager,Manufacturing,Mass Customer,N,No,1747,41 Service Lane,2217,New South Wales,Australia,11
317,Elicia,Dahler,Female,1974-02-10,28,Automation Specialist II,Entertainment,Mass Customer,N,Yes,1748,41 Spaight Road,4503,QLD,Australia,5
3963,Ardelle,Dasent,Female,1954-08-22,161,Software Test Engineer II,n/a,Mass Customer,N,No,1749,41 Superior Crossing,2747,NSW,Australia,8
1673,Suzie,Dahle,Female,1978-11-09,121,Professor,Financial Services,Affluent Customer,N,Yes,1750,41 Vahlen Park,2230,NSW,Australia,12
2697,Klarika,Yerby,U,,98,Legal Assistant,IT,High Net Worth,N,No,1751,41 Westport Center,3280,VIC,Australia,4
1767,Cicely,Millier,Female,1959-03-10,159,Software Engineer IV,Manufacturing,Affluent Customer,N,Yes,1752,410 Hoepker Pass,4123,QLD,Australia,5
3337,Brendan,Aird,Male,1976-10-28,197,,Argiculture,Mass Customer,N,Yes,1753,411 Anthes Circle,2030,NSW,Australia,12
361,Stephana,Minero,Female,1999-03-27,159,Software Engineer IV,Health,Mass Customer,N,Yes,1754,411 Homewood Lane,4020,QLD,Australia,5
489,Tresa,Reeks,Female,1971-05-31,150,Senior Editor,Retail,Mass Customer,N,Yes,1755,411 Lien Place,4226,QLD,Australia,10
3202,Garry,Gadson,Male,1994-09-10,114,Office Assistant IV,Financial Services,Mass Customer,N,Yes,1756,41141 Cascade Hill,2075,NSW,Australia,9
3080,Christoforo,Santus,Male,1958-10-06,83,Graphic Designer,Financial Services,High Net Worth,N,No,1757,41205 Straubel Place,4305,QLD,Australia,4
3826,Marlow,Balffye,Male,1978-09-25,197,,Health,Mass Customer,N,No,1758,4123 Eliot Alley,4306,QLD,Australia,6
55,Linc,Jillions,Male,1956-09-24,116,Paralegal,Financial Services,Affluent Customer,N,Yes,1759,413 Mayer Street,2046,New South Wales,Australia,9
792,Mitch,Rains,Male,1975-11-19,175,Structural Engineer,n/a,High Net Worth,N,Yes,1760,414 Kensington Lane,3076,VIC,Australia,8
2925,Henderson,Sloey,Male,1978-05-02,39,Business Systems Development Analyst,Financial Services,Affluent Customer,N,Yes,1761,415 Walton Lane,4883,QLD,Australia,3
3475,Correna,Goldsberry,Female,1985-08-31,63,Director of Sales,Retail,Affluent Customer,N,No,1762,416 Hayes Trail,3095,VIC,Australia,9
407,Chryste,Acum,Female,1979-01-12,174,Structural Analysis Engineer,n/a,High Net Worth,N,Yes,1763,41605 Mitchell Street,2750,NSW,Australia,8
208,Rutter,Excell,Male,1994-10-31,113,Office Assistant III,Property,High Net Worth,N,No,1764,417 Transport Trail,4503,QLD,Australia,4
3286,Kent,Hatter,Male,1961-06-02,24,Assistant Media Planner,Entertainment,Mass Customer,N,No,1765,4171 Beilfuss Street,3153,VIC,Australia,8
645,Randolf,Durant,Male,1971-04-01,22,Analyst Programmer,n/a,High Net Worth,N,No,1766,41759 Crowley Circle,2560,NSW,Australia,8
2405,Quintana,Merricks,Female,1957-07-28,174,Structural Analysis Engineer,n/a,Mass Customer,N,No,1767,4177 Bluejay Street,2560,NSW,Australia,8
3733,Shelden,Rodenburg,Male,1977-11-01,197,,n/a,Mass Customer,N,No,1768,4178 Bartelt Parkway,2505,NSW,Australia,8
184,Nappie,Paolo,Male,1971-12-13,101,Marketing Manager,Manufacturing,High Net Worth,N,Yes,1769,4179 Carioca Terrace,2220,NSW,Australia,11
891,Talbot,Andrioni,Male,1981-08-06,110,Occupational Therapist,Health,High Net Worth,N,Yes,1770,41821 Sheridan Center,2756,NSW,Australia,9
1689,Teodor,Larwell,Male,1995-06-18,131,Quality Control Specialist,Financial Services,Mass Customer,N,Yes,1771,419 2nd Center,4220,QLD,Australia,9
3034,Mara,Tofanini,Female,1956-09-09,191,Web Designer IV,Manufacturing,Mass Customer,N,Yes,1772,42 Arizona Pass,4510,QLD,Australia,5
912,Vince,Dalmon,Male,1968-07-19,147,Sales Representative,Retail,Mass Customer,N,Yes,1773,42 Cordelia Park,2567,NSW,Australia,8
969,Jo,Mallinar,Female,1978-09-19,87,Health Coach IV,Health,High Net Worth,N,Yes,1774,42 Dahle Parkway,3806,VIC,Australia,7
1013,Corissa,Zienkiewicz,Female,1976-09-06,119,Physical Therapy Assistant,Retail,High Net Worth,N,No,1775,42 Lunder Drive,2027,NSW,Australia,11
2639,Mufi,O'Kielt,Female,1986-07-03,81,Geologist IV,Entertainment,Mass Customer,N,Yes,1776,42 Manitowish Hill,4352,QLD,Australia,5
3914,Izabel,Roelofs,Female,1988-05-21,23,Assistant Manager,Entertainment,Affluent Customer,N,Yes,1777,42 Maryland Plaza,2486,NSW,Australia,5
3328,Arabella,Delgaty,Female,1961-08-06,75,Food Chemist,Health,Mass Customer,N,No,1778,42 Oxford Circle,2220,NSW,Australia,11
876,Neil,Jencey,Male,1968-10-06,119,Physical Therapy Assistant,IT,High Net Worth,N,No,1779,42 Thompson Hill,2234,NSW,Australia,10
408,Kurtis,Baistow,Male,1991-08-31,151,Senior Financial Analyst,Financial Services,Affluent Customer,N,No,1780,42 Upham Pass,4558,QLD,Australia,3
3836,Jolee,Stearndale,Female,1995-01-25,65,Electrical Engineer,Manufacturing,Affluent Customer,N,Yes,1781,420 Twin Pines Crossing,3338,VIC,Australia,3
258,Othella,Keher,Female,1992-05-03,20,Administrative Officer,Manufacturing,High Net Worth,N,No,1782,42067 Duke Terrace,2031,NSW,Australia,10
440,Sheena,O'Duggan,Female,1977-12-16,39,Business Systems Development Analyst,Telecommunications,Mass Customer,N,No,1783,421 Bobwhite Road,2160,NSW,Australia,6
1741,Karlens,Carneck,Male,1994-07-11,76,General Manager,Financial Services,High Net Worth,N,No,1784,4216 Annamark Pass,4300,QLD,Australia,4
2389,Sibyl,Gudge,Male,1973-12-28,58,Desktop Support Technician,Retail,High Net Worth,N,No,1785,422 Crownhardt Court,4179,QLD,Australia,7
3618,Evyn,Rouby,Male,1966-04-28,173,Statistician IV,Retail,Affluent Customer,N,Yes,1786,422 Valley Edge Pass,2000,NSW,Australia,10
705,Eddie,Yekel,Male,1964-01-16,132,Quality Engineer,Retail,High Net Worth,N,No,1787,4222 Porter Lane,3136,Victoria,Australia,9
3484,Hedi,Mowday,Female,1976-10-24,95,Information Systems Manager,Financial Services,High Net Worth,N,Yes,1788,42293 Banding Plaza,2136,NSW,Australia,10
2409,Carolan,Ortler,Female,1989-07-13,197,,Health,Mass Customer,N,No,1789,423 Debra Terrace,3082,VIC,Australia,8
2924,Fina,McLaughlin,Female,1988-01-26,24,Assistant Media Planner,Entertainment,Mass Customer,N,Yes,1790,423 Golf Point,2044,NSW,Australia,10
3215,Wolfgang,Raffles,Male,1976-09-28,76,General Manager,n/a,Mass Customer,N,Yes,1791,423 Mcbride Place,2477,NSW,Australia,7
3447,Linell,,Female,1977-11-23,197,,Financial Services,High Net Worth,N,No,1792,4233 Service Avenue,2340,NSW,Australia,5
2987,Riane,Schultes,Female,1984-11-21,104,Media Manager II,n/a,High Net Worth,N,Yes,1793,424 Almo Junction,2830,NSW,Australia,4
2193,Roldan,Carrington,Male,1955-12-16,61,Developer III,n/a,Mass Customer,N,Yes,1794,42473 Sycamore Pass,3355,VIC,Australia,4
1962,Paddie,Grunder,Male,1977-11-01,147,Sales Representative,Retail,Mass Customer,N,Yes,1795,425 Marquette Way,2116,NSW,Australia,10
601,Ken,Renfree,Male,1992-12-04,152,Senior Quality Engineer,Retail,High Net Worth,N,Yes,1796,425 Thierer Junction,2761,NSW,Australia,8
1987,Jacobo,Rosenblum,Male,1956-06-08,140,Research Associate,Health,Affluent Customer,N,No,1797,42554 Burrows Court,2117,NSW,Australia,10
3368,Tanya,Boddis,Female,1967-07-17,182,Technical Writer,Financial Services,Affluent Customer,N,No,1798,42554 Randy Road,2047,NSW,Australia,12
1943,Armstrong,Style,Male,1985-10-03,148,Senior Cost Accountant,Financial Services,Affluent Customer,N,Yes,1799,4262 Melvin Avenue,2759,NSW,Australia,8
233,Art,Barwell,Male,1986-08-08,71,Environmental Tech,Property,Mass Customer,N,No,1800,4263 Hanson Place,2021,NSW,Australia,11
1983,Kimberlee,Soonhouse,Female,1963-03-10,24,Assistant Media Planner,Entertainment,Affluent Customer,N,Yes,1801,427 Rockefeller Drive,2093,NSW,Australia,12
3665,Toma,Klaaasen,Female,1989-03-23,56,Dental Hygienist,Health,Mass Customer,N,No,1802,427 Talmadge Terrace,2486,NSW,Australia,8
312,Garek,Prattin,Male,1958-03-17,58,Desktop Support Technician,Financial Services,Affluent Customer,N,Yes,1803,4270 Loeprich Lane,3064,VIC,Australia,7
1164,Gilligan,Mowat,Female,1977-01-09,75,Food Chemist,Health,Mass Customer,N,Yes,1804,42739 Moose Pass,3442,VIC,Australia,8
1398,Anderea,Pulteneye,Female,1966-11-29,130,Project Manager,Manufacturing,Mass Customer,N,No,1805,42829 Charing Cross Road,3107,VIC,Australia,8
1127,Elly,Ormshaw,Female,1991-02-27,119,Physical Therapy Assistant,Financial Services,Mass Customer,N,No,1806,4284 Debra Drive,4814,QLD,Australia,3
431,Gale,Done,Male,1956-03-26,141,Research Nurse,Health,Affluent Customer,N,Yes,1807,4284 Surrey Circle,2068,NSW,Australia,12
1427,Jodie,Juett,Male,1993-12-09,70,Environmental Specialist,Financial Services,High Net Worth,N,No,1808,42946 Fieldstone Pass,2750,NSW,Australia,9
1814,Shawn,Platfoot,Female,1988-08-18,191,Web Designer IV,Retail,Affluent Customer,N,No,1809,42952 Fairfield Center,3012,VIC,Australia,8
1064,Thornie,Andrusov,Male,1977-06-13,99,Librarian,Entertainment,Affluent Customer,N,Yes,1810,4297 Emmet Lane,2170,NSW,Australia,8
2392,Isadora,Gronaller,Female,2001-01-11,100,Marketing Assistant,Manufacturing,Affluent Customer,N,No,1811,43 Commercial Road,4128,QLD,Australia,7
3306,Iggy,Whorton,Male,1991-05-17,45,Compensation Analyst,Financial Services,Mass Customer,N,No,1812,43 Eagle Crest Parkway,2295,NSW,Australia,8
826,Marc,Waddilove,Male,1998-12-25,134,Recruiting Manager,Financial Services,Mass Customer,N,Yes,1813,43 Esker Pass,2228,NSW,Australia,8
3804,Andria,Keays,Female,1986-08-21,197,,Manufacturing,Mass Customer,N,Yes,1814,43 Hollow Ridge Center,3215,VIC,Australia,3
752,Kalil,Palombi,Male,1961-06-27,164,Speech Pathologist,Financial Services,High Net Worth,N,No,1815,43 Jana Way,3750,VIC,Australia,7
3204,Ibby,Beedon,Female,1994-11-26,105,Media Manager III,Health,Mass Customer,N,Yes,1816,43 South Pass,3620,VIC,Australia,2
2119,Dorise,Bellon,Female,1985-03-01,148,Senior Cost Accountant,Financial Services,Mass Customer,N,No,1817,43 Sunbrook Terrace,4160,QLD,Australia,10
191,Christopher,Heining,Male,1960-04-27,88,Help Desk Operator,n/a,Affluent Customer,N,Yes,1818,43 Upham Crossing,3143,VIC,Australia,9
3558,Torey,Sarney,Male,1954-09-05,197,,n/a,High Net Worth,N,Yes,1819,4301 Haas Junction,2204,NSW,Australia,9
490,Lida,Boynton,Female,1992-06-15,71,Environmental Tech,Argiculture,Mass Customer,N,No,1820,431 Ilene Center,2026,NSW,Australia,10
3674,Rodger,Gores,Male,1998-12-24,180,Tax Accountant,Property,Mass Customer,N,No,1821,4314 Ridgeview Court,2176,NSW,Australia,9
114,Sunny,Swindells,Female,1985-10-23,181,Teacher,Entertainment,Affluent Customer,N,No,1822,432 Longview Circle,3192,VIC,Australia,10
2744,Bjorn,Isitt,Male,1999-01-25,151,Senior Financial Analyst,Financial Services,Mass Customer,N,No,1823,4320 Toban Avenue,2260,NSW,Australia,11
1330,Gery,Headrick,Male,1985-08-02,182,Technical Writer,n/a,Affluent Customer,N,No,1824,433 Mockingbird Center,3840,VIC,Australia,2
2098,Ame,Tossell,Female,1969-12-13,56,Dental Hygienist,Health,High Net Worth,N,No,1825,434 Eggendart Circle,2260,NSW,Australia,12
919,Grove,Peltzer,Male,1987-07-17,135,Registered Nurse,Health,Mass Customer,N,Yes,1826,43455 Carey Center,4131,QLD,Australia,4
2212,Adrianne,Raoux,Female,1974-05-13,182,Technical Writer,Manufacturing,Affluent Customer,N,Yes,1827,43491 Jenifer Street,2750,NSW,Australia,7
3356,Dill,Bampford,Male,1959-03-23,143,Safety Technician II,Financial Services,Mass Customer,N,Yes,1828,435 Kennedy Circle,2173,NSW,Australia,10
3065,Winna,Brusle,Female,1978-01-05,133,Recruiter,Financial Services,High Net Worth,N,Yes,1829,4351 Maywood Hill,3551,VIC,Australia,4
2776,Tyson,Pearcy,Male,1980-08-05,197,,n/a,Mass Customer,N,No,1830,4362 Morningstar Place,4869,QLD,Australia,2
959,Katharina,Jennins,Female,1986-10-26,169,Staff Scientist,n/a,Affluent Customer,N,Yes,1831,4364 Gale Park,2196,NSW,Australia,10
1818,Katha,Lockhurst,Female,1967-04-01,24,Assistant Media Planner,Entertainment,Mass Customer,N,Yes,1832,4365 Basil Junction,2539,NSW,Australia,7
3891,Amalea,Elcy,Female,1977-08-01,166,Staff Accountant II,Retail,High Net Worth,N,Yes,1833,4368 Dayton Street,2753,NSW,Australia,10
1406,Georges,Tilne,Male,1970-05-05,50,Cost Accountant,Financial Services,High Net Worth,N,Yes,1834,4370 Haas Trail,2870,NSW,Australia,5
3283,Rowe,Barbary,Female,1979-01-15,20,Administrative Officer,Property,Mass Customer,N,Yes,1835,4380 Rusk Terrace,2086,NSW,Australia,11
1353,Phebe,Dockwra,Female,1980-03-31,43,Clinical Specialist,Health,Mass Customer,N,Yes,1836,43811 Golf View Road,3380,VIC,Australia,1
3596,Christi,Gilluley,Female,1977-12-25,72,Executive Secretary,Retail,Mass Customer,N,No,1837,4386 Spaight Court,3752,VIC,Australia,8
2370,Juliane,Calltone,Female,1996-03-19,22,Analyst Programmer,Property,High Net Worth,N,No,1838,43898 Prentice Court,3025,VIC,Australia,9
72,Sammy,Cheese,Male,1972-02-13,20,Administrative Officer,Manufacturing,Affluent Customer,N,Yes,1839,439 Ridgeway Court,4213,QLD,Australia,9
572,Clementius,Everington,Male,1967-05-01,43,Clinical Specialist,Health,High Net Worth,N,Yes,1840,44 Bunting Parkway,2106,NSW,Australia,10
812,Coral,Dunkirk,Female,1989-09-22,197,,Financial Services,Mass Customer,N,No,1841,44 Lakewood Gardens Pass,2122,NSW,Australia,10
3734,Trixi,Wickes,Female,1977-01-07,89,Help Desk Technician,Manufacturing,Mass Customer,N,No,1842,44 Londonderry Parkway,2164,NSW,Australia,10
3056,Catlin,Storm,Female,1968-05-27,85,Health Coach II,Entertainment,Mass Customer,N,No,1843,44 Northridge Plaza,2166,NSW,Australia,8
1072,Curt,Petrello,Male,1957-06-01,148,Senior Cost Accountant,Financial Services,High Net Worth,N,Yes,1844,44 Ramsey Road,2515,NSW,Australia,9
3229,Carrol,Gheorghie,Male,1964-10-18,147,Sales Representative,Retail,High Net Worth,N,Yes,1845,44 Service Alley,3023,VIC,Australia,7
635,Joelle,Prior,Female,1976-09-25,125,Programmer Analyst IV,n/a,Mass Customer,N,Yes,1846,44 Upham Crossing,2148,NSW,Australia,7
2540,Donavon,,U,,72,Executive Secretary,IT,Mass Customer,N,Yes,1847,440 Ronald Regan Pass,2261,NSW,Australia,7
2511,Jedidiah,Daulby,Male,1991-07-12,182,Technical Writer,Financial Services,Mass Customer,N,Yes,1848,440 Shasta Crossing,2118,NSW,Australia,10
1042,Isacco,Woodwind,Male,1976-01-14,107,Nuclear Power Engineer,Manufacturing,High Net Worth,N,Yes,1849,4408 Haas Way,2171,NSW,Australia,9
2393,Dorian,Colledge,Female,1981-06-21,135,Registered Nurse,Health,High Net Worth,N,Yes,1850,44083 Village Court,2142,NSW,Australia,7
1747,Obadiah,Fairall,Male,1987-03-14,137,Research Assistant II,Financial Services,Affluent Customer,N,No,1851,441 Old Shore Circle,2131,NSW,Australia,11
2803,Ailsun,Hawlgarth,Female,1970-09-30,150,Senior Editor,Retail,Mass Customer,N,Yes,1852,441 Superior Junction,2320,NSW,Australia,6
1944,Gregory,Balchin,Male,1980-07-30,128,Programmer III,Argiculture,High Net Worth,N,Yes,1853,4415 Dwight Center,2528,NSW,Australia,7
83,Kerr,Simmell,Male,1967-02-26,96,Internal Auditor,IT,Mass Customer,N,Yes,1854,4423 Bartelt Parkway,2038,New South Wales,Australia,12
10,Fiorenze,Birdall,Female,1988-10-11,152,Senior Quality Engineer,Financial Services,Mass Customer,N,Yes,1855,44339 Golden Leaf Alley,4557,QLD,Australia,4
1140,Deana,Rathbourne,Female,1986-02-25,72,Executive Secretary,n/a,Mass Customer,N,Yes,1856,4439 7th Terrace,2177,NSW,Australia,9
2652,Kelbee,Bernat,Male,1957-12-15,32,Biostatistician II,n/a,Affluent Customer,N,Yes,1857,444 Spaight Crossing,3070,VIC,Australia,10
829,Byran,Goodfield,Male,2001-01-22,71,Environmental Tech,Financial Services,High Net Worth,N,Yes,1858,4444 Bunting Point,2430,NSW,Australia,7
57,Abba,Masedon,M,1988-06-13,41,Chief Design Engineer,n/a,Mass Customer,N,Yes,1859,44516 Katie Parkway,2765,New South Wales,Australia,7
1008,Lorry,Booley,Female,1975-11-10,181,Teacher,n/a,Mass Customer,N,No,1860,44594 5th Street,4220,QLD,Australia,9
566,Datha,McPheat,Female,1978-12-09,176,Systems Administrator I,Financial Services,High Net Worth,N,Yes,1861,446 Dottie Court,2225,NSW,Australia,10
2678,Amble,Tandy,Male,1976-12-30,146,Sales Associate,Health,Mass Customer,N,No,1862,446 Warrior Pass,4740,QLD,Australia,5
342,Winslow,Hammant,Male,1987-05-19,129,Programmer IV,Health,High Net Worth,N,No,1863,44621 Linden Drive,2155,NSW,Australia,10
2653,Aylmer,Glenwright,Male,1995-01-05,75,Food Chemist,Health,Affluent Customer,N,No,1864,447 Delaware Park,3911,VIC,Australia,5
2314,Ravid,Lapenna,Male,1993-12-22,135,Registered Nurse,Health,High Net Worth,N,Yes,1865,44778 Bellgrove Crossing,3205,VIC,Australia,10
2186,Carolina,Sexty,Female,1963-03-18,43,Clinical Specialist,Health,High Net Worth,N,No,1866,4478 Banding Way,2830,NSW,Australia,3
1872,Leif,Feeney,Male,1973-05-28,89,Help Desk Technician,Manufacturing,Mass Customer,N,Yes,1867,4498 Donald Crossing,2525,NSW,Australia,10
828,Darda,Kernocke,Female,1957-12-14,197,,Health,Mass Customer,N,Yes,1868,44997 Anniversary Way,4114,QLD,Australia,3
3739,Gates,Nelthorpe,Female,1991-08-27,71,Environmental Tech,IT,High Net Worth,N,No,1869,45 Fordem Court,3191,VIC,Australia,10
988,Andree,Simonato,Female,1981-01-15,63,Director of Sales,Manufacturing,High Net Worth,N,No,1870,45 Hazelcrest Junction,3073,VIC,Australia,9
3552,Ebeneser,Lowde,Male,1992-09-07,96,Internal Auditor,Retail,Affluent Customer,N,Yes,1871,45 Redwing Road,3182,VIC,Australia,12
3351,Chryste,Nornable,Female,1982-04-13,12,Accounting Assistant II,n/a,Affluent Customer,N,No,1872,45 Talisman Pass,4102,QLD,Australia,4
1407,Tamarah,Sobtka,Female,1980-10-04,174,Structural Analysis Engineer,Manufacturing,Mass Customer,N,Yes,1873,45 Tony Trail,2259,NSW,Australia,7
2036,Alix,Gilliland,Female,1977-04-29,197,,n/a,Mass Customer,N,No,1874,45 Waubesa Lane,4213,QLD,Australia,9
3105,Bryn,Rycraft,Male,1965-10-14,181,Teacher,Health,Mass Customer,N,No,1875,451 Luster Hill,2170,NSW,Australia,9
1512,Chandler,,Male,1979-04-10,181,Teacher,n/a,High Net Worth,N,No,1876,4517 Colorado Place,2210,NSW,Australia,10
3075,Corty,Debell,Male,1959-10-24,197,,Entertainment,Mass Customer,N,Yes,1877,45201 Atwood Place,2176,NSW,Australia,9
2331,Marybelle,Antal,Female,1963-04-11,54,Database Administrator III,Financial Services,Mass Customer,N,Yes,1878,4527 Butterfield Circle,2076,NSW,Australia,9
3163,Irvine,Mc Mechan,Male,1968-06-01,70,Environmental Specialist,Argiculture,Affluent Customer,N,No,1879,4527 Farmco Place,3155,VIC,Australia,8
2806,Thorndike,Glossop,Male,1986-05-18,123,Programmer Analyst II,Manufacturing,Mass Customer,N,Yes,1880,453 Gina Avenue,3141,VIC,Australia,8
149,Drucy,Kausche,Female,1995-01-31,141,Research Nurse,Health,Mass Customer,N,Yes,1881,453 Sheridan Street,2747,NSW,Australia,8
1577,Diannne,Teager,Female,1976-09-08,27,Automation Specialist I,Manufacturing,High Net Worth,N,No,1882,45314 Pepper Wood Junction,2251,NSW,Australia,6
3605,Andy,Risely,Male,1994-01-28,96,Internal Auditor,n/a,Mass Customer,N,No,1883,4534 Stone Corner Terrace,2233,NSW,Australia,9
683,Brennan,Gagen,Male,1962-05-16,197,,Manufacturing,Mass Customer,N,Yes,1884,4535 Daystar Parkway,2072,NSW,Australia,12
260,Farand,Marriner,Female,1979-08-30,152,Senior Quality Engineer,Health,High Net Worth,N,Yes,1885,454 Green Ridge Avenue,2176,NSW,Australia,10
2661,Dorrie,Meaden,Female,1976-12-26,184,VP Marketing,Financial Services,High Net Worth,N,Yes,1886,4543 Service Terrace,2566,NSW,Australia,8
2735,Ricoriki,Burree,Male,1958-09-06,26,Associate Professor,Financial Services,High Net Worth,N,Yes,1887,45454 Spenser Center,3149,VIC,Australia,12
456,Randolph,Redihalgh,Male,1975-11-30,27,Automation Specialist I,Manufacturing,Affluent Customer,N,Yes,1888,455 Hooker Lane,3337,Victoria,Australia,2
575,Etan,Poyle,Male,1956-06-10,183,VP Accounting,Financial Services,High Net Worth,N,Yes,1889,4559 Stoughton Lane,2097,NSW,Australia,10
2143,Napoleon,Terron,Male,1963-12-23,39,Business Systems Development Analyst,n/a,High Net Worth,N,Yes,1890,4559 Sundown Trail,2148,NSW,Australia,8
2144,Maureene,Kingstne,Female,1978-04-11,114,Office Assistant IV,Property,Mass Customer,N,Yes,1891,45613 Meadow Valley Center,3976,VIC,Australia,6
2566,Nani,Brilleman,Female,1996-10-29,8,Accountant II,Entertainment,Affluent Customer,N,Yes,1892,457 Merry Pass,4812,QLD,Australia,3
1216,Frank,Vallerine,Female,1959-06-25,160,Software Test Engineer I,Telecommunications,Affluent Customer,N,Yes,1893,457 Ryan Road,3218,VIC,Australia,7
1464,Mac,Leguay,Male,1984-10-03,112,Office Assistant II,n/a,Affluent Customer,N,Yes,1894,45725 Hagan Pass,2519,NSW,Australia,9
328,Bernice,Kings,Female,1991-04-11,149,Senior Developer,Manufacturing,Mass Customer,N,No,1895,45793 Nancy Plaza,4226,QLD,Australia,8
2838,Lydie,Scholfield,Female,1977-03-01,117,Payment Adjustment Coordinator,Retail,High Net Worth,N,No,1896,4589 Lien Terrace,2068,NSW,Australia,12
3554,Briggs,Mower,Male,1978-04-06,82,GIS Technical Architect,IT,Mass Customer,N,Yes,1897,459 Meadow Valley Junction,4155,QLD,Australia,10
3257,Travis,Hulatt,Male,1980-05-07,150,Senior Editor,n/a,Mass Customer,N,Yes,1898,4591 Del Sol Court,2745,NSW,Australia,8
2527,Arly,Petersen,Female,1980-07-19,182,Technical Writer,n/a,Affluent Customer,N,Yes,1899,46 Dawn Way,2340,NSW,Australia,5
1408,Kendricks,Plastow,Male,1997-06-22,56,Dental Hygienist,Health,High Net Worth,N,No,1900,46 Dovetail Avenue,2830,NSW,Australia,4
1599,Ozzy,Silver,Male,1999-11-24,197,,n/a,Affluent Customer,N,No,1901,46 Dunning Junction,4220,QLD,Australia,9
530,Townie,Perez,Male,1974-09-24,133,Recruiter,Manufacturing,Mass Customer,N,No,1902,46 Eastlawn Lane,2218,NSW,Australia,11
3681,Doll,Benedicto,Female,1962-02-06,44,Community Outreach Specialist,Property,Mass Customer,N,Yes,1903,46 Hollow Ridge Way,2011,NSW,Australia,11
2805,Laverna,Shiril,Female,1992-06-27,197,,Manufacturing,High Net Worth,N,No,1904,46 Independence Parkway,3065,VIC,Australia,12
3448,Roderich,Mixer,Male,1977-02-16,155,Software Consultant,Financial Services,High Net Worth,N,No,1905,46 Stone Corner Avenue,2210,NSW,Australia,10
2488,Idalia,Braunton,Female,1988-11-17,151,Senior Financial Analyst,Financial Services,Mass Customer,N,Yes,1906,46 Victoria Center,2770,NSW,Australia,9
2041,Mort,Heath,Male,1957-10-27,183,VP Accounting,Financial Services,Mass Customer,N,No,1907,46031 Hudson Place,2075,NSW,Australia,11
383,Barclay,Shalders,Male,1978-07-15,109,Nurse Practicioner,n/a,Affluent Customer,N,No,1908,4604 Cordelia Drive,2144,NSW,Australia,10
3576,Rochette,Ebbens,Female,1969-09-19,1,Account Coordinator,n/a,Mass Customer,N,No,1909,4605 Lakewood Gardens Terrace,3216,VIC,Australia,7
1650,Raphaela,Looby,Female,1980-05-03,180,Tax Accountant,n/a,High Net Worth,N,No,1910,461 Esker Court,3630,VIC,Australia,1
2810,Malvin,Burchill,Male,1961-08-26,197,,Property,Mass Customer,N,Yes,1911,46100 Jay Place,4075,QLD,Australia,6
1973,Fanni,Liffe,Female,1980-01-11,106,Media Manager IV,Financial Services,High Net Worth,N,No,1912,4622 Dixon Junction,2048,NSW,Australia,8
2858,Benedicto,Radki,Male,2002-01-09,134,Recruiting Manager,n/a,Mass Customer,N,Yes,1913,4623 Anniversary Terrace,2031,NSW,Australia,10
2549,Mike,Geggus,Male,1998-08-07,118,Pharmacist,Health,Mass Customer,N,Yes,1914,463 Atwood Court,4160,QLD,Australia,7
2873,Elvina,Saiger,Female,1981-06-25,50,Cost Accountant,Financial Services,Mass Customer,N,No,1915,463 Bultman Crossing,4211,QLD,Australia,5
3251,Cammie,Edridge,Female,1976-08-27,143,Safety Technician II,Financial Services,High Net Worth,N,Yes,1916,463 Merry Center,3128,VIC,Australia,10
2275,Ursulina,Carter,Female,1992-07-19,91,Human Resources Assistant II,Financial Services,High Net Worth,N,Yes,1917,463 Rowland Drive,2066,NSW,Australia,9
1629,Edsel,Lester,Male,1974-08-21,183,VP Accounting,Financial Services,Mass Customer,N,No,1918,46310 Raven Trail,4220,QLD,Australia,4
3780,Mitchel,Bellefant,Male,1993-11-01,58,Desktop Support Technician,Financial Services,High Net Worth,N,No,1919,464 Acker Way,2756,NSW,Australia,9
2117,Llywellyn,Christall,Male,1995-06-14,46,Computer Systems Analyst I,Health,Affluent Customer,N,No,1920,464 Bonner Place,3012,VIC,Australia,8
2906,Ivory,MacKnocker,Female,1992-07-02,82,GIS Technical Architect,Retail,Mass Customer,N,Yes,1921,46418 Hauk Pass,3184,VIC,Australia,10
3612,Normand,Matous,Male,1979-11-27,197,,IT,High Net Worth,N,No,1922,4643 Cambridge Circle,3064,VIC,Australia,6
3878,Waldon,Digges,Male,1978-02-24,128,Programmer III,n/a,Mass Customer,N,No,1923,465 Russell Court,2282,NSW,Australia,9
1833,Klemens,Eite,Male,1967-03-15,15,Actuary,Financial Services,High Net Worth,N,Yes,1924,46512 Cambridge Avenue,2759,NSW,Australia,8
1375,Archie,Van den Hof,Male,1978-12-07,21,Analog Circuit Design manager,Financial Services,Affluent Customer,N,No,1925,46523 Mcbride Circle,3161,VIC,Australia,9
2676,Stinky,Marlen,Male,1957-01-21,120,Product Engineer,Retail,Mass Customer,N,Yes,1926,4658 Tennessee Street,3121,VIC,Australia,11
1200,Hedda,Lathom,Female,1974-04-30,99,Librarian,Entertainment,High Net Worth,N,No,1927,466 Briar Crest Junction,2222,NSW,Australia,10
1765,Sibella,O' Mara,Female,1967-02-13,152,Senior Quality Engineer,n/a,High Net Worth,N,No,1928,466 Westport Drive,2263,NSW,Australia,7
3859,Boonie,Searle,Male,1956-03-20,155,Software Consultant,Manufacturing,Mass Customer,N,No,1929,4662 Clemons Road,4270,QLD,Australia,8
2823,Weidar,Antognazzi,Male,1971-04-20,38,Budget/Accounting Analyst IV,Property,Mass Customer,N,No,1930,46631 School Road,2099,NSW,Australia,11
1144,Damon,Phelip,Male,1996-12-12,70,Environmental Specialist,Health,High Net Worth,N,Yes,1931,4668 Coleman Street,2160,NSW,Australia,5
484,Mason,Kohrsen,Male,1974-04-24,129,Programmer IV,Manufacturing,Mass Customer,N,No,1932,4671 Buell Trail,3564,Victoria,Australia,2
2801,Danella,Lines,Female,1965-01-26,197,,Health,Mass Customer,N,No,1933,4672 Morningstar Circle,2760,NSW,Australia,7
2453,Ruthe,Campe,Female,1992-08-05,143,Safety Technician II,Telecommunications,High Net Worth,N,No,1934,4694 Carioca Court,4060,QLD,Australia,10
2213,Jesse,Leyshon,Female,1996-05-07,98,Legal Assistant,n/a,Affluent Customer,N,Yes,1935,47 Chinook Road,4421,QLD,Australia,2
472,Kippy,Jessel,Female,1990-11-16,96,Internal Auditor,Financial Services,Mass Customer,N,Yes,1936,47 Dwight Road,4217,QLD,Australia,8
1244,Glenn,Tinham,U,,74,Financial Analyst,Financial Services,Mass Customer,N,Yes,1937,47 Glacier Hill Junction,4873,QLD,Australia,2
265,Pennie,Stoile,Male,1965-10-05,147,Sales Representative,Retail,High Net Worth,N,Yes,1938,47 Jana Junction,3802,VIC,Australia,7
2140,Hilario,Ramsdell,Male,1976-09-30,88,Help Desk Operator,Telecommunications,High Net Worth,N,No,1939,47 Kensington Avenue,2650,NSW,Australia,4
3911,Valeda,Ezele,Female,1954-05-25,134,Recruiting Manager,n/a,Mass Customer,N,No,1940,47 Spenser Circle,2770,NSW,Australia,7
1861,Charlena,Muzzi,Female,1967-07-18,77,Geological Engineer,Manufacturing,Mass Customer,N,Yes,1941,47 Veith Junction,3196,VIC,Australia,9
494,Gaby,,Male,1975-06-02,57,Design Engineer,Manufacturing,Mass Customer,N,No,1942,470 Bunting Center,2447,NSW,Australia,3
1679,Arabel,Kayser,Female,1975-11-03,127,Programmer II,Health,Mass Customer,N,Yes,1943,4709 Cardinal Hill,2028,NSW,Australia,12
1473,Darrick,Feake,Male,1960-04-21,185,VP Product Management,n/a,Mass Customer,N,Yes,1944,472 Blaine Junction,2440,NSW,Australia,3
2162,Andrew,Blunt,Male,1974-05-09,116,Paralegal,Financial Services,High Net Worth,N,Yes,1945,47204 Rigney Street,2770,NSW,Australia,6
395,Penn,Burkinshaw,Male,1976-11-27,51,Data Coordiator,Retail,High Net Worth,N,Yes,1946,47226 Algoma Place,4305,QLD,Australia,3
2136,Heather,Golsworthy,Female,1965-07-12,111,Office Assistant I,Health,High Net Worth,N,Yes,1947,47336 Garrison Court,4670,QLD,Australia,1
3521,Oneida,Olivia,Female,1980-03-10,140,Research Associate,n/a,High Net Worth,N,Yes,1948,474 Farragut Way,4812,QLD,Australia,3
624,Winny,Girtin,Male,1976-01-13,137,Research Assistant II,Manufacturing,Mass Customer,N,Yes,1949,4744 Garrison Drive,4132,QLD,Australia,4
3123,Tina,Riggulsford,Female,1976-08-17,56,Dental Hygienist,Health,High Net Worth,N,No,1950,4753 Sheridan Center,3048,VIC,Australia,6
501,Henrieta,MacClancey,Female,1977-06-10,70,Environmental Specialist,n/a,High Net Worth,N,No,1951,4754 Moulton Alley,2069,NSW,Australia,9
1105,Sherman,McCusker,Male,1990-02-10,76,General Manager,n/a,Mass Customer,N,No,1952,4754 Ramsey Junction,3130,VIC,Australia,9
3687,Jessie,Wards,Male,1971-10-14,158,Software Engineer III,Manufacturing,Mass Customer,N,Yes,1953,47566 Old Gate Avenue,3064,VIC,Australia,6
996,Aura,Bemlott,U,,23,Assistant Manager,IT,Mass Customer,N,Yes,1954,4757 Texas Trail,3136,VIC,Australia,9
71,Hoyt,Glavias,Male,1985-01-27,140,Research Associate,Argiculture,Affluent Customer,N,Yes,1955,4763 Merchant Avenue,2756,New South Wales,Australia,8
3815,Jayson,Gasparro,Male,1981-04-19,99,Librarian,Entertainment,Mass Customer,N,Yes,1956,47855 Tomscot Parkway,2226,NSW,Australia,8
2104,Livy,Roote,Female,1979-01-29,174,Structural Analysis Engineer,Financial Services,Mass Customer,N,No,1957,47878 Pond Park,4133,QLD,Australia,3
263,Tonia,Leigh,Female,1985-11-19,56,Dental Hygienist,Health,High Net Worth,N,No,1958,48 Arizona Drive,2768,NSW,Australia,10
860,Ida,,Female,1980-08-12,197,,n/a,High Net Worth,N,Yes,1959,48 Bobwhite Crossing,4122,QLD,Australia,8
166,Elston,Oleszczak,Male,1955-06-12,174,Structural Analysis Engineer,Manufacturing,Affluent Customer,N,No,1960,48 Cascade Terrace,3057,VIC,Australia,8
1893,Gunar,Sleit,Male,1968-04-22,20,Administrative Officer,n/a,Mass Customer,N,No,1961,48 Dawn Center,4132,QLD,Australia,3
24,Kim,Skpsey,Female,1977-12-03,136,Research Assistant I,Argiculture,Mass Customer,N,Yes,1962,48 Eagan Avenue,4868,QLD,Australia,4
2217,Kristofor,Juris,Male,1981-10-17,116,Paralegal,Financial Services,Mass Customer,N,No,1963,48 Laurel Parkway,4017,QLD,Australia,5
2551,Gabrila,Gobbett,Female,1987-10-10,186,VP Quality Control,n/a,Mass Customer,N,No,1964,48 Lighthouse Bay Point,2430,NSW,Australia,7
1617,Jannelle,Ort,Female,1978-07-06,45,Compensation Analyst,Financial Services,Affluent Customer,N,No,1965,48 Melby Trail,2131,NSW,Australia,8
3379,Elysee,Spurr,Female,1999-04-30,75,Food Chemist,Health,Mass Customer,N,Yes,1966,48 Rockefeller Court,3786,VIC,Australia,8
1122,Gerladina,Carney,Female,1985-12-19,197,,n/a,Mass Customer,N,No,1967,48 Sheridan Road,3185,VIC,Australia,11
2235,Maxine,Cauldwell,Female,1979-10-02,154,Social Worker,Health,Affluent Customer,N,No,1968,48 Straubel Court,2400,NSW,Australia,1
665,Chan,Kirckman,Male,1997-04-19,90,Human Resources Assistant I,n/a,Mass Customer,N,No,1969,48 Warbler Road,4053,QLD,Australia,7
3145,Gar,Barnewille,Male,1978-06-17,116,Paralegal,Financial Services,High Net Worth,N,Yes,1970,48007 Lakewood Hill,3141,VIC,Australia,10
1850,Dare,Wasling,Male,1978-05-16,32,Biostatistician II,Manufacturing,High Net Worth,N,No,1971,48023 International Way,3630,VIC,Australia,1
1422,Georgy,Rickwood,Male,1972-03-13,107,Nuclear Power Engineer,Manufacturing,Affluent Customer,N,Yes,1972,4817 Fulton Junction,2761,NSW,Australia,8
1312,Magda,Baugh,Female,1994-07-16,75,Food Chemist,Health,Affluent Customer,N,No,1973,482 Bartelt Junction,4280,QLD,Australia,7
2561,Elga,McWard,Female,1963-09-06,197,,Manufacturing,High Net Worth,N,Yes,1974,4821 Schlimgen Avenue,2007,NSW,Australia,11
2699,Michal,Woltering,Male,1978-05-25,6,Account Representative IV,Manufacturing,Affluent Customer,N,Yes,1975,4826 Crowley Park,2779,NSW,Australia,7
3287,Marys,Vazquez,Female,1986-01-06,2,Account Executive,n/a,Affluent Customer,N,Yes,1976,48333 Waywood Road,2113,NSW,Australia,11
1522,Hubie,Thunnerclef,Male,1994-06-13,116,Paralegal,Financial Services,Mass Customer,N,No,1977,484 Lindbergh Street,2161,NSW,Australia,6
2843,Lorain,Danforth,Female,1968-04-20,133,Recruiter,Financial Services,Affluent Customer,N,Yes,1978,48418 Crescent Oaks Court,2770,NSW,Australia,9
47,Matthew,Jeaycock,Male,1992-10-22,135,Registered Nurse,Health,Affluent Customer,N,No,1979,4853 Gulseth Avenue,4503,QLD,Australia,5
1004,Colas,Pumfrett,Male,1975-07-09,39,Business Systems Development Analyst,IT,High Net Worth,N,No,1980,486 Atwood Pass,2065,NSW,Australia,12
1527,Gerek,Chape,Male,1997-10-15,40,Chemical Engineer,Manufacturing,Mass Customer,N,No,1981,486 Clyde Gallagher Road,2170,NSW,Australia,9
64,Gerek,Yve,Male,1978-03-25,98,Legal Assistant,IT,High Net Worth,N,No,1982,486 Mariners Cove Plaza,3046,VIC,Australia,7
1488,Donnamarie,Andrieu,Female,1986-09-30,23,Assistant Manager,n/a,Mass Customer,N,Yes,1983,4861 School Park,2290,NSW,Australia,3
1026,Vernon,Hakking,Male,1994-07-29,197,,Financial Services,Affluent Customer,N,No,1984,4870 Shelley Alley,3225,VIC,Australia,7
1021,Elvis,Rixon,Male,1977-10-02,102,Mechanical Systems Engineer,Retail,High Net Worth,N,No,1985,4885 Stone Corner Alley,3046,VIC,Australia,8
3561,Emelda,Allbones,Female,1968-11-16,88,Help Desk Operator,Financial Services,Mass Customer,N,Yes,1986,4888 Hoepker Plaza,2072,NSW,Australia,12
1664,Karlis,Alner,Male,1975-12-30,40,Chemical Engineer,Manufacturing,Affluent Customer,N,Yes,1987,4889 Tomscot Park,2093,NSW,Australia,11
2793,Mead,Corkell,Male,1971-06-16,141,Research Nurse,Health,Affluent Customer,N,Yes,1988,48948 Little Fleur Alley,3134,VIC,Australia,7
2448,Lorri,Iston,Female,1992-12-18,174,Structural Analysis Engineer,Property,High Net Worth,N,No,1989,4898 Buell Terrace,3043,VIC,Australia,7
849,Sylvan,Capper,Male,1969-09-15,99,Librarian,Entertainment,Mass Customer,N,No,1990,49 Buhler Plaza,2650,NSW,Australia,2
218,Stefa,Dunnan,Female,1993-08-06,20,Administrative Officer,Property,High Net Worth,N,Yes,1991,49 Emmet Junction,2015,NSW,Australia,11
1890,Carce,Gunthorp,Male,1972-10-08,22,Analyst Programmer,Financial Services,Mass Customer,N,No,1992,49 Fulton Park,3156,VIC,Australia,8
7,Fina,Merali,Female,1976-02-23,197,,Financial Services,Affluent Customer,N,Yes,1993,49 Londonderry Lane,2650,New South Wales,Australia,4
2536,Aigneis,Brignall,Female,1964-06-10,26,Associate Professor,Health,Mass Customer,N,Yes,1994,49 Sheridan Circle,2560,NSW,Australia,7
3245,Wainwright,Succamore,Male,1959-03-27,83,Graphic Designer,IT,High Net Worth,N,No,1995,49 Surrey Pass,2325,NSW,Australia,4
2465,Paloma,Nilles,Female,1984-06-12,150,Senior Editor,n/a,Mass Customer,N,Yes,1996,49 Talmadge Trail,2036,NSW,Australia,11
2791,Dew,Lavrinov,Male,1988-04-12,73,Financial Advisor,Financial Services,Mass Customer,N,No,1997,4903 Hoepker Terrace,3500,VIC,Australia,3
639,Mayor,Ismay,Male,1974-06-03,107,Nuclear Power Engineer,Manufacturing,Mass Customer,N,No,1998,491 Merry Crossing,3011,Victoria,Australia,4
1739,Burnaby,Stiffkins,Male,1954-10-06,155,Software Consultant,Entertainment,Mass Customer,N,No,1999,4912 Lukken Way,4570,QLD,Australia,3
1959,Arlen,Klossek,Male,1978-09-18,63,Director of Sales,Health,Mass Customer,N,Yes,2000,493 Buell Point,4500,QLD,Australia,8
2899,Leora,Sanderson,Female,1990-03-21,107,Nuclear Power Engineer,Manufacturing,High Net Worth,N,No,2001,493 Calypso Center,2170,NSW,Australia,8
1009,Nolie,Orring,Female,1957-05-09,140,Research Associate,Manufacturing,High Net Worth,N,Yes,2002,495 Elmside Drive,2179,NSW,Australia,8
514,Trent,,Male,1996-06-20,26,Associate Professor,Financial Services,Mass Customer,N,Yes,2003,49503 Sachtjen Circle,4208,QLD,Australia,8
2176,Josie,Gallemore,Female,1962-11-09,8,Accountant II,Property,High Net Worth,N,Yes,2004,49530 Evergreen Lane,3163,VIC,Australia,10
2318,Willa,Malyan,Female,1988-03-01,27,Automation Specialist I,Manufacturing,Mass Customer,N,Yes,2005,496 Summit Road,2120,NSW,Australia,10
3647,Carlyle,Frape,Male,1971-11-07,101,Marketing Manager,n/a,Affluent Customer,N,No,2006,4962 Wayridge Road,2220,NSW,Australia,12
3754,Emmy,MacGibbon,Female,1961-02-16,197,,Telecommunications,Mass Customer,N,No,2007,498 Golf Parkway,2144,NSW,Australia,10
1630,Sonni,Lindstedt,Female,1984-09-16,121,Professor,Manufacturing,Mass Customer,N,No,2008,49932 Messerschmidt Point,2138,NSW,Australia,11
3161,Cindie,Naldrett,Female,1977-02-16,197,,Financial Services,Mass Customer,N,Yes,2009,49956 Hovde Crossing,2745,NSW,Australia,9
2325,Emmett,Whatsize,Male,1964-01-06,55,Database Administrator IV,Retail,High Net Worth,N,Yes,2010,5 1st Park,2285,NSW,Australia,6
1603,Osgood,Emerine,Male,1988-11-20,132,Quality Engineer,Manufacturing,Affluent Customer,N,Yes,2011,5 Algoma Point,3809,VIC,Australia,5
3421,Ronalda,McGeechan,Female,1962-12-17,47,Computer Systems Analyst II,Health,Affluent Customer,N,Yes,2012,5 Anhalt Court,3122,VIC,Australia,7
3757,Hyacinthia,Crain,Female,1999-09-12,95,Information Systems Manager,n/a,Affluent Customer,N,No,2013,5 Atwood Crossing,2321,NSW,Australia,3
1445,Bettine,Yoselevitch,Female,1973-03-29,189,Web Designer II,IT,Affluent Customer,N,No,2014,5 Carioca Pass,2594,NSW,Australia,3
2363,Bobby,Farmiloe,Male,1983-12-30,108,Nurse,Entertainment,Mass Customer,N,Yes,2015,5 Columbus Crossing,3040,VIC,Australia,10
3272,Bar,Frankcom,Male,1993-06-04,117,Payment Adjustment Coordinator,n/a,Affluent Customer,N,No,2016,5 Coolidge Avenue,4750,QLD,Australia,2
158,Hamlin,Odams,Male,1984-09-03,96,Internal Auditor,n/a,Affluent Customer,N,No,2017,5 Corry Court,2119,NSW,Australia,10
747,Eula,Bruni,Female,1978-04-24,53,Database Administrator II,n/a,Mass Customer,N,No,2018,5 Dahle Trail,2117,NSW,Australia,10
2270,Augustus,Edleston,Male,1966-09-28,95,Information Systems Manager,Retail,Affluent Customer,N,No,2019,5 Derek Pass,2090,NSW,Australia,10
2169,Jarrad,Atwell,Male,1979-02-28,151,Senior Financial Analyst,Financial Services,Mass Customer,N,No,2020,5 Dixon Junction,2340,NSW,Australia,2
1586,Madelena,Risson,Female,1985-12-27,119,Physical Therapy Assistant,Manufacturing,High Net Worth,N,No,2021,5 Elgar Place,4132,QLD,Australia,5
2139,Carolina,Brands,Female,1982-02-06,8,Accountant II,IT,Affluent Customer,N,Yes,2022,5 Fairfield Parkway,2557,NSW,Australia,8
544,Giacomo,Johanning,Male,1990-10-12,175,Structural Engineer,Manufacturing,High Net Worth,N,Yes,2023,5 Farmco Junction,4127,QLD,Australia,7
907,Eamon,McWhin,Male,1978-12-25,146,Sales Associate,Property,High Net Worth,N,Yes,2024,5 Farmco Way,2747,NSW,Australia,8
1723,Atalanta,Stoeck,Female,1986-10-24,81,Geologist IV,n/a,Mass Customer,N,Yes,2025,5 Fisk Way,2230,NSW,Australia,12
393,Cesaro,Isbell,Male,1955-02-08,26,Associate Professor,Manufacturing,Mass Customer,N,Yes,2026,5 Florence Hill,4124,QLD,Australia,7
2891,Renae,Ughetti,Female,1987-02-22,107,Nuclear Power Engineer,Manufacturing,High Net Worth,N,Yes,2027,5 Forster Center,2075,NSW,Australia,9
937,Nikolos,McKyrrelly,Male,1985-11-15,93,Human Resources Assistant IV,Manufacturing,Affluent Customer,N,No,2028,5 Gale Street,4507,QLD,Australia,8
2845,Benni,Ilem,Female,1974-06-16,167,Staff Accountant III,n/a,Mass Customer,N,No,2029,5 Golf Course Street,2300,NSW,Australia,8
84,Rich,Mathiasen,Male,1958-02-07,9,Accountant III,n/a,Mass Customer,N,Yes,2030,5 Grim Center,2069,New South Wales,Australia,12
868,Effie,Duddy,Female,1979-07-18,183,VP Accounting,Financial Services,Mass Customer,N,Yes,2031,5 Hauk Lane,2650,NSW,Australia,3
881,Carmella,O' Lone,Female,1980-05-07,95,Information Systems Manager,n/a,High Net Worth,N,No,2032,5 Hauk Way,4870,QLD,Australia,8
961,Rosamund,Shelton,Female,1986-08-10,23,Assistant Manager,Financial Services,Mass Customer,N,No,2033,5 Hintze Hill,2641,NSW,Australia,1
1748,Skell,Oxenden,Male,1956-06-07,133,Recruiter,Manufacturing,Mass Customer,N,Yes,2034,5 Huxley Point,2154,NSW,Australia,10
3221,Brigid,Quigley,Female,1959-09-25,96,Internal Auditor,Property,High Net Worth,N,Yes,2035,5 Iowa Road,2154,NSW,Australia,11
1040,Jacenta,Wedlock,Female,1975-03-04,75,Food Chemist,Health,High Net Worth,N,No,2036,5 Jana Drive,4570,QLD,Australia,1
1957,Gary,Eager,Male,1977-09-19,10,Accountant IV,Property,Affluent Customer,N,No,2037,5 Kenwood Road,2075,NSW,Australia,11
2959,Max,Gonthier,Female,1953-11-23,135,Registered Nurse,Health,Mass Customer,N,Yes,2038,5 Knutson Crossing,2114,NSW,Australia,10
2743,Carr,Muckley,Male,1979-05-25,154,Social Worker,Health,High Net Worth,N,Yes,2039,5 Lakewood Gardens Court,2118,NSW,Australia,9
3299,Sybille,Ballsdon,Female,1980-04-10,177,Systems Administrator II,Manufacturing,Affluent Customer,N,Yes,2040,5 Larry Terrace,3130,VIC,Australia,10
2007,Gail,Scarrisbrick,Male,1970-04-13,126,Programmer I,Manufacturing,Mass Customer,N,Yes,2041,5 Loftsgordon Avenue,2068,NSW,Australia,12
3084,Birgit,Dowers,Female,1959-07-16,169,Staff Scientist,Financial Services,Affluent Customer,N,Yes,2042,5 Lotheville Parkway,2760,NSW,Australia,8
673,Artie,Ommanney,Male,1975-06-27,187,VP Sales,Health,Mass Customer,N,Yes,2043,5 Lyons Alley,2216,NSW,Australia,10
1564,Sascha,Tander,Female,1964-02-27,80,Geologist III,Retail,Mass Customer,N,No,2044,5 Manley Avenue,2122,NSW,Australia,11
688,Baron,Bullus,Male,1969-02-15,97,Junior Executive,Health,High Net Worth,N,No,2045,5 Maple Parkway,2160,NSW,Australia,9
1636,Karly,Ackenhead,Female,1980-05-12,40,Chemical Engineer,Manufacturing,High Net Worth,N,Yes,2046,5 Moland Court,4551,QLD,Australia,6
106,Glyn,,Male,1966-07-03,162,Software Test Engineer III,Health,High Net Worth,N,Yes,2047,5 Moose Road,3977,VIC,Australia,8
2166,Mareah,Woodnutt,Female,1984-11-09,108,Nurse,Property,Mass Customer,N,No,2048,5 Muir Circle,2030,NSW,Australia,12
2401,Drake,Riguard,Male,1977-07-31,169,Staff Scientist,n/a,Mass Customer,N,Yes,2049,5 Myrtle Trail,2285,NSW,Australia,5
3402,Krystyna,Scadden,Female,1985-05-04,171,Statistician II,Retail,Mass Customer,N,No,2050,5 Northland Plaza,2096,NSW,Australia,9
1966,Moshe,Nicholl,Male,1993-10-31,197,,Financial Services,High Net Worth,N,No,2051,5 Onsgard Plaza,3134,VIC,Australia,10
1910,Yovonnda,Warrior,Female,1959-07-13,176,Systems Administrator I,Property,High Net Worth,N,Yes,2052,5 Porter Road,4014,QLD,Australia,6
118,Prentice,Pearmain,Male,1959-11-12,38,Budget/Accounting Analyst IV,n/a,High Net Worth,N,No,2053,5 Prairie Rose Road,4817,QLD,Australia,2
932,Yoko,Dowrey,Female,1989-07-20,83,Graphic Designer,n/a,Mass Customer,N,No,2054,5 Reindahl Point,3400,VIC,Australia,2
3899,Rex,Gittings,Male,1955-12-28,140,Research Associate,Health,Affluent Customer,N,Yes,2055,5 Rutledge Center,4311,QLD,Australia,3
3353,Marina,Scorrer,Female,1994-04-21,161,Software Test Engineer II,n/a,Mass Customer,N,Yes,2056,5 Sachs Terrace,4207,QLD,Australia,4
318,Libbie,Castelin,Female,1969-05-19,128,Programmer III,Retail,Affluent Customer,N,Yes,2057,5 Schurz Place,4350,QLD,Australia,6
2990,Brice,Martinuzzi,Male,1978-03-16,82,GIS Technical Architect,Argiculture,High Net Worth,N,No,2058,5 Shelley Pass,2763,NSW,Australia,8
1012,Anna-diane,Preddle,Female,1955-05-20,162,Software Test Engineer III,n/a,High Net Worth,N,Yes,2059,5 Sheridan Circle,3934,VIC,Australia,11
1712,Chad,,Female,1976-10-12,56,Dental Hygienist,Health,High Net Worth,N,Yes,2060,5 Spohn Alley,2121,NSW,Australia,11
1342,Barnett,Morville,Male,1962-04-11,197,,Retail,Affluent Customer,N,Yes,2061,5 Springview Terrace,3620,VIC,Australia,4
2412,Tiffi,Havercroft,Female,1981-05-26,40,Chemical Engineer,Manufacturing,Affluent Customer,N,No,2062,5 Steensland Hill,2768,NSW,Australia,10
3254,Lissy,Paliser,Female,2001-05-22,90,Human Resources Assistant I,Financial Services,Mass Customer,N,No,2063,5 Stone Corner Parkway,2093,NSW,Australia,9
2338,Clarie,Hackworth,Female,1986-11-28,125,Programmer Analyst IV,Manufacturing,Mass Customer,N,No,2064,5 Stoughton Parkway,2099,NSW,Australia,9
2514,Vincenty,Sayer,Male,1975-08-11,151,Senior Financial Analyst,Financial Services,High Net Worth,N,Yes,2065,5 Warbler Avenue,3071,VIC,Australia,10
913,Dayle,Spearman,Female,2000-10-28,197,,Financial Services,Mass Customer,N,No,2066,50 2nd Center,3188,VIC,Australia,9
3027,Augy,Rudall,Male,1977-10-30,141,Research Nurse,Health,Mass Customer,N,Yes,2067,50 7th Circle,4305,QLD,Australia,1
1383,Coriss,Casarino,Female,1957-10-29,155,Software Consultant,IT,Affluent Customer,N,No,2068,50 Claremont Junction,3818,VIC,Australia,6
1614,Currie,Gimber,Male,1984-08-12,197,,n/a,High Net Worth,N,No,2069,50 Dahle Crossing,3199,VIC,Australia,9
3293,Peg,Woodstock,Female,1986-01-22,30,Automation Specialist IV,n/a,High Net Worth,N,No,2070,50 Declaration Junction,3213,VIC,Australia,6
259,Venita,Dymick,Female,1983-07-22,149,Senior Developer,Health,High Net Worth,N,Yes,2071,50 Everett Way,2064,NSW,Australia,9
2584,Sharia,,Female,1980-07-07,182,Technical Writer,Financial Services,High Net Worth,N,No,2072,50 Londonderry Park,2034,NSW,Australia,10
180,Trisha,Neasham,Female,1971-09-17,190,Web Designer III,Argiculture,Affluent Customer,N,No,2073,50 Meadow Ridge Way,2880,NSW,Australia,1
1989,Emalee,Guitel,Female,1973-07-21,83,Graphic Designer,Property,High Net Worth,N,Yes,2074,500 Victoria Plaza,2147,NSW,Australia,9
2230,Gertruda,Shrimpling,Female,1977-12-22,197,,n/a,Mass Customer,N,No,2075,501 Reindahl Alley,2069,NSW,Australia,12
2288,Cirillo,Hook,Male,1964-05-04,169,Staff Scientist,Manufacturing,High Net Worth,N,No,2076,5015 Pawling Park,2525,NSW,Australia,9
3143,Corabelle,Streatfeild,Female,1996-10-24,41,Chief Design Engineer,Manufacturing,Mass Customer,N,No,2077,502 John Wall Pass,3199,VIC,Australia,7
2268,Wilhelmina,Gothup,Female,1965-10-07,118,Pharmacist,Health,Mass Customer,N,No,2078,503 Clove Crossing,4306,QLD,Australia,4
81,Bee,Blazewicz,Female,1986-09-04,197,,Health,High Net Worth,N,No,2079,5037 Merchant Crossing,2226,New South Wales,Australia,11
1914,Clyve,Sandwick,Male,1968-06-21,185,VP Product Management,Financial Services,Mass Customer,N,No,2080,504 Mesta Lane,2261,NSW,Australia,8
2834,Timmie,Ubanks,Male,1980-05-04,197,,Retail,Affluent Customer,N,No,2081,50469 Shelley Avenue,4350,QLD,Australia,8
3573,Mab,Dwyer,Female,1996-10-16,11,Accounting Assistant I,Manufacturing,Mass Customer,N,Yes,2082,505 Village Pass,4007,QLD,Australia,4
3220,Hunt,Linn,Male,1972-07-26,139,Research Assistant IV,Manufacturing,Affluent Customer,N,No,2083,50506 Buhler Terrace,3083,VIC,Australia,8
2043,Veronike,Clampett,Female,1977-09-05,155,Software Consultant,n/a,Mass Customer,N,No,2084,50532 Hoard Center,4209,QLD,Australia,7
598,Zebulen,Swadon,Male,1967-06-27,73,Financial Advisor,Financial Services,High Net Worth,N,No,2085,506 Iowa Center,4580,QLD,Australia,3
3714,Lemuel,Gerram,Male,1962-03-30,187,VP Sales,Manufacturing,Mass Customer,N,No,2086,506 Tennyson Avenue,4118,QLD,Australia,9
2938,Richardo,Cocher,Male,2000-02-21,23,Assistant Manager,Argiculture,Affluent Customer,N,No,2087,5060 Donald Park,2539,NSW,Australia,5
3250,Hussein,Ticic,Male,1992-04-16,197,,Argiculture,High Net Worth,N,Yes,2088,50602 Katie Lane,4701,QLD,Australia,6
1336,Moise,Inde,Male,1989-03-13,119,Physical Therapy Assistant,n/a,Mass Customer,N,Yes,2089,5061 Cottonwood Trail,3765,VIC,Australia,7
1338,Giuseppe,Tezure,Male,1980-11-24,120,Product Engineer,n/a,High Net Worth,N,No,2090,5063 Shopko Pass,2582,NSW,Australia,8
1802,Lizzie,Duke,Female,1973-04-11,107,Nuclear Power Engineer,Manufacturing,Mass Customer,N,No,2091,507 Onsgard Place,4701,QLD,Australia,1
3954,Archaimbaud,McAteer,Male,2000-02-03,92,Human Resources Assistant III,Financial Services,High Net Worth,N,No,2092,50774 Dennis Park,3631,VIC,Australia,3
768,Alexia,Wolford,Female,1974-01-14,195,Web Developer IV,Argiculture,Affluent Customer,N,Yes,2093,50851 Vahlen Avenue,2567,NSW,Australia,7
2283,Gaspar,Janaway,Male,1954-02-08,155,Software Consultant,n/a,High Net Worth,N,No,2094,5086 Meadow Ridge Circle,3350,VIC,Australia,7
418,Jere,Ding,Female,1958-12-22,197,,n/a,Mass Customer,N,No,2095,509 Fisk Hill,2031,NSW,Australia,11
1853,Agathe,Dimmick,Female,1987-06-20,133,Recruiter,n/a,Mass Customer,N,Yes,2096,509 Ridgeway Junction,3166,VIC,Australia,10
2926,Jonie,Bickerstasse,Female,1963-03-20,141,Research Nurse,Health,High Net Worth,N,No,2097,51 Bay Junction,2081,NSW,Australia,10
217,Jeralee,Quartly,Female,1979-12-09,197,,Manufacturing,High Net Worth,N,No,2098,51 Crescent Oaks Parkway,2761,NSW,Australia,8
2681,Liza,LeEstut,Female,1974-09-15,124,Programmer Analyst III,Manufacturing,Affluent Customer,N,Yes,2099,51 Dixon Court,2570,NSW,Australia,8
1698,Christabella,Eldredge,Female,1971-08-24,197,,Health,Affluent Customer,N,Yes,2100,51 Hollow Ridge Terrace,2768,NSW,Australia,9
2374,Dolf,Baudichon,Male,1993-06-15,57,Design Engineer,Financial Services,Mass Customer,N,No,2101,51 Leroy Place,2065,NSW,Australia,10
710,Benton,Oakly,Male,1970-03-01,147,Sales Representative,Retail,High Net Worth,N,Yes,2102,51 Londonderry Trail,2153,NSW,Australia,10
3974,Misha,Ranklin,Female,1961-02-11,182,Technical Writer,n/a,Affluent Customer,N,Yes,2103,5106 Northridge Drive,2560,NSW,Australia,7
2775,Dael,Glentz,Female,1966-12-02,2,Account Executive,Manufacturing,Mass Customer,N,Yes,2104,5108 Springview Circle,2128,NSW,Australia,7
838,Hayden,Heersema,Male,1971-02-03,73,Financial Advisor,Financial Services,High Net Worth,N,No,2105,511 Gulseth Plaza,3028,VIC,Australia,6
1143,Goraud,Boissieux,Male,1955-03-06,114,Office Assistant IV,Health,Mass Customer,N,Yes,2106,51152 Brickson Park Crossing,2768,NSW,Australia,9
3700,Lazar,Restall,Male,1971-09-06,26,Associate Professor,Entertainment,Mass Customer,N,No,2107,51158 Mitchell Place,3747,VIC,Australia,3
480,Darelle,Ive,U,,135,Registered Nurse,Health,Mass Customer,N,Yes,2108,51188 Annamark Hill,2037,NSW,Australia,9
2724,Gerome,Dutteridge,Male,1994-01-10,102,Mechanical Systems Engineer,Financial Services,Mass Customer,N,No,2109,512 Forest Run Center,3188,VIC,Australia,11
3383,Dane,Swansbury,Male,1982-04-05,74,Financial Analyst,Financial Services,Affluent Customer,N,Yes,2110,513 Hauk Street,2261,NSW,Australia,9
252,Anthea,Ruskin,Female,1983-01-24,1,Account Coordinator,Property,Mass Customer,N,Yes,2111,5130 Manley Court,2287,NSW,Australia,7
3837,Alysa,McDiarmid,Female,1990-01-17,121,Professor,n/a,Mass Customer,N,Yes,2112,5131 Northview Hill,3177,VIC,Australia,3
2611,Aeriel,Lejeune,Female,1991-02-18,180,Tax Accountant,Financial Services,Affluent Customer,N,No,2113,51313 Fulton Junction,2580,NSW,Australia,7
3706,Darby,Jellett,Male,1966-04-03,25,Assistant Professor,Argiculture,Affluent Customer,N,Yes,2114,5147 Kensington Pass,2204,NSW,Australia,9
1109,Nestor,Billingsley,Male,1989-09-01,193,Web Developer II,Entertainment,High Net Worth,N,No,2115,515 3rd Road,2037,NSW,Australia,12
1305,Averil,Gentiry,Male,1970-03-01,72,Executive Secretary,Financial Services,High Net Worth,N,Yes,2116,515 Bunting Point,4115,QLD,Australia,8
3722,Merilee,Hammerson,Female,1975-11-07,197,,Retail,Mass Customer,N,No,2117,515 Fallview Way,2484,NSW,Australia,8
1642,Nollie,Matteoli,Male,1982-10-11,177,Systems Administrator II,Manufacturing,Affluent Customer,N,Yes,2118,515 Monterey Terrace,2107,NSW,Australia,12
2812,Molli,Hagergham,Female,2001-04-01,38,Budget/Accounting Analyst IV,n/a,High Net Worth,N,Yes,2119,515 Warrior Pass,4226,QLD,Australia,9
1215,Dyann,Turbard,Female,1967-02-26,186,VP Quality Control,Manufacturing,Mass Customer,N,No,2120,51529 Cascade Place,3550,VIC,Australia,4
2003,Lilli,Hargey,Female,1962-06-21,172,Statistician III,Manufacturing,High Net Worth,N,Yes,2121,5157 Maple Wood Circle,2537,NSW,Australia,8
1261,Candice,Lohde,Female,1971-02-16,98,Legal Assistant,Manufacturing,Mass Customer,N,No,2122,51673 Heffernan Park,4655,QLD,Australia,3
2037,Irwin,Ryall,Male,1989-01-04,184,VP Marketing,IT,Mass Customer,N,No,2123,51739 Sundown Hill,2009,NSW,Australia,9
3515,Leelah,Pynner,Female,1975-01-14,169,Staff Scientist,Telecommunications,High Net Worth,N,Yes,2124,51757 Weeping Birch Center,2470,NSW,Australia,5
1984,Hewett,Alessandretti,Male,1999-06-01,95,Information Systems Manager,Health,Mass Customer,N,Yes,2125,5176 Division Hill,3216,VIC,Australia,5
1918,Devin,Sandeson,U,,166,Staff Accountant II,IT,Affluent Customer,N,No,2126,51763 Carey Place,3056,VIC,Australia,7
2633,Shayla,Colnett,Female,1969-01-18,197,,Property,Mass Customer,N,Yes,2127,518 Colorado Trail,2100,NSW,Australia,10
3302,Faulkner,McKiernan,Male,1956-10-30,45,Compensation Analyst,Financial Services,Affluent Customer,N,No,2128,518 Donald Street,2170,NSW,Australia,9
2477,Barney,Tilling,Male,1977-03-23,65,Electrical Engineer,Manufacturing,Affluent Customer,N,Yes,2129,51800 Meadow Vale Point,3023,VIC,Australia,7
864,Regen,Nares,Male,1970-03-06,197,,Retail,High Net Worth,N,Yes,2130,519 Maywood Pass,2768,NSW,Australia,10
2047,Kirsten,Slegg,Female,1975-04-13,116,Paralegal,Financial Services,Affluent Customer,N,Yes,2131,51960 Gulseth Point,2009,NSW,Australia,12
22,Deeanne,Durtnell,Female,1962-12-10,197,,IT,Mass Customer,N,No,2132,52 Carey Alley,4740,QLD,Australia,5
311,Jaimie,Halms,Female,1957-08-16,96,Internal Auditor,Health,High Net Worth,N,No,2133,52 Corben Place,3197,VIC,Australia,10
3737,Elyssa,De Witt,Female,1981-03-21,57,Design Engineer,Manufacturing,Affluent Customer,N,No,2134,52 Helena Lane,2192,NSW,Australia,10
14,Rayshell,Kitteman,Female,1983-03-25,2,Account Executive,Financial Services,Affluent Customer,N,No,2135,52 Moland Street,3331,VIC,Australia,4
2849,Palm,Bartoszek,Male,1994-03-27,197,,n/a,High Net Worth,N,Yes,2136,52 Ruskin Pass,2089,NSW,Australia,10
3081,Dodi,Volker,Female,1971-07-25,102,Mechanical Systems Engineer,n/a,High Net Worth,N,Yes,2137,52 Steensland Place,3910,VIC,Australia,8
1519,Marwin,Jeyness,Male,2001-11-30,19,Administrative Assistant IV,Telecommunications,High Net Worth,N,Yes,2138,520 Mesta Alley,2200,NSW,Australia,8
3022,Gert,Kurtis,Female,1988-08-23,197,,n/a,High Net Worth,N,No,2139,520 Parkside Lane,2164,NSW,Australia,9
703,Ethelda,,Female,1966-10-31,197,,Property,Mass Customer,N,No,2140,520 Stephen Pass,3011,Victoria,Australia,9
3986,Oralle,Petrello,Female,1976-12-01,154,Social Worker,Health,Mass Customer,N,No,2141,5204 Delaware Pass,2560,NSW,Australia,8
171,Halli,Davidoff,Female,1970-12-04,23,Assistant Manager,Manufacturing,Mass Customer,N,No,2142,52273 Bay Place,3145,VIC,Australia,11
2670,Cam,MacFadyen,Male,1977-05-13,183,VP Accounting,Financial Services,High Net Worth,N,Yes,2143,52408 Autumn Leaf Road,3030,VIC,Australia,7
1856,Toni,Harbidge,Female,1969-07-20,26,Associate Professor,Retail,Mass Customer,N,No,2144,52425 Prairie Rose Road,4500,QLD,Australia,6
1175,Paige,Hodgin,Male,1985-09-22,94,Human Resources Manager,n/a,Mass Customer,N,No,2145,525 Kedzie Street,4012,QLD,Australia,8
3906,Bronny,Claige,Male,1982-01-29,50,Cost Accountant,Financial Services,High Net Worth,N,No,2146,5251 Merrick Court,3103,VIC,Australia,8
2685,Demetria,Shoobridge,Female,1978-08-06,197,,n/a,Mass Customer,N,No,2147,52541 Lakewood Gardens Court,3922,VIC,Australia,2
2351,Felicity,Beirne,Female,1992-03-15,25,Assistant Professor,Retail,Affluent Customer,N,Yes,2148,52593 Iowa Place,2529,NSW,Australia,8
3690,Sheela,Nutton,Female,1957-05-11,40,Chemical Engineer,Manufacturing,Mass Customer,N,No,2149,526 Kipling Drive,3193,VIC,Australia,11
2780,Papageno,Beare,Male,1985-11-16,15,Actuary,Financial Services,Affluent Customer,N,Yes,2150,526 Schiller Road,4157,QLD,Australia,7
1047,Standford,Tanswill,Male,1978-09-03,183,VP Accounting,Financial Services,Affluent Customer,N,No,2151,5271 Vernon Court,3207,VIC,Australia,10
905,Dorian,Drinkel,Female,1978-02-11,143,Safety Technician II,Manufacturing,Affluent Customer,N,No,2152,52726 High Crossing Junction,3802,VIC,Australia,7
790,Yvonne,,Female,1968-03-24,150,Senior Editor,n/a,Affluent Customer,N,No,2153,52737 Morningstar Crossing,2250,NSW,Australia,3
1646,Emmye,Flacke,Female,1994-06-20,151,Senior Financial Analyst,Financial Services,Mass Customer,N,Yes,2154,5274 Lindbergh Alley,4217,QLD,Australia,1
2637,Marcile,Christley,Female,1972-07-30,88,Help Desk Operator,Retail,Mass Customer,N,Yes,2155,52753 Logan Hill,2031,NSW,Australia,12
444,Britteny,Falconer-Taylor,Female,1967-02-24,169,Staff Scientist,Manufacturing,Mass Customer,N,Yes,2156,528 Buell Crossing,2748,NSW,Australia,10
3520,Travis,Kaszper,Male,1963-08-17,141,Research Nurse,Health,Mass Customer,N,Yes,2157,528 Golf View Plaza,2471,NSW,Australia,2
205,Rolfe,Kellard,Male,1958-12-01,17,Administrative Assistant II,Financial Services,Mass Customer,N,Yes,2158,528 Mandrake Crossing,2222,NSW,Australia,11
1023,Iseabal,Fullbrook,Female,1991-07-23,197,,Financial Services,Affluent Customer,N,Yes,2159,5287 Wayridge Alley,2069,NSW,Australia,12
3045,Renato,Mungham,Male,1996-10-02,50,Cost Accountant,Financial Services,Affluent Customer,N,Yes,2160,529 Monterey Street,3338,VIC,Australia,3
1855,Foss,Yanele,Male,1971-07-08,99,Librarian,Entertainment,Mass Customer,N,Yes,2161,5290 Lunder Park,2287,NSW,Australia,7
1349,Curran,Gush,Male,1997-05-07,65,Electrical Engineer,Manufacturing,Affluent Customer,N,No,2162,5298 Nevada Circle,3500,VIC,Australia,1
2505,Myrah,McCarry,Female,1980-08-25,184,VP Marketing,Financial Services,High Net Worth,N,No,2163,53 Anthes Point,4341,QLD,Australia,2
1942,Abe,Townby,Male,1987-01-08,123,Programmer Analyst II,Financial Services,High Net Worth,N,No,2164,53 Dakota Court,2027,NSW,Australia,9
3077,Emelen,Gillopp,Male,2000-08-11,95,Information Systems Manager,Manufacturing,Affluent Customer,N,No,2165,53 Dunning Lane,3024,VIC,Australia,6
2934,Candida,Hickenbottom,Female,1986-04-08,105,Media Manager III,Telecommunications,Mass Customer,N,Yes,2166,53 Hintze Circle,4005,QLD,Australia,7
1931,Boris,Syres,Male,1973-11-06,149,Senior Developer,Health,Affluent Customer,N,No,2167,53 Muir Terrace,2170,NSW,Australia,8
1437,Gearalt,Challis,Male,1974-09-12,65,Electrical Engineer,Manufacturing,Affluent Customer,N,No,2168,53 Steensland Parkway,2773,NSW,Australia,10
117,Nance,Suttling,Female,1982-02-23,101,Marketing Manager,Manufacturing,Mass Customer,N,No,2169,53 Talisman Trail,2097,New South Wales,Australia,9
3797,Kriste,Oldall,Female,1979-08-18,110,Occupational Therapist,Health,Affluent Customer,N,Yes,2170,53 Texas Road,2262,NSW,Australia,7
3583,Josselyn,Mathey,Female,1965-05-27,25,Assistant Professor,Retail,Affluent Customer,N,No,2171,53 Union Terrace,2763,NSW,Australia,8
3765,Bobbe,Lomaz,Female,1963-06-01,30,Automation Specialist IV,Property,Mass Customer,N,No,2172,5304 Oneill Pass,2117,NSW,Australia,10
2295,Farris,Hazelby,U,,96,Internal Auditor,IT,Mass Customer,N,Yes,2173,531 Springview Lane,3101,VIC,Australia,10
3137,Cathlene,,Female,1993-03-13,190,Web Designer III,n/a,Mass Customer,N,No,2174,5310 Mosinee Crossing,4151,QLD,Australia,9
1697,Eddi,Mansbridge,Female,1969-03-29,110,Occupational Therapist,Health,Mass Customer,N,Yes,2175,53141 Merrick Street,2064,NSW,Australia,12
549,Abrahan,Luckman,Male,1985-06-15,94,Human Resources Manager,Retail,Mass Customer,N,Yes,2176,532 Bartillon Circle,2166,NSW,Australia,7
437,Sayres,Duthie,Male,1976-08-14,178,Systems Administrator III,Manufacturing,Affluent Customer,N,Yes,2177,532 Emmet Way,2260,NSW,Australia,8
2182,Symon,Minchin,Male,1967-04-23,24,Assistant Media Planner,Entertainment,High Net Worth,N,Yes,2178,53221 Namekagon Parkway,2557,NSW,Australia,9
3151,Thorn,Choffin,U,,149,Senior Developer,IT,Affluent Customer,N,Yes,2179,5323 Chive Avenue,2486,NSW,Australia,7
2799,Ilysa,Palle,Female,1973-11-04,185,VP Product Management,n/a,Mass Customer,N,Yes,2180,53245 Mesta Street,3207,VIC,Australia,6
2339,Damien,Haddeston,Male,1958-12-28,189,Web Designer II,Property,Affluent Customer,N,Yes,2181,533 Ramsey Center,4507,QLD,Australia,5
1612,Wendel,Headland,Male,1987-04-17,44,Community Outreach Specialist,Financial Services,High Net Worth,N,Yes,2182,5333 Aberg Lane,4877,QLD,Australia,4
2020,Portia,Proudlock,Female,1971-05-06,34,Biostatistician IV,Property,Affluent Customer,N,Yes,2183,53358 David Circle,4306,QLD,Australia,3
354,Mavra,Donavan,Female,1980-11-26,98,Legal Assistant,Property,Mass Customer,N,No,2184,5337 Dennis Pass,2170,NSW,Australia,9
3637,Luigi,Edgeworth,Male,1958-01-01,197,,Manufacturing,Affluent Customer,N,Yes,2185,5339 Paget Plaza,2190,NSW,Australia,10
3730,Joann,Clemson,Female,1960-02-18,97,Junior Executive,Manufacturing,Affluent Customer,N,No,2186,534 Arrowood Trail,4212,QLD,Australia,8
2587,Maren,Dachs,Female,1979-03-30,51,Data Coordiator,n/a,Affluent Customer,N,No,2187,5342 Hallows Lane,2021,NSW,Australia,12
2677,Zollie,Exell,Male,1954-10-08,197,,Financial Services,Mass Customer,N,No,2188,53485 Sycamore Junction,3192,VIC,Australia,8
3568,Berthe,Griniov,Female,1955-09-15,108,Nurse,Retail,Affluent Customer,N,No,2189,53504 Dakota Terrace,2570,NSW,Australia,8
3781,Karalee,Hosten,Female,1961-10-16,83,Graphic Designer,Retail,Mass Customer,N,Yes,2190,53533 Dakota Pass,2077,NSW,Australia,10
3424,Vale,Whittuck,Female,1977-02-28,29,Automation Specialist III,Manufacturing,Affluent Customer,N,Yes,2191,5356 Ruskin Place,2850,NSW,Australia,3
995,Urbano,Mews,Male,1965-11-12,95,Information Systems Manager,Health,Mass Customer,N,Yes,2192,5357 Mcguire Plaza,3073,VIC,Australia,9
397,Nerissa,Foote,Female,1981-09-02,116,Paralegal,Financial Services,Affluent Customer,N,Yes,2193,5359 Alpine Hill,2579,NSW,Australia,5
2617,Vanda,Donnellan,Female,1959-10-20,197,,Health,High Net Worth,N,No,2194,536 Crowley Crossing,2167,NSW,Australia,7
1434,Craig,Guswell,Male,1973-08-14,170,Statistician I,Property,High Net Worth,N,No,2195,53649 Mandrake Place,2749,NSW,Australia,8
2882,Claudia,Doog,Female,1986-04-26,41,Chief Design Engineer,Manufacturing,Mass Customer,N,No,2196,53683 Arapahoe Parkway,2121,NSW,Australia,11
3066,Renell,Bellocht,Female,1995-01-14,116,Paralegal,Financial Services,Affluent Customer,N,Yes,2197,537 Amoth Center,2220,NSW,Australia,9
697,Weston,Brokenshaw,Male,1986-11-29,70,Environmental Specialist,Entertainment,Mass Customer,N,No,2198,537 Packers Street,4562,QLD,Australia,5
2528,Cassie,Toffaloni,Male,1978-09-23,150,Senior Editor,Financial Services,Affluent Customer,N,No,2199,53723 Dunning Street,2153,NSW,Australia,11
1183,Joe,Shalliker,Male,1958-11-14,104,Media Manager II,n/a,Affluent Customer,N,No,2200,53740 Vera Parkway,3644,VIC,Australia,1
2375,Alika,Milbourne,Female,1987-03-17,147,Sales Representative,Retail,Affluent Customer,N,No,2201,5390 Park Meadow Park,2222,NSW,Australia,10
1771,Zarah,Santello,Female,1974-11-01,77,Geological Engineer,Manufacturing,Mass Customer,N,Yes,2202,5394 Dryden Terrace,3149,VIC,Australia,11
2300,Cary,Cockerham,Male,1998-09-26,197,,Financial Services,Mass Customer,N,Yes,2203,54 Annamark Place,2565,NSW,Australia,8
3266,Lambert,Edser,Male,1995-05-21,5,Account Representative III,n/a,Mass Customer,N,Yes,2204,54 Bonner Drive,3068,VIC,Australia,10
1670,Gisella,Ravens,Female,1978-08-12,189,Web Designer II,Retail,Mass Customer,N,No,2205,54 Bowman Park,2031,NSW,Australia,10
2824,Lombard,Essame,Male,1995-06-11,24,Assistant Media Planner,Entertainment,Affluent Customer,N,No,2206,54 Green Point,3015,VIC,Australia,10
1219,Kaine,Parkeson,Male,1971-11-04,197,,Financial Services,Mass Customer,N,No,2207,54 Harbort Road,2480,NSW,Australia,7
3330,Tina,Pristnor,Female,1955-11-06,197,,Health,Mass Customer,N,Yes,2208,54 Hermina Road,2000,NSW,Australia,12
2562,Boonie,Withams,Male,1980-09-26,96,Internal Auditor,Retail,Mass Customer,N,No,2209,54 Miller Parkway,3041,VIC,Australia,8
3007,Tudor,Pepper,Male,1973-05-22,71,Environmental Tech,Manufacturing,Mass Customer,N,No,2210,54 Nevada Plaza,2096,NSW,Australia,12
33,Ernst,Hacon,Male,1957-06-25,120,Product Engineer,n/a,Affluent Customer,N,Yes,2211,54 Sage Plaza,4726,QLD,Australia,1
1587,Kevan,Laminman,Male,1986-08-16,162,Software Test Engineer III,Entertainment,Affluent Customer,N,Yes,2212,54 Veith Drive,2073,NSW,Australia,12
3095,Joachim,,Male,1998-10-11,168,Staff Accountant IV,Retail,High Net Worth,N,Yes,2213,5406 Mockingbird Center,4870,QLD,Australia,7
807,Lorne,Quested,Female,1980-11-25,142,Safety Technician I,n/a,Affluent Customer,N,No,2214,5409 Mandrake Circle,2152,NSW,Australia,10
3155,Tiphani,Fritz,Female,1976-12-25,111,Office Assistant I,IT,Affluent Customer,N,Yes,2215,541 Ramsey Alley,3201,VIC,Australia,7
2693,Abram,Phillipson,Male,1968-04-11,138,Research Assistant III,Health,High Net Worth,N,Yes,2216,541 Southridge Trail,2067,NSW,Australia,12
938,Corabelle,,Female,1996-04-06,182,Technical Writer,Retail,Mass Customer,N,No,2217,5413 Burning Wood Plaza,4220,QLD,Australia,8
1363,Boniface,Kivelhan,Male,1961-10-16,26,Associate Professor,Financial Services,Mass Customer,N,No,2218,5413 Harbort Terrace,3226,VIC,Australia,7
2768,Forest,Knowling,Male,1995-09-26,72,Executive Secretary,Manufacturing,Mass Customer,N,No,2219,542 Hayes Plaza,2750,NSW,Australia,9
1834,Otes,Gottelier,Male,1977-06-30,63,Director of Sales,Financial Services,High Net Worth,N,Yes,2220,54250 Welch Pass,3145,VIC,Australia,11
3772,Anselma,Rennie,Female,1999-02-07,119,Physical Therapy Assistant,Manufacturing,Mass Customer,N,Yes,2221,54285 Annamark Way,3977,VIC,Australia,6
3121,Mahmoud,Batterbee,Male,1959-05-11,51,Data Coordiator,Manufacturing,Mass Customer,N,No,2222,54294 Hovde Court,2500,NSW,Australia,8
1509,Sibley,Janek,U,,46,Computer Systems Analyst I,IT,High Net Worth,N,Yes,2223,54295 Dorton Hill,2219,NSW,Australia,10
43,Indira,Belt,Female,1983-03-01,63,Director of Sales,Retail,Mass Customer,N,No,2224,543 Killdeer Park,2322,New South Wales,Australia,4
1495,Charmion,Dobsons,Female,1989-08-14,119,Physical Therapy Assistant,Health,High Net Worth,N,Yes,2225,543 Morrow Terrace,2261,NSW,Australia,8
1265,Kipper,Monck,Male,1987-07-22,31,Biostatistician I,Property,Mass Customer,N,Yes,2226,543 Victoria Park,4702,QLD,Australia,6
3650,Darrelle,Rosas,Female,1999-10-21,111,Office Assistant I,IT,Mass Customer,N,Yes,2227,5437 Oak Alley,2024,NSW,Australia,10
2399,Devonne,McPolin,Female,1980-06-11,155,Software Consultant,Manufacturing,High Net Worth,N,Yes,2228,544 Northland Place,2190,NSW,Australia,10
3042,Barris,Trayton,Male,1971-03-17,67,Engineer II,Property,High Net Worth,N,Yes,2229,5444 Corry Pass,2761,NSW,Australia,8
1597,Jeffry,Slowly,Male,1977-02-01,109,Nurse Practicioner,Retail,Affluent Customer,N,No,2230,5447 Buell Hill,2567,NSW,Australia,9
1592,Thorin,Klagges,Male,1986-08-04,162,Software Test Engineer III,n/a,Mass Customer,N,Yes,2231,5447 Weeping Birch Place,2086,NSW,Australia,12
411,Cathyleen,Bern,Female,1977-03-31,63,Director of Sales,Financial Services,High Net Worth,N,No,2232,5449 Jenna Road,2170,NSW,Australia,9
3782,Elijah,Drillot,Male,1973-06-13,70,Environmental Specialist,Financial Services,Mass Customer,N,No,2233,546 Summerview Center,2074,NSW,Australia,11
3478,Hartwell,Schach,Male,1986-08-08,131,Quality Control Specialist,Health,Mass Customer,N,No,2234,54613 Service Court,4069,QLD,Australia,8
2543,Horacio,Kitchin,Male,1999-06-03,194,Web Developer III,n/a,Affluent Customer,N,No,2235,5463 Arapahoe Point,4503,QLD,Australia,4
2018,Richie,Matts,Male,1963-01-30,149,Senior Developer,Financial Services,Affluent Customer,N,No,2236,5468 Moose Lane,2445,NSW,Australia,7
1097,Gwenora,Grabbam,Female,1968-01-31,67,Engineer II,Financial Services,Mass Customer,N,Yes,2237,548 Dahle Lane,2075,NSW,Australia,11
194,Ursala,Ferrai,Female,1974-11-16,194,Web Developer III,Financial Services,Affluent Customer,N,No,2238,5484 Hagan Crossing,3021,VIC,Australia,7
2133,Clarissa,Blaisdale,Female,1998-01-20,76,General Manager,Financial Services,High Net Worth,N,No,2239,549 Longview Terrace,4030,QLD,Australia,9
3749,Blondelle,Swynley,Female,2001-04-21,197,,IT,Affluent Customer,N,No,2240,549 Randy Point,2560,NSW,Australia,7
936,Raffaello,Godleman,Male,1988-05-16,164,Speech Pathologist,Health,High Net Worth,N,No,2241,54905 Anniversary Pass,4570,QLD,Australia,2
2319,David,Darrigrand,Male,1985-05-03,99,Librarian,Entertainment,High Net Worth,N,No,2242,54970 Veith Hill,4125,QLD,Australia,7
3908,Dolf,Serridge,Male,1999-06-09,97,Junior Executive,Health,High Net Worth,N,No,2243,55 Anzinger Drive,4152,QLD,Australia,9
605,Bart,Creenan,Male,1972-03-26,65,Electrical Engineer,Manufacturing,Mass Customer,N,Yes,2244,55 Birchwood Alley,2176,NSW,Australia,9
915,Austina,Orrice,Female,1984-09-07,38,Budget/Accounting Analyst IV,Entertainment,Mass Customer,N,No,2245,55 Daystar Court,2234,NSW,Australia,10
1284,Alexis,Aronov,Male,1976-01-28,97,Junior Executive,Entertainment,Affluent Customer,N,No,2246,55 Elgar Park,4306,QLD,Australia,7
972,Dena,Crewdson,Female,1981-07-23,130,Project Manager,Retail,Mass Customer,N,Yes,2247,55 Fairfield Court,3175,VIC,Australia,8
2636,Carly,Struys,Female,1974-01-05,107,Nuclear Power Engineer,Manufacturing,High Net Worth,N,Yes,2248,55 Fordem Street,3147,VIC,Australia,10
3176,Rafe,Antoniak,Male,1977-12-04,119,Physical Therapy Assistant,n/a,Affluent Customer,N,No,2249,55 Gateway Trail,2147,NSW,Australia,9
1276,Farrel,Waiting,Male,1964-06-07,56,Dental Hygienist,Health,Affluent Customer,N,No,2250,55 Hauk Court,4350,QLD,Australia,7
857,Theo,,Female,1964-08-14,76,General Manager,n/a,High Net Worth,N,No,2251,55 Hovde Parkway,3975,VIC,Australia,8
1461,Earl,Skeels,Male,1957-01-04,197,,Retail,Mass Customer,N,Yes,2252,55 Red Cloud Pass,2536,NSW,Australia,5
1813,Reeva,Eakeley,Female,2001-05-19,182,Technical Writer,Manufacturing,Mass Customer,N,No,2253,5510 Pepper Wood Street,3429,VIC,Australia,6
3689,Orel,Joncic,Female,1967-09-25,197,,Health,Mass Customer,N,Yes,2254,5511 Clove Lane,3153,VIC,Australia,7
1088,Andy,Polgreen,Female,1989-07-21,57,Design Engineer,n/a,High Net Worth,N,Yes,2255,5515 Artisan Center,3337,VIC,Australia,3
3159,Jesus,MacShirie,Male,1967-02-01,197,,Financial Services,Affluent Customer,N,No,2256,55152 Delaware Park,2151,NSW,Australia,10
2894,Gilburt,,Male,1977-04-19,80,Geologist III,Financial Services,Mass Customer,N,Yes,2257,552 Talisman Circle,2250,NSW,Australia,7
1626,Fanchon,Fist,Female,1979-04-19,183,VP Accounting,Financial Services,Mass Customer,N,No,2258,5528 North Hill,2681,NSW,Australia,1
1311,Sharona,Cunah,Female,1984-10-06,183,VP Accounting,Financial Services,Mass Customer,N,Yes,2259,55326 Fulton Hill,3931,VIC,Australia,10
1609,Reginald,Hanwright,Male,1996-11-26,121,Professor,Property,Mass Customer,N,Yes,2260,55433 Schmedeman Lane,2263,NSW,Australia,8
1029,Forbes,Londors,Male,1997-02-15,187,VP Sales,n/a,Mass Customer,N,No,2261,5549 Bay Point,4068,QLD,Australia,9
3523,Lin,Tarver,Male,1975-06-14,197,,n/a,Affluent Customer,N,No,2262,55497 Warrior Alley,3123,VIC,Australia,9
2572,Sheila,McInulty,Female,1980-12-30,68,Engineer III,Financial Services,Mass Customer,N,No,2263,55501 Sugar Street,2548,NSW,Australia,7
3634,Clemence,Kornas,Female,1963-06-01,164,Speech Pathologist,n/a,High Net Worth,N,Yes,2264,5558 Northport Point,2087,NSW,Australia,11
2613,Trenton,Casaccio,Male,1966-06-13,197,,Health,Mass Customer,N,Yes,2265,55590 Ridgeview Court,2147,NSW,Australia,9
2113,Nita,Bushell,Female,1972-01-06,96,Internal Auditor,Manufacturing,Affluent Customer,N,No,2266,556 Esch Street,2090,NSW,Australia,12
2496,Lew,Wittleton,Male,1980-08-26,193,Web Developer II,Manufacturing,Mass Customer,N,Yes,2267,556 Gale Road,4165,QLD,Australia,6
2754,Waring,Selwyn,Male,1963-06-23,41,Chief Design Engineer,Retail,Mass Customer,N,No,2268,5565 Park Meadow Trail,2155,NSW,Australia,9
2864,Mariejeanne,Laise,Female,1974-12-26,21,Analog Circuit Design manager,IT,Mass Customer,N,No,2269,558 Grayhawk Circle,2086,NSW,Australia,10
675,Sharl,Wiggin,Female,1976-12-19,16,Administrative Assistant I,Financial Services,Mass Customer,N,Yes,2270,558 Maple Court,2557,NSW,Australia,9
1471,Berri,Farr,Female,1978-02-24,197,,Financial Services,Mass Customer,N,No,2271,558 Thompson Junction,2440,NSW,Australia,6
283,Sari,Noye,Female,1991-02-04,23,Assistant Manager,Retail,Mass Customer,N,No,2272,5583 Prairie Rose Trail,2765,NSW,Australia,8
98,Allianora,Babalola,Female,1956-03-17,145,Safety Technician IV,Health,Mass Customer,N,No,2273,55850 Butterfield Road,2168,New South Wales,Australia,9
1385,Melesa,Priddy,Female,1957-08-17,50,Cost Accountant,Financial Services,Mass Customer,N,No,2274,5586 Buena Vista Avenue,3106,VIC,Australia,10
3895,Reginald,Struys,Male,1994-09-06,39,Business Systems Development Analyst,IT,Affluent Customer,N,Yes,2275,55876 Knutson Point,3057,VIC,Australia,6
2004,Brandy,Showering,Male,1963-06-12,107,Nuclear Power Engineer,Manufacturing,Affluent Customer,N,Yes,2276,559 Blackbird Street,4580,QLD,Australia,2
3519,Aldus,Kenningley,Male,1978-05-21,155,Software Consultant,Manufacturing,Mass Customer,N,Yes,2277,56 Anderson Alley,2194,NSW,Australia,10
655,Stuart,Gebhardt,Male,1974-11-25,76,General Manager,Manufacturing,Affluent Customer,N,Yes,2278,56 Anniversary Avenue,2121,NSW,Australia,12
1772,Michael,Foulis,Male,1984-07-07,74,Financial Analyst,Financial Services,High Net Worth,N,Yes,2279,56 Bultman Parkway,4721,QLD,Australia,1
850,Nevin,Hanfrey,Male,2000-09-24,43,Clinical Specialist,Health,Mass Customer,N,No,2280,56 Graceland Alley,3031,VIC,Australia,7
2044,Leyla,Eddington,Female,1998-08-02,132,Quality Engineer,Health,Mass Customer,N,Yes,2281,56 Sommers Point,2204,NSW,Australia,8
3624,Lenka,,Female,1984-10-16,50,Cost Accountant,Financial Services,Mass Customer,N,Yes,2282,56 Sullivan Crossing,2768,NSW,Australia,9
3848,Luca,Cabotto,Male,1958-01-13,175,Structural Engineer,n/a,High Net Worth,N,No,2283,56 Trailsway Street,4575,QLD,Australia,4
1235,Sharon,Cranage,Female,1969-02-28,56,Dental Hygienist,Health,Mass Customer,N,No,2284,560 Melody Alley,4122,QLD,Australia,7
744,Heinrik,,Male,1977-08-30,83,Graphic Designer,Manufacturing,Affluent Customer,N,Yes,2285,56045 Express Avenue,2176,NSW,Australia,9
1852,Darby,Shailer,Female,1978-01-21,140,Research Associate,Manufacturing,Affluent Customer,N,No,2286,56145 Porter Lane,2010,NSW,Australia,10
1250,Jacklyn,Kewley,Female,2001-11-02,89,Help Desk Technician,Manufacturing,Mass Customer,N,No,2287,563 Northport Drive,4701,QLD,Australia,1
3267,Gerri,Prott,Male,1987-05-30,197,,Property,High Net Worth,N,Yes,2288,563 Sundown Point,2226,NSW,Australia,10
2808,Preston,Tinkham,Male,2001-06-29,15,Actuary,Financial Services,Mass Customer,N,Yes,2289,5636 Glendale Point,2769,NSW,Australia,10
396,Peria,Iscowitz,Female,1967-01-25,178,Systems Administrator III,Telecommunications,High Net Worth,N,Yes,2290,564 Northview Junction,3195,VIC,Australia,11
3038,Hermione,,Female,1958-04-08,149,Senior Developer,n/a,High Net Worth,N,No,2291,5649 Crest Line Place,4455,QLD,Australia,2
3984,Thadeus,Buxsey,Male,1960-02-16,99,Librarian,Entertainment,Affluent Customer,N,No,2292,565 Bunting Park,2076,NSW,Australia,11
268,Kacie,Kidston,Female,1978-10-18,40,Chemical Engineer,Manufacturing,Mass Customer,N,No,2293,5668 Corscot Circle,2065,NSW,Australia,12
2472,Mathias,Element,Male,1989-06-02,120,Product Engineer,Health,High Net Worth,N,Yes,2294,567 Scott Park,4118,QLD,Australia,5
944,Anderea,Dallewater,Female,1976-01-12,197,,Manufacturing,Mass Customer,N,No,2295,56709 Petterle Street,2443,NSW,Australia,6
2884,Karola,Conneely,Female,1962-01-06,25,Assistant Professor,n/a,Mass Customer,N,No,2296,5674 Superior Point,2528,NSW,Australia,7
3616,Vale,Dagnan,Male,2001-04-02,120,Product Engineer,Property,High Net Worth,N,No,2297,56747 Monument Avenue,4306,QLD,Australia,8
1720,Matilda,Milton,Female,1986-10-06,166,Staff Accountant II,Financial Services,Mass Customer,N,Yes,2298,5676 Golf View Junction,2137,NSW,Australia,12
3509,Janine,Hesey,Female,1978-11-22,118,Pharmacist,Health,Mass Customer,N,Yes,2299,56873 Buena Vista Crossing,2035,NSW,Australia,9
3587,Ines,Galfour,Female,1997-09-24,197,,n/a,Affluent Customer,N,No,2300,5699 Forster Street,2346,NSW,Australia,2
2233,Cassi,Killingworth,Female,1973-09-04,146,Sales Associate,n/a,Mass Customer,N,Yes,2301,57 Boyd Avenue,2287,NSW,Australia,7
455,Mile,Dionisii,Male,1991-11-02,42,Civil Engineer,Manufacturing,Mass Customer,N,Yes,2302,57 Columbus Road,4870,QLD,Australia,5
2395,Ashlin,Kesby,Male,1966-02-26,72,Executive Secretary,n/a,High Net Worth,N,No,2303,57 Debra Terrace,2259,NSW,Australia,6
789,Gabrielle,Giraudot,Female,1978-04-28,77,Geological Engineer,Manufacturing,Affluent Customer,N,Yes,2304,57 Gulseth Terrace,2099,NSW,Australia,10
1879,Kermy,Heningam,Male,1967-04-25,3,Account Representative I,Manufacturing,High Net Worth,N,No,2305,57 Marquette Hill,4120,QLD,Australia,6
2394,Ferne,Reese,Female,1995-11-12,82,GIS Technical Architect,n/a,Mass Customer,N,Yes,2306,57 Tennessee Alley,4034,QLD,Australia,5
3574,Eileen,Eland,Female,1991-02-05,43,Clinical Specialist,Health,Mass Customer,N,No,2307,57 Thierer Parkway,2177,NSW,Australia,9
2852,Clarinda,Noen,Female,1971-07-22,31,Biostatistician I,Property,High Net Worth,N,Yes,2308,57 Village Green Center,2077,NSW,Australia,10
1006,Norbert,Gotcher,Male,1977-08-10,131,Quality Control Specialist,Telecommunications,Affluent Customer,N,Yes,2309,570 Butternut Pass,2340,NSW,Australia,4
1419,Roddy,Ollerton,Male,1967-01-11,119,Physical Therapy Assistant,Financial Services,Mass Customer,N,Yes,2310,5700 Banding Lane,2762,NSW,Australia,9
2289,Kissie,Steanson,Female,1980-09-25,141,Research Nurse,Health,Affluent Customer,N,Yes,2311,5701 Sugar Court,2880,NSW,Australia,1
3996,Rosalia,Halgarth,Female,1975-08-09,185,VP Product Management,Health,Mass Customer,N,No,2312,57042 Village Green Point,4511,QLD,Australia,6
2728,Imojean,Atyeo,Female,1959-03-26,119,Physical Therapy Assistant,IT,High Net Worth,N,No,2313,5705 Spaight Place,3067,VIC,Australia,9
2669,Carrol,Jordin,Male,1995-02-18,39,Business Systems Development Analyst,Property,Affluent Customer,N,No,2314,571 Golf Alley,2650,NSW,Australia,5
3277,Demetris,Shapcote,Male,1962-04-20,46,Computer Systems Analyst I,n/a,Affluent Customer,N,No,2315,5718 John Wall Plaza,4350,QLD,Australia,1
795,Cassy,Awdry,Female,1973-08-20,71,Environmental Tech,Financial Services,High Net Worth,N,No,2316,572 Brown Circle,2756,NSW,Australia,8
3936,Rodd,Spare,Male,1960-05-04,116,Paralegal,Financial Services,Affluent Customer,N,Yes,2317,572 Buena Vista Plaza,2111,NSW,Australia,9
452,Natalee,Bamford,Female,1959-08-11,1,Account Coordinator,Property,Mass Customer,N,Yes,2318,572 Gerald Trail,2145,NSW,Australia,7
2468,Parker,Barenskie,Male,1995-12-12,100,Marketing Assistant,Retail,High Net Worth,N,No,2319,572 Meadow Ridge Drive,3160,VIC,Australia,7
2933,Ralf,Presidey,Male,1986-04-19,20,Administrative Officer,Retail,Affluent Customer,N,Yes,2320,572 Spohn Drive,3046,VIC,Australia,8
509,Tobe,Vamplew,Male,1979-08-06,60,Developer II,Financial Services,Affluent Customer,N,Yes,2321,5723 Raven Drive,3126,Victoria,Australia,12
1317,Barrett,Lindley,Male,1973-01-18,76,General Manager,Retail,Mass Customer,N,Yes,2322,57384 Sycamore Park,4370,QLD,Australia,6
3849,Marice,Morrice,Female,1968-01-01,54,Database Administrator III,Property,Mass Customer,N,Yes,2323,5748 Porter Circle,4352,QLD,Australia,8
2936,Pavia,Gethen,Female,1984-05-20,130,Project Manager,Financial Services,Mass Customer,N,Yes,2324,5748 Walton Court,4114,QLD,Australia,3
2064,Reynard,Jaffrey,Male,1969-05-19,184,VP Marketing,Health,Mass Customer,N,Yes,2325,575 Katie Terrace,2835,NSW,Australia,1
620,Willy,Langley,Female,1973-03-26,74,Financial Analyst,Financial Services,Mass Customer,N,Yes,2326,575 Prentice Road,2168,NSW,Australia,8
1904,Nert,Muglestone,Female,1978-01-25,182,Technical Writer,IT,High Net Worth,N,Yes,2327,5766 Pearson Court,2227,NSW,Australia,8
3408,Becka,Bysaker,Female,1972-07-11,180,Tax Accountant,Manufacturing,Mass Customer,N,No,2328,5767 Thierer Road,2217,NSW,Australia,8
1234,Rancell,Yven,Male,1965-04-19,78,Geologist I,n/a,Mass Customer,N,No,2329,5772 Kennedy Junction,3030,VIC,Australia,5
2759,Melodee,Hendrik,Female,2001-11-14,115,Operator,Health,Affluent Customer,N,Yes,2330,5772 Ridgeway Place,3066,VIC,Australia,10
2426,Yancy,Ovett,U,,197,,IT,Affluent Customer,N,Yes,2331,57769 Gulseth Lane,2040,NSW,Australia,10
1483,Beth,Daile,Female,1971-12-11,152,Senior Quality Engineer,Telecommunications,Mass Customer,N,Yes,2332,57835 Ruskin Lane,2325,NSW,Australia,5
1887,Kynthia,Purcer,Female,1965-06-22,63,Director of Sales,IT,Affluent Customer,N,Yes,2333,5786 Kinsman Point,2127,NSW,Australia,8
3079,Yorker,McKevany,Male,1959-11-18,98,Legal Assistant,Retail,Mass Customer,N,Yes,2334,57863 Pond Avenue,2773,NSW,Australia,9
3830,Jareb,Filippucci,Male,1954-10-31,147,Sales Representative,Retail,High Net Worth,N,No,2335,57866 Dawn Plaza,3029,VIC,Australia,7
1556,Bartram,Brownstein,Male,1986-03-25,194,Web Developer III,Manufacturing,Mass Customer,N,Yes,2336,57878 Northfield Crossing,2144,NSW,Australia,10
2015,Charyl,Sibson,Female,1974-02-19,87,Health Coach IV,Health,Affluent Customer,N,No,2337,5795 Comanche Circle,4825,QLD,Australia,2
920,Stefano,Thornborrow,Male,1976-01-19,163,Software Test Engineer IV,Health,Mass Customer,N,Yes,2338,57953 Drewry Street,2518,NSW,Australia,10
126,Norman,Cliff,Male,1992-10-15,20,Administrative Officer,Health,Mass Customer,N,Yes,2339,58 Helena Hill,2205,New South Wales,Australia,7
962,Granger,Tuftin,Male,1977-09-07,185,VP Product Management,n/a,High Net Worth,N,Yes,2340,58 High Crossing Place,4212,QLD,Australia,10
3632,Elena,Sandys,Female,1990-03-27,181,Teacher,n/a,Mass Customer,N,No,2341,58 Hoepker Center,4343,QLD,Australia,2
1652,Ulrikaumeko,Heffernon,Female,1981-09-24,115,Operator,Manufacturing,High Net Worth,N,Yes,2342,58 Kipling Avenue,4560,QLD,Australia,8
548,Georgie,Cudbertson,U,,197,,IT,High Net Worth,N,Yes,2343,58 Maywood Place,2750,NSW,Australia,9
281,Jeanette,Sizzey,Female,1972-12-27,50,Cost Accountant,Financial Services,High Net Worth,N,Yes,2344,58 Parkside Hill,2117,NSW,Australia,12
2696,Isabelle,Bursnoll,U,,154,Social Worker,Health,Mass Customer,N,Yes,2345,58 Shelley Crossing,2570,NSW,Australia,8
302,Laurice,Colgrave,Female,1977-03-27,197,,Health,Mass Customer,N,No,2346,58 Spenser Circle,3030,VIC,Australia,3
3216,Edgar,Ordish,Male,1998-05-08,54,Database Administrator III,Manufacturing,Mass Customer,N,Yes,2347,580 Blaine Center,2029,NSW,Australia,10
816,Donni,Boor,Female,1957-01-10,120,Product Engineer,Manufacturing,Mass Customer,N,No,2348,58047 Westport Road,2040,NSW,Australia,12
1868,Aloisia,Ivel,Female,1988-06-22,23,Assistant Manager,Retail,Mass Customer,N,No,2349,5809 Coolidge Avenue,2747,NSW,Australia,6
2226,Hedvig,Flatt,Female,1955-07-22,32,Biostatistician II,Entertainment,Mass Customer,N,No,2350,581 Granby Parkway,3025,VIC,Australia,8
1052,Dela,Flannigan,Female,1986-02-02,97,Junior Executive,Financial Services,High Net Worth,N,No,2351,5811 Hanson Lane,2260,NSW,Australia,7
722,Stewart,Brosoli,Male,1956-03-17,101,Marketing Manager,IT,Mass Customer,N,No,2352,5811 Moulton Drive,2766,NSW,Australia,8
115,Alberik,Mereweather,Male,1981-12-21,2,Account Executive,Health,Mass Customer,N,No,2353,5814 Bunker Hill Street,3070,VIC,Australia,7
2432,Ebba,Melhuish,Female,1981-02-21,107,Nuclear Power Engineer,Manufacturing,Affluent Customer,N,Yes,2354,582 Kropf Avenue,2032,NSW,Australia,11
381,Leesa,Castleman,Female,1996-11-30,146,Sales Associate,n/a,Affluent Customer,N,No,2355,58211 Surrey Crossing,2170,NSW,Australia,9
885,Yancey,Wivell,Male,1966-11-11,173,Statistician IV,Financial Services,Mass Customer,N,No,2356,583 Coleman Parkway,4213,QLD,Australia,9
2556,Chucho,Francey,Male,1988-08-11,197,,Health,Mass Customer,N,Yes,2357,583 Eagle Crest Road,2000,NSW,Australia,8
1450,Floris,Dunkerley,Female,1964-01-24,170,Statistician I,Manufacturing,Affluent Customer,N,No,2358,583 Jenna Pass,2567,NSW,Australia,9
2739,Alair,Cullingford,Male,1985-07-18,102,Mechanical Systems Engineer,Health,High Net Worth,N,Yes,2359,5837 Hayes Court,2113,NSW,Australia,11
3289,Frederico,Spearman,Male,1978-01-04,23,Assistant Manager,Property,Mass Customer,N,No,2360,5847 Bunting Alley,2130,NSW,Australia,11
137,Vaughn,Artin,Male,1987-11-21,112,Office Assistant II,Property,High Net Worth,N,No,2361,585 Loomis Court,2097,New South Wales,Australia,11
1449,Ashly,Abramamovh,Female,1967-08-26,168,Staff Accountant IV,n/a,High Net Worth,N,No,2362,58516 Tony Plaza,2567,NSW,Australia,8
3501,Kayla,Alentyev,Female,1970-01-19,115,Operator,Telecommunications,Mass Customer,N,Yes,2363,5854 Weeping Birch Avenue,2022,NSW,Australia,10
1313,Hughie,Laboune,Male,1986-02-09,22,Analyst Programmer,Property,Mass Customer,N,No,2364,58563 Monterey Hill,4300,QLD,Australia,2
398,Randee,Douberday,Female,1969-01-18,197,,Retail,Affluent Customer,N,No,2365,586 Miller Parkway,2835,NSW,Australia,1
561,Karin,Burkill,Female,1977-08-15,180,Tax Accountant,n/a,Mass Customer,N,No,2366,5861 Browning Park,2065,NSW,Australia,8
3666,Mathew,Marousek,Male,1957-03-27,171,Statistician II,Health,High Net Worth,N,No,2367,587 Rieder Court,4211,QLD,Australia,8
647,Stanislas,Baildon,Male,1957-01-23,23,Assistant Manager,Retail,Mass Customer,N,Yes,2368,58729 Moland Trail,2035,NSW,Australia,12
641,Foster,Haysar,Male,1974-11-21,11,Accounting Assistant I,Manufacturing,Affluent Customer,N,No,2369,5873 Hagan Park,3015,Victoria,Australia,10
3564,Sandy,Olford,Male,1972-05-15,125,Programmer Analyst IV,n/a,High Net Worth,N,Yes,2370,588 Menomonie Way,4179,QLD,Australia,9
2151,Herrick,Gammett,Male,1986-10-23,197,,Entertainment,Affluent Customer,N,No,2371,5882 American Ash Point,3214,VIC,Australia,3
577,Nadean,Fielding,Female,1956-04-08,197,,Property,Mass Customer,N,Yes,2372,58821 Warbler Crossing,2291,NSW,Australia,9
1472,Demeter,Robbeke,Female,1964-03-03,70,Environmental Specialist,Financial Services,Mass Customer,N,No,2373,589 Main Plaza,2290,NSW,Australia,4
2170,Dewitt,Laight,Male,1963-04-27,77,Geological Engineer,Manufacturing,Affluent Customer,N,No,2374,5890 Comanche Trail,3429,VIC,Australia,6
3312,Franky,Nanninini,U,,20,Administrative Officer,IT,High Net Worth,N,No,2375,59 Coolidge Hill,2010,NSW,Australia,9
2674,Lynsey,Broady,Female,1993-02-12,75,Food Chemist,Health,High Net Worth,N,No,2376,59 Hoepker Lane,3191,VIC,Australia,11
1790,Vite,Molyneux,Male,1993-09-25,38,Budget/Accounting Analyst IV,Health,Affluent Customer,N,No,2377,59 Old Gate Drive,4878,QLD,Australia,5
2084,Britni,Menguy,Female,1986-10-03,197,,IT,Mass Customer,N,Yes,2378,59 Prentice Lane,4551,QLD,Australia,7
17,Heath,Faraday,Male,1962-03-19,146,Sales Associate,n/a,Affluent Customer,N,Yes,2379,59 Spaight Circle,2233,New South Wales,Australia,9
1666,Launce,Lording,Male,1977-04-02,134,Recruiting Manager,n/a,Mass Customer,N,No,2380,59 Steensland Alley,2018,NSW,Australia,11
1911,Hallsy,De Leek,Male,1980-06-08,63,Director of Sales,Manufacturing,Mass Customer,N,No,2381,59 Waywood Road,3163,VIC,Australia,8
513,Kienan,Soar,U,,180,Tax Accountant,IT,Mass Customer,N,No,2382,590 Hayes Court,2027,NSW,Australia,11
817,Niel,Abilowitz,Male,1992-04-08,64,Editor,Financial Services,Mass Customer,N,Yes,2383,59000 American Center,2530,NSW,Australia,8
856,Peyton,Monkeman,Male,1988-10-01,132,Quality Engineer,Financial Services,Mass Customer,N,Yes,2384,59041 Independence Point,4020,QLD,Australia,9
3003,Brita,Tupie,Female,1963-05-02,192,Web Developer I,Retail,Mass Customer,N,Yes,2385,5913 Ramsey Road,2478,NSW,Australia,10
1996,Filmer,Furby,Male,1985-12-29,175,Structural Engineer,Manufacturing,Mass Customer,N,No,2386,59170 Westridge Junction,2147,NSW,Australia,8
1133,Forrester,McFetridge,Male,1968-01-26,197,,Manufacturing,Affluent Customer,N,No,2387,592 Merry Lane,3184,VIC,Australia,3
2580,Kalinda,,Female,1988-07-04,181,Teacher,Financial Services,Mass Customer,N,Yes,2388,592 Oak Valley Center,2534,NSW,Australia,9
1211,Gunar,Petasch,Male,1978-07-23,187,VP Sales,Financial Services,Affluent Customer,N,Yes,2389,592 Tennessee Alley,2231,NSW,Australia,10
2898,Tiertza,Hilldrop,Female,1965-06-05,187,VP Sales,n/a,Affluent Customer,N,Yes,2390,59231 Claremont Place,2170,NSW,Australia,9
185,Crosby,Walcot,Male,1979-12-13,197,,Property,Mass Customer,N,Yes,2391,59265 Sullivan Junction,3031,VIC,Australia,4
3399,Hillyer,Biddulph,Male,1996-05-10,183,VP Accounting,Financial Services,Mass Customer,N,No,2392,59364 Huxley Drive,3028,VIC,Australia,5
3380,Abe,Ealam,Male,1955-01-09,164,Speech Pathologist,Manufacturing,High Net Worth,N,Yes,2393,59504 Drewry Park,4061,QLD,Australia,8
3441,Janelle,Ebbage,Female,1988-10-16,98,Legal Assistant,Manufacturing,High Net Worth,N,Yes,2394,59531 Barnett Pass,3352,VIC,Australia,4
1667,Jaime,Simonnin,Male,1955-02-18,77,Geological Engineer,Manufacturing,High Net Worth,N,No,2395,59643 Reindahl Plaza,3127,VIC,Australia,11
2112,Aubrie,Glaum,Female,1993-05-17,11,Accounting Assistant I,Financial Services,Mass Customer,N,Yes,2396,5965 Glacier Hill Terrace,3025,VIC,Australia,9
2146,Timmie,Lenden,Male,1967-01-25,197,,n/a,Mass Customer,N,No,2397,59694 1st Crossing,4503,QLD,Australia,7
640,Galvin,O'Keenan,Male,1975-07-12,99,Librarian,Entertainment,High Net Worth,N,Yes,2398,598 Randy Way,2380,NSW,Australia,1
304,Paddy,Mumbray,Male,1969-03-27,184,VP Marketing,Manufacturing,Mass Customer,N,Yes,2399,5982 Mosinee Avenue,3340,VIC,Australia,5
2782,Gillian,Scrimshire,Female,1988-05-11,180,Tax Accountant,IT,Mass Customer,N,No,2400,59901 Bartelt Terrace,4069,QLD,Australia,9
2199,Leigha,Ranger,Female,1983-02-09,1,Account Coordinator,Property,High Net Worth,N,Yes,2401,59929 West Alley,2026,NSW,Australia,10
1138,Elli,Loxdale,Female,1991-09-21,170,Statistician I,Retail,Mass Customer,N,Yes,2402,5998 Bayside Terrace,2526,NSW,Australia,9
3041,Sherrie,Kingaby,Female,1974-03-12,119,Physical Therapy Assistant,Retail,Mass Customer,N,Yes,2403,5999 Waxwing Lane,4511,QLD,Australia,1
3701,Anstice,Dunsmuir,Female,1974-01-20,119,Physical Therapy Assistant,n/a,Affluent Customer,N,No,2404,6 3rd Point,2256,NSW,Australia,9
3462,Jehanna,Sparhawk,Female,1957-03-03,135,Registered Nurse,Health,High Net Worth,N,No,2405,6 4th Lane,3079,VIC,Australia,11
1404,Emmott,Mercik,Male,1957-07-30,40,Chemical Engineer,Manufacturing,Mass Customer,N,Yes,2406,6 Anderson Court,2880,NSW,Australia,1
2346,Joey,Scheffler,Male,1979-09-16,95,Information Systems Manager,n/a,Mass Customer,N,Yes,2407,6 Anniversary Place,2213,NSW,Australia,10
1066,Hailey,Ricciardi,Male,1995-10-06,133,Recruiter,Telecommunications,High Net Worth,N,No,2408,6 Barby Road,4300,QLD,Australia,4
698,Ellette,Fahy,Female,1996-07-20,94,Human Resources Manager,Manufacturing,High Net Worth,N,Yes,2409,6 Briar Crest Court,2117,NSW,Australia,12
1126,Atlante,Sonley,Female,1973-09-27,72,Executive Secretary,n/a,Mass Customer,N,No,2410,6 Buell Point,2062,NSW,Australia,12
3893,Hadria,Moles,Female,1996-11-18,197,,n/a,High Net Worth,N,Yes,2411,6 Calypso Parkway,4161,QLD,Australia,5
1502,Margalit,Handrick,Female,1990-03-26,57,Design Engineer,Financial Services,Affluent Customer,N,Yes,2412,6 Canary Plaza,2223,NSW,Australia,8
2600,Darnell,Wistance,Male,2001-03-03,151,Senior Financial Analyst,Financial Services,Mass Customer,N,Yes,2413,6 Carioca Avenue,3185,VIC,Australia,9
3284,Jorrie,Cerman,Female,1991-08-28,41,Chief Design Engineer,Retail,Affluent Customer,N,No,2414,6 Cascade Trail,2770,NSW,Australia,9
3589,Nalani,Dummer,Female,1962-02-19,47,Computer Systems Analyst II,Health,High Net Worth,N,No,2415,6 Continental Alley,3174,VIC,Australia,8
1134,Sullivan,Scullion,Male,1994-09-30,19,Administrative Assistant IV,Financial Services,Affluent Customer,N,No,2416,6 Dapin Park,4503,QLD,Australia,6
2183,Jillie,Fyndon,Female,1972-02-07,125,Programmer Analyst IV,Manufacturing,Mass Customer,N,Yes,2417,6 Dovetail Circle,2200,NSW,Australia,9
554,Esmaria,Dobbison,Female,1955-05-06,83,Graphic Designer,Health,Mass Customer,N,Yes,2418,6 Eggendart Circle,3016,Victoria,Australia,7
3646,Allene,Pauly,Female,1981-10-22,154,Social Worker,Health,Mass Customer,N,No,2419,6 Eliot Parkway,2045,NSW,Australia,12
2589,Alvera,Kiddle,Female,1965-08-02,197,,n/a,High Net Worth,N,No,2420,6 Forest Avenue,2870,NSW,Australia,4
1742,Quintin,Dublin,Male,1958-08-17,180,Tax Accountant,n/a,High Net Worth,N,No,2421,6 Forest Dale Parkway,4017,QLD,Australia,4
1368,Aarika,Magog,Female,1973-04-14,197,,Property,Mass Customer,N,No,2422,6 Forster Crossing,3198,VIC,Australia,8
717,Basilius,Spieck,Male,1976-11-20,185,VP Product Management,Manufacturing,Mass Customer,N,Yes,2423,6 Fulton Road,3174,Victoria,Australia,8
3288,Fair,Dewen,U,,68,Engineer III,IT,High Net Worth,N,No,2424,6 Golf Center,2042,NSW,Australia,10
2354,Tammie,Fisbey,Female,1958-12-19,120,Product Engineer,Retail,Mass Customer,N,No,2425,6 Graceland Court,4301,QLD,Australia,2
834,Rudolf,Brandes,Male,1973-04-07,71,Environmental Tech,Financial Services,Mass Customer,N,No,2426,6 Green Ridge Circle,4350,QLD,Australia,3
2862,Normand,Pattillo,Male,1987-12-23,50,Cost Accountant,Financial Services,Mass Customer,N,No,2427,6 Haas Park,2750,NSW,Australia,7
1573,Aurea,Reubens,Female,1994-07-05,188,Web Designer I,Property,Mass Customer,N,Yes,2428,6 Hallows Pass,2118,NSW,Australia,11
1770,Chrysler,Vasile,Female,1995-04-10,97,Junior Executive,n/a,Mass Customer,N,Yes,2429,6 Hansons Park,2145,NSW,Australia,7
855,Bennie,Llywarch,Female,1974-10-26,76,General Manager,Retail,High Net Worth,N,Yes,2430,6 Harper Lane,2150,NSW,Australia,10
92,Jodee,Judkins,Female,1980-09-11,134,Recruiting Manager,Health,Mass Customer,N,No,2431,6 Heffernan Center,2125,New South Wales,Australia,11
2510,Nealson,Lowdham,Male,1973-04-10,94,Human Resources Manager,Manufacturing,Mass Customer,N,Yes,2432,6 Hoard Plaza,3111,VIC,Australia,10
50,Whitby,Schapero,Male,1980-10-01,2,Account Executive,Manufacturing,Mass Customer,N,Yes,2433,6 Homewood Avenue,2142,New South Wales,Australia,8
1031,Roi,Ogden,Male,1983-09-15,97,Junior Executive,Manufacturing,Mass Customer,N,No,2434,6 Kedzie Hill,2214,NSW,Australia,9
3097,Alessandro,Casley,Male,1978-05-09,15,Actuary,Financial Services,Affluent Customer,N,Yes,2435,6 Kings Avenue,2135,NSW,Australia,12
1379,Lou,Drews,Female,1989-06-16,98,Legal Assistant,Financial Services,Mass Customer,N,Yes,2436,6 La Follette Lane,3977,VIC,Australia,6
1247,Hildagarde,Eyrl,Female,1960-10-05,78,Geologist I,Entertainment,Affluent Customer,N,No,2437,6 Lerdahl Plaza,4519,QLD,Australia,6
1580,Laird,Prover,Male,1981-06-21,26,Associate Professor,Retail,High Net Worth,N,No,2438,6 Logan Junction,2148,NSW,Australia,9
2577,Thor,Rickardsson,Male,1976-03-19,115,Operator,n/a,Mass Customer,N,Yes,2439,6 Loomis Trail,2099,NSW,Australia,11
3317,Ric,Kondrachenko,Male,1970-07-08,15,Actuary,Financial Services,Mass Customer,N,Yes,2440,6 Ludington Place,2042,NSW,Australia,11
3764,Nonie,Newson,Female,1957-05-06,50,Cost Accountant,Financial Services,Mass Customer,N,Yes,2441,6 Maple Wood Junction,4012,QLD,Australia,7
451,Marlow,Flowerdew,U,,131,Quality Control Specialist,IT,High Net Worth,N,No,2442,6 Mariners Cove Center,2233,NSW,Australia,10
2,Eli,Bockman,Male,1980-12-16,20,Administrative Officer,Financial Services,Mass Customer,N,Yes,2443,6 Meadow Vale Court,2153,New South Wales,Australia,10
1613,Ernesta,Billany,Female,1977-05-25,197,,Property,Mass Customer,N,No,2444,6 Melody Plaza,4215,QLD,Australia,8
773,Robbie,Handaside,Male,1985-02-12,197,,Financial Services,Affluent Customer,N,Yes,2445,6 Melody Trail,2145,NSW,Australia,9
3655,Waldemar,Mostin,Male,1974-06-01,197,,n/a,Mass Customer,N,Yes,2446,6 Michigan Lane,4076,QLD,Australia,3
3182,Catherina,Hammel,Female,1967-10-03,197,,Financial Services,Affluent Customer,N,No,2447,6 Michigan Park,3173,VIC,Australia,9
1631,Towny,Beebee,Male,1996-09-03,164,Speech Pathologist,Financial Services,Affluent Customer,N,No,2448,6 Monument Circle,3186,VIC,Australia,11
708,Idalina,Wilcot,Female,1987-02-15,143,Safety Technician II,IT,Mass Customer,N,Yes,2449,6 Morning Drive,2232,NSW,Australia,9
232,Zaria,Koeppke,Female,1987-11-11,121,Professor,Retail,Mass Customer,N,No,2450,6 Morning Park,3666,VIC,Australia,2
3798,Yorker,Dennison,Male,1968-02-22,197,,Manufacturing,Mass Customer,N,Yes,2451,6 Morningstar Park,2324,NSW,Australia,7
2449,Oates,Broadberrie,Male,1982-06-01,180,Tax Accountant,n/a,Affluent Customer,N,No,2452,6 Morningstar Way,2165,NSW,Australia,7
3524,Waiter,Piscopello,Male,1973-12-30,57,Design Engineer,Financial Services,Mass Customer,N,Yes,2453,6 Moulton Point,2145,NSW,Australia,10
3620,Gerry,Ackhurst,Male,1991-07-30,47,Computer Systems Analyst II,Retail,Mass Customer,N,No,2454,6 Nobel Way,2322,NSW,Australia,4
3311,Clary,Bennitt,Female,1979-12-21,42,Civil Engineer,Manufacturing,Mass Customer,N,Yes,2455,6 North Court,3862,VIC,Australia,7
1390,Christyna,Feldberg,Female,2000-01-25,11,Accounting Assistant I,Retail,High Net Worth,N,Yes,2456,6 Northfield Point,3140,VIC,Australia,9
1058,Gretel,Gionettitti,Female,1987-10-24,139,Research Assistant IV,Retail,Affluent Customer,N,Yes,2457,6 Pankratz Crossing,2228,NSW,Australia,11
1043,Giorgi,Hurford,Male,1986-10-20,146,Sales Associate,Financial Services,Mass Customer,N,Yes,2458,6 Pawling Trail,2871,NSW,Australia,7
3457,Robbi,Springthorpe,Female,1956-09-26,197,,Manufacturing,Mass Customer,N,No,2459,6 Reindahl Hill,2196,NSW,Australia,9
1768,Normand,Ganderton,Male,1974-02-09,126,Programmer I,Manufacturing,High Net Worth,N,No,2460,6 Reinke Street,2768,NSW,Australia,10
3525,Town,Yitzhakov,Male,1996-08-16,64,Editor,n/a,Mass Customer,N,No,2461,6 Rockefeller Lane,2294,NSW,Australia,7
1994,Gray,McLorinan,Female,1986-04-25,197,,Manufacturing,High Net Worth,N,No,2462,6 Rockefeller Pass,3075,VIC,Australia,7
2454,Gene,Brome,Female,1960-02-13,153,Senior Sales Associate,Property,Mass Customer,N,Yes,2463,6 Ryan Drive,2165,NSW,Australia,10
2154,Bird,Bolf,Female,1980-01-08,40,Chemical Engineer,Manufacturing,High Net Worth,N,No,2464,6 Sauthoff Court,2144,NSW,Australia,9
3050,Dinnie,Worsom,Female,1997-12-04,197,,n/a,High Net Worth,N,No,2465,6 Service Parkway,4275,QLD,Australia,3
623,Hazel,Brokenshire,Male,1988-04-23,85,Health Coach II,Property,High Net Worth,N,No,2466,6 Springs Junction,4123,QLD,Australia,5
348,Gan,Devoy,Male,1980-11-01,25,Assistant Professor,Retail,Mass Customer,N,Yes,2467,6 Sunbrook Center,4350,QLD,Australia,6
3865,Urbanus,Fuxman,Male,1978-03-15,197,,Manufacturing,Mass Customer,N,Yes,2468,6 Swallow Park,2165,NSW,Australia,7
1065,Chilton,Ghirigori,Male,1962-06-27,132,Quality Engineer,Financial Services,Mass Customer,N,Yes,2469,6 Sycamore Drive,4053,QLD,Australia,7
2167,Laina,Semorad,Female,1997-07-11,99,Librarian,Entertainment,Mass Customer,N,No,2470,6 Tennyson Place,2138,NSW,Australia,9
1921,Cybill,Wakes,Female,1982-12-03,9,Accountant III,n/a,Mass Customer,N,No,2471,6 Upham Place,4556,QLD,Australia,7
3867,Carmelia,Klimentyonok,Female,1998-10-09,79,Geologist II,IT,Mass Customer,N,Yes,2472,6 Veith Road,4118,QLD,Australia,4
2622,Natty,Sisneros,Male,1979-12-10,165,Staff Accountant I,Financial Services,Mass Customer,N,No,2473,6 Warbler Road,2462,NSW,Australia,5
2967,Dud,Coom,Male,1979-09-14,154,Social Worker,Health,Affluent Customer,N,Yes,2474,6 Weeping Birch Pass,2064,NSW,Australia,12
3046,Shela,Ridgers,Female,1964-06-07,124,Programmer Analyst III,Manufacturing,Affluent Customer,N,No,2475,6 Westend Center,2546,NSW,Australia,6
3058,Hamnet,Kibblewhite,Male,1986-10-10,94,Human Resources Manager,Manufacturing,Mass Customer,N,Yes,2476,6 Westport Road,4350,QLD,Australia,2
2503,Devlin,Laneham,Male,1967-07-16,35,Budget/Accounting Analyst I,Health,Affluent Customer,N,Yes,2477,60 Banding Terrace,2880,NSW,Australia,1
1633,Ashia,Muzzi,Female,1964-07-08,102,Mechanical Systems Engineer,Property,High Net Worth,N,Yes,2478,60 Briar Crest Circle,2170,NSW,Australia,9
3279,Morgun,Razoux,Male,1959-02-18,169,Staff Scientist,Financial Services,Mass Customer,N,No,2479,60 Cordelia Parkway,2759,NSW,Australia,8
39,Hunfredo,Smalley,Male,1979-04-16,24,Assistant Media Planner,Entertainment,Mass Customer,N,No,2480,60 Eagan Circle,4018,QLD,Australia,8
2985,Kerby,Nesfield,Male,1986-10-14,147,Sales Representative,Retail,Affluent Customer,N,Yes,2481,60 Fulton Trail,2234,NSW,Australia,10
652,Edee,Stoker,Female,1996-11-24,169,Staff Scientist,Financial Services,High Net Worth,N,Yes,2482,60 Meadow Vale Hill,3032,Victoria,Australia,5
875,Caryl,Linnett,Male,1999-02-23,134,Recruiting Manager,Financial Services,Mass Customer,N,Yes,2483,60 Meadow Valley Avenue,2219,NSW,Australia,10
3979,Kleon,Adam,Male,1974-07-13,197,,Financial Services,Mass Customer,N,Yes,2484,60 Morningstar Center,2126,NSW,Australia,10
110,Sascha,St. Quintin,Male,2000-07-31,197,,Financial Services,Affluent Customer,N,No,2485,60 Oneill Street,2170,New South Wales,Australia,9
2457,Benito,Vearnals,Male,1975-04-12,62,Developer IV,IT,High Net Worth,N,Yes,2486,60 Sycamore Lane,2148,NSW,Australia,9
3898,Demetrius,Youdell,Male,1958-12-27,135,Registered Nurse,Health,Mass Customer,N,No,2487,60 Towne Pass,2877,NSW,Australia,1
3675,Samuele,Heller,Male,1999-12-17,21,Analog Circuit Design manager,Property,Affluent Customer,N,Yes,2488,6001 Calypso Park,2320,NSW,Australia,5
593,Eugenius,Packe,Male,1984-08-07,174,Structural Analysis Engineer,n/a,Mass Customer,N,No,2489,60010 Knutson Road,3137,Victoria,Australia,7
1344,Renelle,Tutin,Female,1995-11-02,180,Tax Accountant,Manufacturing,Mass Customer,N,No,2490,6002 Del Sol Trail,3630,VIC,Australia,2
906,Cammy,Marcroft,Male,1998-12-30,74,Financial Analyst,Financial Services,High Net Worth,N,Yes,2491,60086 Summit Lane,2116,NSW,Australia,10
2532,Milli,Hubbert,Female,1969-05-01,197,,Manufacturing,Mass Customer,N,No,2492,601 Dryden Way,2264,NSW,Australia,7
3810,Cacilie,Grimoldby,Female,1974-09-05,75,Food Chemist,Health,Affluent Customer,N,No,2493,6011 Knutson Way,3065,VIC,Australia,7
3377,Jamal,MacRury,Male,1988-06-23,197,,Manufacturing,Mass Customer,N,Yes,2494,602 Haas Drive,3799,VIC,Australia,3
1086,Ezechiel,Parnall,Male,1989-06-21,173,Statistician IV,Property,Mass Customer,N,Yes,2495,6026 Graceland Crossing,2121,NSW,Australia,11
3928,Kristin,Way,Female,1982-04-16,197,,Property,Affluent Customer,N,Yes,2496,60272 Montana Drive,2223,NSW,Australia,8
213,Lockwood,Exroll,Male,1996-05-14,15,Actuary,Financial Services,High Net Worth,N,Yes,2497,603 Kenwood Avenue,2070,NSW,Australia,11
3270,Tracey,Redsull,Male,1957-04-12,20,Administrative Officer,Financial Services,Mass Customer,N,Yes,2498,6030 South Drive,2120,NSW,Australia,10
3950,Alic,Juniper,Male,1968-09-07,151,Senior Financial Analyst,Financial Services,High Net Worth,N,Yes,2499,6031 Susan Terrace,4118,QLD,Australia,5
1248,Genia,Bartel,Female,1963-12-18,76,General Manager,n/a,Affluent Customer,N,Yes,2500,60320 Emmet Road,4806,QLD,Australia,4
3721,Merrili,Potticary,Female,1994-10-13,152,Senior Quality Engineer,Financial Services,Mass Customer,N,Yes,2501,6033 Blaine Court,2075,NSW,Australia,12
3297,Addy,Moukes,Male,1975-04-26,120,Product Engineer,Manufacturing,Mass Customer,N,No,2502,6039 Columbus Court,2280,NSW,Australia,8
2102,Carl,Penquet,Male,1976-01-08,150,Senior Editor,n/a,Affluent Customer,N,No,2503,60424 Bultman Terrace,2120,NSW,Australia,10
3332,Cissy,Jeffress,Female,1998-09-24,5,Account Representative III,Health,Mass Customer,N,No,2504,6043 Badeau Place,4820,QLD,Australia,1
1394,Freemon,Perago,Male,1978-01-27,197,,Health,Mass Customer,N,Yes,2505,60447 Ridgeway Plaza,3048,VIC,Australia,6
696,Arch,Gaitskill,Male,1966-02-06,123,Programmer Analyst II,n/a,Affluent Customer,N,Yes,2506,6046 Sheridan Way,2322,NSW,Australia,3
3199,Florry,Neasam,Female,1969-08-31,120,Product Engineer,n/a,Mass Customer,N,Yes,2507,60595 Northport Court,4122,QLD,Australia,8
1032,Maribelle,Werndly,Female,1978-07-18,72,Executive Secretary,n/a,Mass Customer,N,Yes,2508,60601 Hoffman Court,2041,NSW,Australia,12
2223,Sarita,Georgiev,Female,1981-01-29,121,Professor,Health,Mass Customer,N,No,2509,60650 Mcbride Point,3918,VIC,Australia,7
2867,Lem,Meegan,Male,1955-10-19,146,Sales Associate,n/a,High Net Worth,N,No,2510,60717 Farmco Center,2047,NSW,Australia,12
1201,Stephani,Mellhuish,Female,1955-11-28,197,,Manufacturing,Mass Customer,N,No,2511,6072 Ridge Oak Junction,2222,NSW,Australia,10
612,Grange,Skillington,Male,1962-01-12,82,GIS Technical Architect,Health,Mass Customer,N,No,2512,608 Basil Alley,2306,NSW,Australia,4
1567,Florri,Ramsdell,Female,1971-12-16,181,Teacher,n/a,Mass Customer,N,No,2513,608 Rutledge Drive,2121,NSW,Australia,11
365,Romona,Capitano,Female,1976-06-27,186,VP Quality Control,Property,High Net Worth,N,No,2514,6085 Petterle Circle,3130,VIC,Australia,10
1326,Goddard,Tinn,Male,1966-02-23,33,Biostatistician III,Health,Affluent Customer,N,Yes,2515,60855 Fieldstone Avenue,3939,VIC,Australia,6
93,Gordon,Gowar,Male,1976-07-16,130,Project Manager,Retail,Mass Customer,N,Yes,2516,6088 Roxbury Hill,2766,New South Wales,Australia,8
1876,Borden,Wooles,Male,1977-05-28,134,Recruiting Manager,Financial Services,Affluent Customer,N,No,2517,60911 Almo Point,2066,NSW,Australia,12
1557,Efren,Castanos,Male,1975-08-14,164,Speech Pathologist,Financial Services,Mass Customer,N,No,2518,61 Donald Crossing,2142,NSW,Australia,9
3668,Katlin,Ragsdale,Female,1955-02-09,58,Desktop Support Technician,Property,Mass Customer,N,Yes,2519,61 Kennedy Park,2745,NSW,Australia,10
1204,Trudy,Huffy,Female,1971-03-24,149,Senior Developer,Manufacturing,Affluent Customer,N,Yes,2520,61 Kim Avenue,2079,NSW,Australia,10
1000,Paulie,Castelot,Female,1978-08-07,45,Compensation Analyst,Financial Services,Mass Customer,N,No,2521,61 Lukken Plaza,3182,VIC,Australia,6
2616,Andee,Ormrod,Female,1970-06-11,108,Nurse,n/a,High Net Worth,N,Yes,2522,61 Northfield Pass,2190,NSW,Australia,10
3716,Kari,Bamlett,Female,1998-08-24,197,,Retail,Affluent Customer,N,No,2523,61 Shoshone Alley,3150,VIC,Australia,10
604,Mella,Petrovsky,Female,1998-02-10,88,Help Desk Operator,IT,Affluent Customer,N,No,2524,61 Talmadge Lane,4504,QLD,Australia,6
2071,Ardis,Ramelet,Female,1978-02-07,197,,n/a,Mass Customer,N,No,2525,61 Upham Parkway,4558,QLD,Australia,4
999,Dido,Leyburn,Female,1988-04-10,134,Recruiting Manager,n/a,High Net Worth,N,No,2526,610 Lakewood Gardens Point,4078,QLD,Australia,7
743,Pattin,Morican,Male,1981-04-06,183,VP Accounting,Financial Services,Mass Customer,N,Yes,2527,61043 Summer Ridge Junction,2229,NSW,Australia,11
492,Pail,Ashplant,Male,1976-04-28,71,Environmental Tech,Financial Services,Mass Customer,N,No,2528,61293 Delladonna Way,2015,NSW,Australia,9
3452,Maura,Estevez,Female,1964-09-04,101,Marketing Manager,Retail,Mass Customer,N,No,2529,613 Emmet Junction,2154,NSW,Australia,11
3991,Rolph,Sweetnam,Male,1985-08-06,41,Chief Design Engineer,Manufacturing,Mass Customer,N,Yes,2530,613 Erie Lane,2088,NSW,Australia,12
4000,Kippy,Oldland,Male,1991-11-05,159,Software Engineer IV,n/a,Affluent Customer,N,No,2531,613 Erie Lane,3996,NSW,Australia,10
1787,Tull,Godehard.sf,Male,1976-11-21,72,Executive Secretary,Retail,High Net Worth,N,Yes,2532,613 Mayfield Trail,4012,QLD,Australia,6
2976,Lindsay,Beausang,Male,1964-08-07,180,Tax Accountant,Health,Mass Customer,N,Yes,2533,6136 Farragut Plaza,3181,VIC,Australia,6
2813,Lillian,Crookall,Female,1953-09-10,40,Chemical Engineer,Manufacturing,Mass Customer,N,Yes,2534,6137 Scoville Center,2120,NSW,Australia,10
3982,Maurita,O'Kinedy,Female,1962-06-02,76,General Manager,Manufacturing,Mass Customer,N,Yes,2535,614 Burning Wood Way,2148,NSW,Australia,9
1196,Phillie,Bradforth,Female,1998-03-19,141,Research Nurse,Health,Mass Customer,N,No,2536,614 Shopko Trail,4350,QLD,Australia,3
2411,Casey,McDade,Male,1964-05-27,182,Technical Writer,Financial Services,High Net Worth,N,No,2537,6142 Grayhawk Lane,2298,NSW,Australia,8
582,Rhoda,McKeown,U,,169,Staff Scientist,IT,Affluent Customer,N,No,2538,61493 Manufacturers Junction,2539,NSW,Australia,9
847,Kelci,Morrison,Female,1991-05-26,41,Chief Design Engineer,Retail,High Net Worth,N,No,2539,615 Spenser Drive,4220,QLD,Australia,10
234,Mead,Alpes,Female,1969-08-12,41,Chief Design Engineer,Retail,High Net Worth,N,No,2540,6159 Katie Street,2750,NSW,Australia,8
1279,Burr,Lygoe,Male,1962-08-12,165,Staff Accountant I,Financial Services,Mass Customer,N,No,2541,617 Welch Street,4122,QLD,Australia,7
297,Cecile,MacLise,Female,1959-04-27,65,Electrical Engineer,Manufacturing,High Net Worth,N,No,2542,6170 Buena Vista Way,2320,NSW,Australia,7
3418,Felipa,Paddingdon,Female,1959-12-31,179,Systems Administrator IV,Health,High Net Worth,N,No,2543,618 Chinook Way,2155,NSW,Australia,10
668,Ebony,Threadgall,Female,1966-08-26,97,Junior Executive,Health,Mass Customer,N,No,2544,618 Independence Pass,2800,NSW,Australia,1
2429,Emeline,Baldi,Female,1980-11-11,25,Assistant Professor,Manufacturing,Mass Customer,N,Yes,2545,618 Kropf Drive,2261,NSW,Australia,9
939,Cristian,Theodoris,Male,1961-01-10,120,Product Engineer,Manufacturing,Mass Customer,N,No,2546,6183 Morrow Court,2113,NSW,Australia,11
2516,Zoe,Kiddye,Female,1967-05-27,135,Registered Nurse,Health,Mass Customer,N,No,2547,6188 Anniversary Circle,4551,QLD,Australia,6
1228,Marti,Bisterfeld,Female,1962-04-27,148,Senior Cost Accountant,Financial Services,Affluent Customer,N,No,2548,61949 7th Road,4573,QLD,Australia,8
2418,Elspeth,Brazil,Female,1970-04-05,158,Software Engineer III,Property,Mass Customer,N,Yes,2549,61976 Emmet Junction,2178,NSW,Australia,10
584,Fiona,Clines,Female,1995-09-15,180,Tax Accountant,Manufacturing,Affluent Customer,N,Yes,2550,62 Cherokee Terrace,2630,NSW,Australia,1
2499,Doll,Tschirschky,Female,1973-08-30,3,Account Representative I,Retail,Mass Customer,N,No,2551,62 Doe Crossing Junction,2760,NSW,Australia,7
1178,Angelo,Byne,Male,1970-05-26,118,Pharmacist,Health,Mass Customer,N,No,2552,62 Elka Terrace,2430,NSW,Australia,3
3167,Vernor,Stedall,Male,1995-01-20,191,Web Designer IV,Property,Mass Customer,N,No,2553,62 John Wall Lane,2326,NSW,Australia,1
2715,Umberto,Cappineer,Male,1962-11-14,42,Civil Engineer,Manufacturing,Affluent Customer,N,No,2554,62 Linden Drive,4209,QLD,Australia,4
3938,Dulcy,Wormleighton,Female,1973-08-06,2,Account Executive,Financial Services,High Net Worth,N,Yes,2555,62 Luster Avenue,2036,NSW,Australia,11
1708,Wenona,Mahaddie,Female,1988-12-30,101,Marketing Manager,Property,High Net Worth,N,No,2556,62 Mallard Avenue,3437,VIC,Australia,7
519,Rabi,Nissle,Male,2000-04-07,197,,n/a,Mass Customer,N,Yes,2557,62 Northport Lane,2049,NSW,Australia,10
49,Nolly,Ownsworth,Male,1994-01-26,186,VP Quality Control,n/a,Affluent Customer,N,No,2558,62 Steensland Road,4350,QLD,Australia,3
3485,Berthe,Ludwell,Female,1981-05-21,4,Account Representative II,Financial Services,High Net Worth,N,Yes,2559,62 Tennyson Way,2099,NSW,Australia,11
3636,Trudi,Bickerstasse,Female,1970-06-24,63,Director of Sales,Financial Services,Mass Customer,N,Yes,2560,6201 Schiller Drive,2502,NSW,Australia,6
1549,Vikki,Tett,Female,1997-08-06,197,,Financial Services,Affluent Customer,N,Yes,2561,62047 Ludington Terrace,2148,NSW,Australia,8
2464,Cleve,Jindrak,Male,1983-04-06,164,Speech Pathologist,Retail,Mass Customer,N,No,2562,62052 Loomis Avenue,4014,QLD,Australia,8
556,Oralia,Gifford,Female,1957-09-08,97,Junior Executive,n/a,Mass Customer,N,No,2563,62117 Trailsway Place,3356,Victoria,Australia,1
2504,Aloysius,Huffer,Male,2000-04-29,197,,Property,Mass Customer,N,No,2564,6220 Sugar Court,2300,NSW,Australia,8
3461,Nigel,Izard,Male,1962-11-30,70,Environmental Specialist,Manufacturing,Affluent Customer,N,Yes,2565,6221 Monica Plaza,2095,NSW,Australia,12
748,Linet,Postill,Female,1981-04-21,184,VP Marketing,Financial Services,High Net Worth,N,No,2566,62215 Delaware Plaza,4118,QLD,Australia,3
1377,Giacomo,Roseburgh,Male,1989-05-11,102,Mechanical Systems Engineer,Retail,Mass Customer,N,Yes,2567,6229 Amoth Place,3156,VIC,Australia,8
2869,Gavra,Woolvin,Female,2001-01-16,197,,Manufacturing,Affluent Customer,N,No,2568,62293 Raven Parkway,2486,NSW,Australia,8
3241,Milt,Erett,Male,1979-10-29,38,Budget/Accounting Analyst IV,Manufacturing,Mass Customer,N,Yes,2569,623 Carberry Way,2145,NSW,Australia,8
2057,Elianora,Sally,Female,1959-10-04,14,Accounting Assistant IV,Manufacturing,Affluent Customer,N,Yes,2570,623 Melody Avenue,4500,QLD,Australia,4
1410,Althea,Macvey,Female,1997-01-22,101,Marketing Manager,Retail,High Net Worth,N,Yes,2571,623 Talisman Way,2763,NSW,Australia,8
220,Jeniffer,Apark,Female,1954-05-10,65,Electrical Engineer,Manufacturing,High Net Worth,N,No,2572,6236 Summerview Terrace,2110,NSW,Australia,12
1775,Kimberly,Dishmon,Female,1995-10-01,15,Actuary,Financial Services,Affluent Customer,N,No,2573,6238 Hanover Crossing,3141,VIC,Australia,7
2108,Michel,O'Halligan,Female,1985-11-24,163,Software Test Engineer IV,Property,Mass Customer,N,Yes,2574,624 Atwood Circle,2164,NSW,Australia,8
3318,Courtnay,Allmen,Male,1962-02-07,197,,Manufacturing,High Net Worth,N,Yes,2575,624 Harper Way,2094,NSW,Australia,10
1894,Patten,Laytham,Male,1976-04-01,29,Automation Specialist III,Manufacturing,High Net Worth,N,Yes,2576,6244 Forest Point,4103,QLD,Australia,9
2466,Araldo,Klamp,Male,1980-10-04,163,Software Test Engineer IV,Entertainment,High Net Worth,N,No,2577,6247 Crest Line Terrace,2250,NSW,Australia,8
3360,Joelie,Sherlaw,Female,1963-03-23,132,Quality Engineer,Health,Affluent Customer,N,No,2578,62551 Del Mar Avenue,2300,NSW,Australia,6
267,Edgar,Buckler,U,,197,,IT,High Net Worth,N,No,2579,6262 Elgar Avenue,4735,QLD,Australia,2
1560,Tymon,Blackstone,Male,1973-01-12,197,,Retail,Mass Customer,N,No,2580,6265 Moland Terrace,2076,NSW,Australia,10
3068,Gill,Branney,Female,1990-12-07,27,Automation Specialist I,Manufacturing,Affluent Customer,N,No,2581,6269 Oak Valley Avenue,2323,NSW,Australia,5
941,Tye,Doohan,Male,1995-02-02,134,Recruiting Manager,Financial Services,Affluent Customer,N,Yes,2582,627 Ronald Regan Alley,4505,QLD,Australia,6
3070,Malissia,Minthorpe,Female,1998-07-27,2,Account Executive,Health,Affluent Customer,N,Yes,2583,6278 Old Shore Parkway,2250,NSW,Australia,9
1454,Caesar,Wattam,Male,1979-04-07,119,Physical Therapy Assistant,Argiculture,Mass Customer,N,Yes,2584,6279 Lien Junction,2560,NSW,Australia,6
2436,Jaymie,Wellesley,Male,1986-03-21,89,Help Desk Technician,IT,Mass Customer,N,No,2585,62842 Pearson Point,2508,NSW,Australia,9
1991,Tobe,Godrich,Male,1993-09-27,141,Research Nurse,Health,Mass Customer,N,Yes,2586,62965 Morningstar Junction,4109,QLD,Australia,9
2886,Lulu,Watkiss,Female,1961-08-08,109,Nurse Practicioner,n/a,Mass Customer,N,No,2587,63 Bayside Center,2018,NSW,Australia,11
2028,Cathy,Parmley,Female,1976-12-10,63,Director of Sales,Retail,Affluent Customer,N,Yes,2588,63 Golf Crossing,2217,NSW,Australia,8
1007,Cord,Warriner,Male,1996-06-08,197,,Retail,Mass Customer,N,No,2589,63 Grayhawk Pass,2769,NSW,Australia,9
2726,Bradford,Monkton,Male,1976-03-18,20,Administrative Officer,Financial Services,Affluent Customer,N,No,2590,63 International Drive,4165,QLD,Australia,7
29,Mona,Sancraft,Female,1968-06-22,144,Safety Technician III,Manufacturing,Mass Customer,N,No,2591,63 Lukken Drive,2170,New South Wales,Australia,9
2160,Kettie,Cantopher,Female,1971-06-26,133,Recruiter,Health,Mass Customer,N,Yes,2592,63 School Plaza,2145,NSW,Australia,9
2369,Averyl,Gosz,Female,1996-10-28,74,Financial Analyst,Financial Services,Mass Customer,N,Yes,2593,631 Fuller Parkway,3023,VIC,Australia,7
2185,Gayle,Gridley,Female,1963-10-15,91,Human Resources Assistant II,Property,Mass Customer,N,No,2594,63123 Merry Alley,4500,QLD,Australia,8
209,Udall,Bellard,Male,1957-08-28,21,Analog Circuit Design manager,n/a,Affluent Customer,N,Yes,2595,6327 Lunder Crossing,4655,QLD,Australia,4
934,Marcellus,Louisot,Male,1996-01-22,94,Human Resources Manager,Manufacturing,Mass Customer,N,No,2596,633 Cordelia Alley,3037,VIC,Australia,7
2523,Lauree,Shewery,Female,1961-10-29,184,VP Marketing,Financial Services,Mass Customer,N,Yes,2597,633 Menomonie Junction,3523,VIC,Australia,2
756,Carin,Lauthian,Female,1974-09-25,49,Computer Systems Analyst IV,Manufacturing,Mass Customer,N,Yes,2598,6330 Monica Way,2540,NSW,Australia,9
151,Donnie,Brimson,Male,1965-01-31,101,Marketing Manager,Manufacturing,Mass Customer,N,Yes,2599,63344 Holmberg Crossing,2025,NSW,Australia,10
3362,Piotr,Saladin,Male,1971-06-24,183,VP Accounting,Financial Services,Affluent Customer,N,No,2600,63493 Erie Place,2144,NSW,Australia,7
3054,Marieann,Wickey,Female,1965-07-14,115,Operator,Manufacturing,Affluent Customer,N,No,2601,6354 Briar Crest Road,2022,NSW,Australia,12
1188,Sally,Cominoli,Female,1984-02-23,173,Statistician IV,n/a,Affluent Customer,N,Yes,2602,63576 Anzinger Trail,2168,NSW,Australia,9
1180,Gaye,Quickenden,Female,1975-08-17,3,Account Representative I,Financial Services,Affluent Customer,N,No,2603,63588 Clove Court,2017,NSW,Australia,9
1758,Helli,Cooksley,Female,1971-10-28,16,Administrative Assistant I,Argiculture,Mass Customer,N,Yes,2604,636 Debs Circle,3039,VIC,Australia,9
3152,Lettie,McGenis,Female,1999-06-07,181,Teacher,Financial Services,High Net Worth,N,Yes,2605,63663 Darwin Crossing,2565,NSW,Australia,10
2576,Lotty,Szubert,Female,1959-05-30,26,Associate Professor,Manufacturing,Mass Customer,N,No,2606,63785 Anthes Circle,3260,VIC,Australia,1
3713,Cynthy,Snoad,Female,1993-02-03,197,,Telecommunications,High Net Worth,N,Yes,2607,63795 Logan Junction,3805,VIC,Australia,7
3030,Flor,Agnew,Female,1998-05-21,182,Technical Writer,Manufacturing,Affluent Customer,N,No,2608,638 Browning Terrace,3079,VIC,Australia,6
132,Celesta,Willavoys,Female,1963-07-07,188,Web Designer I,Manufacturing,Mass Customer,N,Yes,2609,638 Thackeray Junction,4178,QLD,Australia,3
893,Gibby,Fearnley,Male,1983-09-11,78,Geologist I,IT,Mass Customer,N,No,2610,6382 Bayside Street,2153,NSW,Australia,10
2072,Margie,Tillyer,Female,1960-04-20,70,Environmental Specialist,Financial Services,Mass Customer,N,Yes,2611,63832 Maple Wood Court,3172,VIC,Australia,9
1446,Gabriello,Nell,Male,1987-04-15,66,Engineer I,Manufacturing,Mass Customer,N,No,2612,6386 Raven Road,2579,NSW,Australia,2
1731,Aigneis,MacKall,Female,1959-03-11,86,Health Coach III,Health,High Net Worth,N,Yes,2613,63862 Dawn Park,4655,QLD,Australia,2
493,Tommie,Banbridge,Female,1960-09-13,65,Electrical Engineer,Manufacturing,Mass Customer,N,Yes,2614,6390 Truax Park,3012,Victoria,Australia,9
1823,Trude,Rizzardo,Female,1974-05-24,186,VP Quality Control,n/a,High Net Worth,N,No,2615,6395 Anthes Hill,4504,QLD,Australia,4
1429,Dante,Jikylls,Male,1980-12-03,98,Legal Assistant,Health,Mass Customer,N,Yes,2616,64 Everett Circle,2756,NSW,Australia,8
571,Ramonda,McKellar,Female,1958-02-15,24,Assistant Media Planner,Entertainment,Mass Customer,N,No,2617,64 Hayes Circle,2209,NSW,Australia,11
2316,Vernen,Bourgaize,Male,1978-03-21,49,Computer Systems Analyst IV,Financial Services,Affluent Customer,N,Yes,2618,64 Macpherson Junction,2208,NSW,Australia,11
3536,Laurence,Aulsford,Male,1967-12-24,121,Professor,Retail,Affluent Customer,N,No,2619,64 Macpherson Junction,4061,QLD,Australia,8
767,Gustav,Kos,Male,1955-12-16,36,Budget/Accounting Analyst II,Manufacturing,High Net Worth,N,No,2620,64 Milwaukee Pass,4350,QLD,Australia,4
763,Benita,Cuffley,Female,1987-11-05,49,Computer Systems Analyst IV,Manufacturing,Affluent Customer,N,No,2621,64 Muir Lane,2148,NSW,Australia,8
3313,Kori,Antoshin,Female,1995-03-15,197,,Property,High Net Worth,N,Yes,2622,64 Nancy Plaza,3137,VIC,Australia,7
625,Abra,Probets,Female,1974-11-27,24,Assistant Media Planner,Entertainment,High Net Worth,N,Yes,2623,64 Nelson Drive,4820,QLD,Australia,1
2979,Louella,Mandifield,Female,1976-07-25,180,Tax Accountant,Retail,Mass Customer,N,No,2624,64 Northview Pass,3163,VIC,Australia,9
3154,Angil,Ellesmere,Female,1957-11-21,58,Desktop Support Technician,Telecommunications,Mass Customer,N,Yes,2625,64 Quincy Alley,4170,QLD,Australia,9
3955,Dido,Austick,Female,1970-08-05,79,Geologist II,Argiculture,Mass Customer,N,Yes,2626,64 Trailsway Place,3802,VIC,Australia,7
2809,Jenilee,Lonsbrough,Female,1969-08-11,173,Statistician IV,Retail,Mass Customer,N,No,2627,64 Village Green Pass,2048,NSW,Australia,9
1266,Harry,,Male,1978-05-02,94,Human Resources Manager,Health,Mass Customer,N,Yes,2628,640 Toban Hill,4702,QLD,Australia,6
3298,Christine,Baignard,U,,186,VP Quality Control,IT,Affluent Customer,N,Yes,2629,6406 Parkside Hill,2017,NSW,Australia,9
3704,Haslett,Ropars,Male,1975-05-08,86,Health Coach III,Health,High Net Worth,N,Yes,2630,6407 Pierstorff Center,4209,QLD,Australia,6
686,Hallie,Le feaver,Female,1954-07-17,82,GIS Technical Architect,Argiculture,High Net Worth,N,Yes,2631,64080 Susan Park,4207,QLD,Australia,7
848,Lannie,Chat,Male,1979-06-25,185,VP Product Management,Manufacturing,Mass Customer,N,No,2632,641 Waywood Lane,2336,NSW,Australia,7
2943,Caesar,,Male,1979-01-10,187,VP Sales,n/a,High Net Worth,N,No,2633,64107 Little Fleur Trail,4211,QLD,Australia,3
3426,Ron,Dilon,Male,1959-04-18,24,Assistant Media Planner,Entertainment,Mass Customer,N,No,2634,6414 Hanover Avenue,2060,NSW,Australia,12
3633,Donavon,Ainsby,Male,1983-04-18,33,Biostatistician III,Health,Mass Customer,N,No,2635,6415 4th Alley,2766,NSW,Australia,8
3253,Bernadine,Shakeshaft,Female,1990-02-10,50,Cost Accountant,Financial Services,High Net Worth,N,Yes,2636,6416 Grover Street,2322,NSW,Australia,7
1441,Renae,Burns,Female,1977-03-07,197,,Manufacturing,Affluent Customer,N,No,2637,6418 Jenna Trail,2640,NSW,Australia,4
2705,Madalena,MacCaughey,Female,1996-10-20,107,Nuclear Power Engineer,Manufacturing,Mass Customer,N,No,2638,6418 Sachs Trail,2810,NSW,Australia,1
1927,Masha,Bibbie,Female,1975-07-15,160,Software Test Engineer I,Manufacturing,Affluent Customer,N,Yes,2639,642 Anderson Circle,4132,QLD,Australia,5
1372,Rockie,Wheldon,Male,1980-07-02,48,Computer Systems Analyst III,Manufacturing,Affluent Customer,N,No,2640,64201 Bonner Point,3169,VIC,Australia,5
990,Melissa,Purple,Female,1976-04-13,20,Administrative Officer,Manufacturing,Mass Customer,N,Yes,2641,64211 Laurel Alley,3141,VIC,Australia,10
2820,Tristam,Gutcher,Male,1979-03-01,66,Engineer I,Manufacturing,Affluent Customer,N,Yes,2642,643 Clyde Gallagher Road,3107,VIC,Australia,10
1716,Lou,Yellep,Female,1987-01-30,149,Senior Developer,Telecommunications,Affluent Customer,N,No,2643,644 Karstens Place,3040,VIC,Australia,11
2013,Marge,Girault,Female,1995-08-10,135,Registered Nurse,Health,Affluent Customer,N,Yes,2644,644 Mcbride Street,2086,NSW,Australia,11
2402,Merrielle,Strafen,Female,1957-06-07,50,Cost Accountant,Financial Services,Mass Customer,N,Yes,2645,645 Thackeray Street,4879,QLD,Australia,6
709,Holly,Cavil,Female,1979-12-11,9,Accountant III,Financial Services,Mass Customer,N,Yes,2646,646 Mariners Cove Place,3023,Victoria,Australia,6
1930,Ambrose,Bleasby,Male,1996-06-14,164,Speech Pathologist,Manufacturing,High Net Worth,N,No,2647,64610 Sachtjen Center,2575,NSW,Australia,10
2005,Marina,McElwee,Female,1978-08-20,7,Accountant I,Manufacturing,High Net Worth,N,No,2648,6466 Troy Street,2763,NSW,Australia,8
3682,Dukie,Asson,Male,1978-06-15,82,GIS Technical Architect,Financial Services,Mass Customer,N,Yes,2649,6468 West Park,3161,VIC,Australia,6
532,Row,Mawditt,Female,1961-01-14,44,Community Outreach Specialist,Financial Services,Affluent Customer,N,No,2650,64700 2nd Alley,2145,NSW,Australia,7
2253,Gracie,Kubacki,Female,1959-02-08,111,Office Assistant I,Manufacturing,Affluent Customer,N,Yes,2651,6471 Meadow Valley Court,2097,NSW,Australia,11
2658,Inger,Barnham,Female,1964-02-11,197,,Manufacturing,Mass Customer,N,Yes,2652,648 Rigney Pass,2460,NSW,Australia,2
3854,Melody,Ivanilov,Female,1996-01-16,186,VP Quality Control,Property,High Net Worth,N,Yes,2653,6489 Pennsylvania Road,2164,NSW,Australia,9
1607,Tiffani,Van Castele,Female,1988-01-22,100,Marketing Assistant,Retail,Mass Customer,N,Yes,2654,6491 Gerald Court,2261,NSW,Australia,9
240,Gavin,Fawks,Male,1989-07-28,18,Administrative Assistant III,IT,High Net Worth,N,Yes,2655,65 Kinsman Trail,3023,VIC,Australia,6
814,Raffarty,Giacomoni,Male,1959-12-23,21,Analog Circuit Design manager,Manufacturing,Mass Customer,N,No,2656,65 Sachtjen Park,2067,NSW,Australia,11
1539,Filberte,Godmer,Male,1977-11-17,2,Account Executive,n/a,Mass Customer,N,Yes,2657,65 Southridge Alley,2745,NSW,Australia,10
2710,Flory,Standering,Male,1998-01-30,197,,Retail,Mass Customer,N,No,2658,65 Sunbrook Road,2284,NSW,Australia,4
2559,Fulvia,Bernini,Female,1969-06-21,24,Assistant Media Planner,Entertainment,High Net Worth,N,No,2659,65 Waxwing Drive,2121,NSW,Australia,11
3712,Esmeralda,Klousner,Female,1957-07-12,134,Recruiting Manager,Financial Services,Mass Customer,N,No,2660,650 Barby Street,2023,NSW,Australia,12
2324,Jerrold,Robben,Male,1966-08-05,146,Sales Associate,Manufacturing,Mass Customer,N,Yes,2661,6505 Fieldstone Alley,4037,QLD,Australia,8
1185,Xena,Rossbrooke,Female,2000-07-23,185,VP Product Management,n/a,Mass Customer,N,Yes,2662,651 Mesta Drive,3173,VIC,Australia,9
159,Arin,Matskevich,Male,1987-05-12,141,Research Nurse,Health,Affluent Customer,N,No,2663,65105 Sommers Pass,3016,VIC,Australia,10
1242,Bartholomeo,Meeke,Male,1973-02-04,92,Human Resources Assistant III,Property,High Net Worth,N,Yes,2664,65209 Merrick Avenue,4873,QLD,Australia,2
2509,Danya,Beadles,Male,1971-07-07,89,Help Desk Technician,Financial Services,Mass Customer,N,No,2665,6534 New Castle Plaza,2033,NSW,Australia,12
878,Clarence,Silby,Male,1982-11-01,70,Environmental Specialist,Manufacturing,Mass Customer,N,Yes,2666,65345 Marcy Crossing,2065,NSW,Australia,12
1644,Gaby,Harriot,Male,1969-12-01,164,Speech Pathologist,Health,Mass Customer,N,No,2667,65387 Thackeray Parkway,3197,VIC,Australia,10
2130,Evangelina,Coxhell,Female,1990-01-01,175,Structural Engineer,Property,High Net Worth,N,Yes,2668,654 Kim Parkway,3175,VIC,Australia,3
3455,Coop,Skey,Male,1954-02-25,20,Administrative Officer,n/a,Mass Customer,N,Yes,2669,654 Logan Plaza,4113,QLD,Australia,10
1172,Smith,Babbs,Male,1974-04-12,133,Recruiter,n/a,Mass Customer,N,Yes,2670,6541 Dahle Junction,2212,NSW,Australia,9
3240,Ryon,Elsay,Male,1976-09-04,41,Chief Design Engineer,n/a,Mass Customer,N,Yes,2671,655 Chive Pass,3083,VIC,Australia,9
2578,Felice,McVane,Male,1991-02-27,180,Tax Accountant,Retail,High Net Worth,N,No,2672,6551 Atwood Road,4216,QLD,Australia,7
998,Petunia,Dufton,Female,1965-12-13,164,Speech Pathologist,Manufacturing,Affluent Customer,N,Yes,2673,656 Bartelt Parkway,3127,VIC,Australia,12
3091,Guenevere,Treffry,Female,1995-08-13,117,Payment Adjustment Coordinator,Manufacturing,Affluent Customer,N,Yes,2674,65620 Michigan Way,3141,VIC,Australia,10
2083,Karee,Ortler,Female,1980-07-18,197,,n/a,Mass Customer,N,No,2675,6563 Susan Pass,3024,VIC,Australia,7
1027,Rolando,Sherewood,Male,1966-10-07,170,Statistician I,Financial Services,Affluent Customer,N,No,2676,65634 Del Mar Crossing,4053,QLD,Australia,7
2479,Helge,Voller,Female,1996-11-06,44,Community Outreach Specialist,Retail,Mass Customer,N,No,2677,65662 Haas Trail,2560,NSW,Australia,7
2123,Shirley,Negal,Female,1993-03-19,157,Software Engineer II,Manufacturing,Affluent Customer,N,No,2678,65675 Spenser Way,3207,VIC,Australia,12
2452,Sophronia,Yerrill,Female,1975-07-24,40,Chemical Engineer,Manufacturing,Mass Customer,N,Yes,2679,6568 Northridge Pass,3029,VIC,Australia,6
3609,Chicky,Butterfield,Male,1997-09-02,101,Marketing Manager,Manufacturing,Mass Customer,N,No,2680,65769 Hoard Plaza,3030,VIC,Australia,7
1602,Shamus,Dennerly,Male,1979-01-09,121,Professor,Retail,Mass Customer,N,No,2681,658 Northfield Junction,3023,VIC,Australia,7
2085,Carolynn,Samsin,Female,1956-05-03,118,Pharmacist,Health,Mass Customer,N,No,2682,65880 Cascade Drive,2164,NSW,Australia,9
3718,Damiano,,U,,81,Geologist IV,IT,Mass Customer,N,Yes,2683,65885 Maple Hill,3072,VIC,Australia,10
818,Beverie,Bosanko,Female,1973-12-21,40,Chemical Engineer,Manufacturing,Mass Customer,N,No,2684,659 Scofield Street,3175,VIC,Australia,5
3191,Bobbette,Amps,Female,1959-07-08,63,Director of Sales,Financial Services,Affluent Customer,N,Yes,2685,6590 Fremont Avenue,2077,NSW,Australia,8
3265,Isaak,Higounet,Male,1967-06-02,43,Clinical Specialist,Health,High Net Worth,N,No,2686,65973 Morrow Alley,2170,NSW,Australia,9
2914,Jessamine,Brazear,Female,1982-11-06,87,Health Coach IV,Health,Affluent Customer,N,Yes,2687,66 Arrowood Court,4551,QLD,Australia,8
1367,Fredrika,Danielkiewicz,Female,1973-06-29,96,Internal Auditor,Retail,Mass Customer,N,No,2688,66 Division Pass,3840,VIC,Australia,1
1022,Suzann,Wilks,Female,1990-03-04,23,Assistant Manager,Financial Services,Affluent Customer,N,Yes,2689,66 Hudson Crossing,2153,NSW,Australia,10
3203,Swen,Merioth,Male,1985-02-05,82,GIS Technical Architect,n/a,Affluent Customer,N,Yes,2690,66 Sunfield Road,2821,NSW,Australia,1
2284,Ola,Lenoir,Female,1974-02-16,168,Staff Accountant IV,Telecommunications,High Net Worth,N,No,2691,66 Talmadge Terrace,3630,VIC,Australia,1
3579,Rachel,Somes,Female,1987-09-15,162,Software Test Engineer III,Health,High Net Worth,N,No,2692,66028 Randy Terrace,2155,NSW,Australia,10
2966,Fredi,Aldhous,Female,1969-05-22,56,Dental Hygienist,Health,Mass Customer,N,Yes,2693,6604 Hansons Court,2760,NSW,Australia,8
3115,Rip,Spiers,Male,1981-02-26,107,Nuclear Power Engineer,Manufacturing,Mass Customer,N,No,2694,6620 Elmside Drive,4118,QLD,Australia,9
2171,Laryssa,Maes,Female,1970-02-10,118,Pharmacist,Health,High Net Worth,N,No,2695,6621 Carberry Crossing,3083,VIC,Australia,8
1798,Eunice,Risom,Female,2000-10-11,65,Electrical Engineer,Manufacturing,High Net Worth,N,Yes,2696,66238 Old Gate Circle,4157,QLD,Australia,9
357,Betta,Shrimpton,Female,1969-01-25,63,Director of Sales,n/a,Affluent Customer,N,No,2697,66286 Homewood Alley,2075,NSW,Australia,11
467,Welbie,Rockliffe,Male,1954-01-02,90,Human Resources Assistant I,Property,Affluent Customer,N,No,2698,663 Bellgrove Parkway,3812,Victoria,Australia,8
3566,Bram,Pheasant,Male,1976-11-02,154,Social Worker,Health,Affluent Customer,N,Yes,2699,663 Sunfield Court,3564,VIC,Australia,2
2194,Johnette,O'Fergus,Female,1958-09-10,65,Electrical Engineer,Manufacturing,Affluent Customer,N,Yes,2700,6631 Farragut Terrace,2148,NSW,Australia,6
2086,Gayle,Cockerell,Male,1997-01-03,148,Senior Cost Accountant,Financial Services,High Net Worth,N,No,2701,6632 Truax Hill,2230,NSW,Australia,9
1273,Hieronymus,Whinray,Male,1974-07-31,76,General Manager,Financial Services,Affluent Customer,N,Yes,2702,6659 Kenwood Plaza,4380,QLD,Australia,1
2890,Nevile,Ecclesall,Male,1959-05-17,164,Speech Pathologist,n/a,Affluent Customer,N,Yes,2703,666 Holy Cross Parkway,4818,QLD,Australia,4
2211,Carmelita,Matuskiewicz,Female,1975-08-27,197,,Manufacturing,Mass Customer,N,Yes,2704,6672 Butternut Avenue,3458,VIC,Australia,6
473,Benji,O'Shirine,Male,1977-03-13,97,Junior Executive,Health,Mass Customer,N,Yes,2705,6674 Russell Center,2197,NSW,Australia,9
1867,Tonya,Ritmeier,Female,1986-04-16,149,Senior Developer,n/a,Affluent Customer,N,No,2706,66811 Lerdahl Way,4160,QLD,Australia,4
525,Lennard,Donizeau,Male,1980-02-12,40,Chemical Engineer,Manufacturing,Mass Customer,N,Yes,2707,66834 Melby Way,2160,NSW,Australia,9
615,Rebeca,Martonfi,Female,1956-05-11,90,Human Resources Assistant I,Property,Mass Customer,N,No,2708,66897 Pawling Circle,2066,NSW,Australia,9
3444,Kara-lynn,Bims,Female,1977-12-25,109,Nurse Practicioner,Manufacturing,Affluent Customer,N,No,2709,6691 Lindbergh Drive,2147,NSW,Australia,9
1992,Shanta,Attrill,Female,1995-10-21,192,Web Developer I,Manufacturing,Mass Customer,N,Yes,2710,6698 Melody Crossing,4556,QLD,Australia,8
551,Florence,Muldoon,Female,1987-08-10,175,Structural Engineer,Financial Services,High Net Worth,N,No,2711,67 8th Terrace,3564,Victoria,Australia,4
649,Krissie,Dinan,Female,1974-12-07,98,Legal Assistant,Financial Services,Mass Customer,N,Yes,2712,67 Aberg Hill,2519,NSW,Australia,4
2184,Lamar,Gladman,Male,1971-12-05,172,Statistician III,Health,Mass Customer,N,No,2713,67 Carioca Road,4211,QLD,Australia,9
2445,Johnnie,Prujean,Male,1976-03-11,131,Quality Control Specialist,Retail,Affluent Customer,N,No,2714,67 Crowley Drive,3216,VIC,Australia,4
2282,Dominic,Gregoletti,Male,1957-02-25,151,Senior Financial Analyst,Financial Services,Affluent Customer,N,Yes,2715,67 Elka Court,3630,VIC,Australia,3
1001,Finley,Vost,Male,1979-08-27,133,Recruiter,Retail,Mass Customer,N,No,2716,67 Holmberg Way,2165,NSW,Australia,9
1784,Louella,O' Timony,Female,1994-10-15,82,GIS Technical Architect,Manufacturing,Mass Customer,N,Yes,2717,67 Hooker Place,2380,NSW,Australia,5
3958,Pincus,Woodard,Male,1970-04-27,15,Actuary,Financial Services,Affluent Customer,N,Yes,2718,67 Lakewood Gardens Circle,2506,NSW,Australia,7
2557,Lian,Zarfai,Female,1978-08-19,197,,n/a,Mass Customer,N,No,2719,67 Lerdahl Parkway,4670,QLD,Australia,1
314,Catie,Advani,Female,1962-08-25,100,Marketing Assistant,Retail,High Net Worth,N,Yes,2720,671 American Ash Way,2365,NSW,Australia,2
2529,Ben,Laidler,Male,1954-05-11,132,Quality Engineer,Manufacturing,High Net Worth,N,Yes,2721,671 Mallory Pass,2177,NSW,Australia,8
1963,Syman,Trimnell,Male,1998-03-18,31,Biostatistician I,Argiculture,Mass Customer,N,Yes,2722,67104 Bunting Crossing,2043,NSW,Australia,9
865,Germain,De la Harpe,Female,1965-04-12,58,Desktop Support Technician,Telecommunications,Mass Customer,N,No,2723,6712 Nova Crossing,2065,NSW,Australia,10
1976,Letitia,Coan,Female,1975-08-16,120,Product Engineer,Manufacturing,Mass Customer,N,No,2724,67125 Melody Place,2747,NSW,Australia,8
2174,Rock,Vickerstaff,Male,1962-09-21,2,Account Executive,Argiculture,High Net Worth,N,No,2725,67143 Bluejay Court,4214,QLD,Australia,8
3440,Retha,Kahane,Female,1958-05-15,153,Senior Sales Associate,Manufacturing,Mass Customer,N,No,2726,672 Crowley Place,3043,VIC,Australia,8
90,Cary,Garron,Male,1984-11-12,131,Quality Control Specialist,Manufacturing,Mass Customer,N,No,2727,67234 Transport Hill,2777,New South Wales,Australia,7
3090,Zared,Pinchback,Male,1964-12-06,115,Operator,Manufacturing,Mass Customer,N,No,2728,67241 Heath Way,2151,NSW,Australia,8
2998,Quintana,Housley,Female,2000-12-19,109,Nurse Practicioner,Manufacturing,High Net Worth,N,Yes,2729,673 Comanche Parkway,2470,NSW,Australia,2
1231,Aloisia,Shawel,Female,1973-07-28,154,Social Worker,Health,Affluent Customer,N,No,2730,67348 Lakewood Gardens Road,2852,NSW,Australia,2
3183,Craig,Phethean,Male,1974-06-19,97,Junior Executive,Health,Mass Customer,N,No,2731,6735 Katie Way,2150,NSW,Australia,7
3533,Neale,Lowings,Male,1981-02-14,197,,Financial Services,Affluent Customer,N,Yes,2732,6736 Anthes Junction,2250,NSW,Australia,7
1275,Francisca,Whittek,Female,1966-01-10,76,General Manager,Health,Mass Customer,N,Yes,2733,67396 Roxbury Court,4817,QLD,Australia,3
3932,Hadley,Veracruysse,Male,1986-07-10,150,Senior Editor,Financial Services,Mass Customer,N,No,2734,67473 Nova Avenue,3089,VIC,Australia,10
1525,Philis,Whittam,Female,1966-07-15,54,Database Administrator III,Financial Services,High Net Worth,N,No,2735,6750 Truax Trail,2145,NSW,Australia,8
254,Barbie,Rubi,Female,1961-09-22,95,Information Systems Manager,Retail,Mass Customer,N,No,2736,6759 Nevada Point,2323,NSW,Australia,6
3615,Junia,Napton,Female,1978-07-09,143,Safety Technician II,IT,Mass Customer,N,Yes,2737,6764 Commercial Avenue,2753,NSW,Australia,8
862,Worden,Fossitt,Male,1977-12-27,95,Information Systems Manager,Argiculture,High Net Worth,N,Yes,2738,677 Butternut Crossing,2216,NSW,Australia,7
3029,Timmie,Gori,Male,1978-07-17,39,Business Systems Development Analyst,Manufacturing,Mass Customer,N,No,2739,677 Eagan Trail,3183,VIC,Australia,7
2781,Linnea,Jeacop,Female,1997-09-01,187,VP Sales,Financial Services,Affluent Customer,N,Yes,2740,677 Golden Leaf Junction,4054,QLD,Australia,6
1306,Doyle,Oleksinski,Male,1956-04-12,110,Occupational Therapist,Health,Affluent Customer,N,Yes,2741,67727 Westerfield Hill,4164,QLD,Australia,9
2192,Hubie,Leipold,Male,1966-08-27,166,Staff Accountant II,n/a,Mass Customer,N,No,2742,6779 Melrose Way,2450,NSW,Australia,7
3630,Jeni,Heymes,Female,1978-11-15,180,Tax Accountant,Property,Affluent Customer,N,Yes,2743,678 Monterey Center,2759,NSW,Australia,8
643,Carolee,Butters,Female,1982-12-29,24,Assistant Media Planner,Entertainment,Mass Customer,N,Yes,2744,678 Old Gate Pass,3171,Victoria,Australia,9
369,Alic,Trenear,Male,1991-08-24,15,Actuary,Financial Services,Mass Customer,N,Yes,2745,67884 Fair Oaks Parkway,3931,VIC,Australia,9
608,Alisun,Heinecke,Female,1980-01-08,11,Accounting Assistant I,Retail,High Net Worth,N,Yes,2746,679 Huxley Trail,2087,NSW,Australia,11
779,Maddy,Larrat,Female,1992-02-10,167,Staff Accountant III,Health,High Net Worth,N,No,2747,68 Chinook Street,4814,QLD,Australia,2
1543,Michaela,Andrasch,Female,1993-10-13,54,Database Administrator III,n/a,High Net Worth,N,No,2748,68 Delaware Avenue,2768,NSW,Australia,10
99,Reggie,Mulliner,Male,1998-06-13,183,VP Accounting,Financial Services,Mass Customer,N,No,2749,68 Little Fleur Crossing,2046,New South Wales,Australia,12
2816,Denys,Dumingos,Female,1989-11-25,17,Administrative Assistant II,Financial Services,Mass Customer,N,Yes,2750,68 Roth Crossing,2295,NSW,Australia,8
2861,Cecelia,Franzini,Female,1974-12-24,186,VP Quality Control,Financial Services,Mass Customer,N,Yes,2751,6804 Red Cloud Parkway,2099,NSW,Australia,9
138,Onofredo,Franc,Male,1985-04-28,133,Recruiter,Financial Services,Affluent Customer,N,Yes,2752,68063 Blue Bill Park Center,3058,VIC,Australia,9
1845,Pascal,Veronique,Male,1978-01-16,76,General Manager,Financial Services,Mass Customer,N,No,2753,6809 Maple Park,3023,VIC,Australia,8
2216,Clarinda,Woffinden,Female,1962-01-02,177,Systems Administrator II,Property,High Net Worth,N,Yes,2754,681 Butterfield Lane,2233,NSW,Australia,9
3989,Nicolas,Burdass,Male,1999-06-23,70,Environmental Specialist,Argiculture,Affluent Customer,N,Yes,2755,681 Elmside Place,3750,VIC,Australia,6
3569,Janel,Daice,Female,1973-05-18,150,Senior Editor,n/a,Affluent Customer,N,No,2756,681 Ridgeway Junction,4208,QLD,Australia,7
1980,Kenneth,Viall,Male,1992-06-20,75,Food Chemist,Health,High Net Worth,N,Yes,2757,681 School Avenue,2077,NSW,Australia,10
854,Charisse,Thoresby,Female,2000-10-24,101,Marketing Manager,n/a,Affluent Customer,N,No,2758,681 Transport Pass,4055,QLD,Australia,7
2755,Karen,La Wille,Female,1999-07-28,27,Automation Specialist I,Manufacturing,Mass Customer,N,Yes,2759,68111 Bartillon Court,3995,VIC,Australia,3
2656,Halli,Littledike,Female,1959-05-02,172,Statistician III,n/a,Mass Customer,N,Yes,2760,68128 Leroy Street,4213,QLD,Australia,8
3467,Killy,Spaducci,Male,1980-05-20,186,VP Quality Control,IT,Mass Customer,N,No,2761,6814 Haas Place,2230,NSW,Australia,7
2905,Emily,Shackel,Female,1964-05-18,3,Account Representative I,n/a,Mass Customer,N,No,2762,6815 South Junction,3198,VIC,Australia,9
59,Niki,Heathcote,Male,2000-02-08,119,Physical Therapy Assistant,n/a,High Net Worth,N,No,2763,68150 Boyd Road,2745,New South Wales,Australia,9
3463,Fletch,Durrett,Male,1984-06-15,45,Compensation Analyst,Financial Services,Affluent Customer,N,No,2764,682 Claremont Circle,4350,QLD,Australia,6
221,Mara,Bloore,Female,1980-03-10,180,Tax Accountant,Manufacturing,Mass Customer,N,No,2765,682 Sheridan Avenue,2566,NSW,Australia,9
1054,Natal,Matiewe,Male,1983-08-09,107,Nuclear Power Engineer,Manufacturing,Mass Customer,N,Yes,2766,682 Spenser Plaza,3977,VIC,Australia,6
63,Ebony,Zini,Female,1965-07-03,152,Senior Quality Engineer,Retail,Mass Customer,N,Yes,2767,68294 Clarendon Crossing,2230,New South Wales,Australia,10
3238,Sauveur,Edmands,Male,1977-07-20,72,Executive Secretary,Retail,Mass Customer,N,No,2768,683 Scoville Park,3168,VIC,Australia,8
1380,Lavina,Clavey,Female,1998-09-30,74,Financial Analyst,Financial Services,Mass Customer,N,No,2769,6837 West Pass,4119,QLD,Australia,7
1912,Hall,Grouer,Male,1992-11-04,1,Account Coordinator,Manufacturing,High Net Worth,N,No,2770,6838 Anniversary Junction,2484,NSW,Australia,4
121,Myles,Pauncefort,Male,1957-10-02,83,Graphic Designer,Manufacturing,Mass Customer,N,No,2771,684 Northport Circle,2213,New South Wales,Australia,10
835,Zachary,Matyukon,Male,1968-04-22,65,Electrical Engineer,Manufacturing,Mass Customer,N,Yes,2772,6841 Dawn Drive,2880,NSW,Australia,1
2944,Kimball,Scutter,Male,1977-06-05,70,Environmental Specialist,Manufacturing,Affluent Customer,N,No,2773,68473 Leroy Avenue,4105,QLD,Australia,9
3207,Anica,Halfhyde,Female,1987-08-29,197,,n/a,Mass Customer,N,No,2774,68486 Anderson Alley,3083,VIC,Australia,8
2515,Manya,,Female,1995-03-07,197,,Retail,Affluent Customer,N,Yes,2775,685 International Lane,4825,QLD,Australia,2
3397,Melisande,,Female,1985-08-19,120,Product Engineer,IT,Mass Customer,N,No,2776,6851 Orin Parkway,2142,NSW,Australia,10
2127,Wanids,Baudet,Female,1974-02-15,188,Web Designer I,Manufacturing,Mass Customer,N,No,2777,686 Rusk Parkway,2566,NSW,Australia,8
3639,Megan,Perrygo,Female,1974-01-11,75,Food Chemist,Health,High Net Worth,N,No,2778,686 Scoville Drive,3012,VIC,Australia,5
339,Nanny,Casero,Female,1980-01-11,94,Human Resources Manager,Health,Mass Customer,N,No,2779,6860 Green Ridge Avenue,2126,NSW,Australia,11
2537,Peggi,Tolan,Female,1989-09-06,152,Senior Quality Engineer,n/a,Affluent Customer,N,Yes,2780,6865 Duke Trail,2234,NSW,Australia,10
3409,Abbey,Nellen,Female,1977-04-29,58,Desktop Support Technician,Argiculture,Mass Customer,N,No,2781,687 Almo Crossing,2160,NSW,Australia,10
2746,Carmelia,Egle of Germany,Female,1953-10-25,15,Actuary,Financial Services,High Net Worth,N,Yes,2782,68730 Hermina Place,3130,VIC,Australia,10
2647,Marcelia,Blannin,U,,119,Physical Therapy Assistant,IT,High Net Worth,N,No,2783,6876 Mandrake Avenue,2298,NSW,Australia,6
2542,Amanda,Leverington,Female,1966-03-11,11,Accounting Assistant I,Property,Affluent Customer,N,Yes,2784,688 Kropf Circle,3351,VIC,Australia,5
2628,Giselbert,Gudyer,Male,2001-05-21,24,Assistant Media Planner,Entertainment,Affluent Customer,N,No,2785,688 Straubel Junction,2113,NSW,Australia,9
719,Pattin,Weathey,Male,1953-12-30,20,Administrative Officer,Retail,Mass Customer,N,No,2786,68861 School Hill,2199,NSW,Australia,9
2087,Yehudi,Sandon,Male,1969-06-08,20,Administrative Officer,IT,Mass Customer,N,Yes,2787,68882 Commercial Crossing,2320,NSW,Australia,3
170,Jammal,Gever,Male,1975-06-02,118,Pharmacist,Health,High Net Worth,N,No,2788,6898 Redwing Park,2148,NSW,Australia,9
2859,Brandais,Goodlad,Female,1994-02-04,25,Assistant Professor,Argiculture,High Net Worth,N,No,2789,69 Dexter Parkway,2460,NSW,Australia,3
840,Chas,Carabet,Male,1964-06-20,187,VP Sales,Financial Services,Affluent Customer,N,Yes,2790,69 Hovde Plaza,2680,NSW,Australia,5
3185,Duky,Crichley,Male,1956-01-18,151,Senior Financial Analyst,Financial Services,Mass Customer,N,No,2791,69 Huxley Lane,4205,QLD,Australia,3
3777,Letty,Giacobelli,Female,1969-06-12,50,Cost Accountant,Financial Services,High Net Worth,N,Yes,2792,69 Porter Parkway,4128,QLD,Australia,7
1839,Faythe,Rance,Female,1987-05-08,96,Internal Auditor,Entertainment,High Net Worth,N,Yes,2793,69 Valley Edge Lane,3144,VIC,Australia,8
52,Curran,Bentson,Male,1988-06-22,197,,Financial Services,Mass Customer,N,Yes,2794,690 Glacier Hill Circle,2127,New South Wales,Australia,10
417,Fernandina,Brambley,Female,1971-02-17,34,Biostatistician IV,Argiculture,Mass Customer,N,No,2795,690 Hanson Center,2330,NSW,Australia,3
3799,Violetta,Monnery,Female,1971-01-28,180,Tax Accountant,Property,High Net Worth,N,No,2796,6901 Russell Street,3977,VIC,Australia,6
3774,Elizabeth,Christy,Female,1998-11-07,170,Statistician I,Property,High Net Worth,N,No,2797,69131 Kipling Alley,3351,VIC,Australia,4
3119,Earle,Frisby,Male,1960-01-11,197,,n/a,High Net Worth,N,No,2798,6915 Nobel Crossing,2195,NSW,Australia,6
2937,Belia,Mitchener,Female,1974-07-29,46,Computer Systems Analyst I,Financial Services,Mass Customer,N,No,2799,692 Anniversary Junction,4207,QLD,Australia,1
2068,Wandie,Nare,Female,1956-08-08,3,Account Representative I,n/a,High Net Worth,N,No,2800,692 Leroy Parkway,3043,VIC,Australia,9
427,Giusto,Torbett,Male,1996-12-19,24,Assistant Media Planner,Entertainment,Mass Customer,N,Yes,2801,6920 Dwight Circle,4173,QLD,Australia,7
286,Kiley,Canaan,Male,1989-08-01,12,Accounting Assistant II,Manufacturing,Affluent Customer,N,Yes,2802,6923 Tennessee Circle,2766,NSW,Australia,9
911,Marcellus,Shawcroft,Male,1974-10-13,174,Structural Analysis Engineer,Property,Affluent Customer,N,No,2803,69278 High Crossing Place,2795,NSW,Australia,5
3333,Celinda,Asher,Female,1979-05-08,161,Software Test Engineer II,Property,Mass Customer,N,Yes,2804,6933 Leroy Parkway,4209,QLD,Australia,4
2340,Joachim,Amer,Male,1978-03-29,139,Research Assistant IV,Health,Mass Customer,N,Yes,2805,694 Northwestern Court,2155,NSW,Australia,10
2315,Pernell,MacCheyne,Male,1994-03-01,44,Community Outreach Specialist,Financial Services,Affluent Customer,N,No,2806,69444 Mccormick Junction,2539,NSW,Australia,9
2811,Sharia,Allkins,Female,1976-11-29,96,Internal Auditor,Property,Mass Customer,N,No,2807,69490 Orin Trail,3029,VIC,Australia,5
3937,Brennen,Mularkey,Male,1978-06-07,180,Tax Accountant,Property,Mass Customer,N,No,2808,695 Anthes Crossing,4350,QLD,Australia,2
2033,Mar,Philippon,Male,1971-08-31,56,Dental Hygienist,Health,High Net Worth,N,No,2809,6950 Morrow Street,2326,NSW,Australia,3
1803,Clarinda,Edlyn,Female,1988-01-13,197,,n/a,Mass Customer,N,No,2810,69555 Dakota Alley,4211,QLD,Australia,5
3338,Nata,Ozanne,Female,1964-07-08,197,,Manufacturing,Mass Customer,N,Yes,2811,6956 Clyde Gallagher Park,2281,NSW,Australia,9
3124,Anastasie,Le Grand,Female,1981-02-03,2,Account Executive,Retail,High Net Worth,N,Yes,2812,6958 Knutson Pass,3620,VIC,Australia,1
3180,Gage,,Male,1974-06-14,39,Business Systems Development Analyst,IT,Mass Customer,N,Yes,2813,696 Harbort Junction,2196,NSW,Australia,10
2821,Fairlie,Alasdair,Male,1985-01-23,92,Human Resources Assistant III,Property,Affluent Customer,N,No,2814,6970 Almo Court,2049,NSW,Australia,9
2168,Levon,Woollard,Male,1974-11-16,183,VP Accounting,Financial Services,Mass Customer,N,Yes,2815,698 Lunder Point,2016,NSW,Australia,10
1933,Ephraim,Fulep,Male,1980-09-10,27,Automation Specialist I,Manufacturing,Affluent Customer,N,No,2816,698 Old Gate Lane,2619,NSW,Australia,3
1170,Lari,Rotte,Female,1964-11-30,25,Assistant Professor,IT,Mass Customer,N,Yes,2817,698 Summer Ridge Way,2529,NSW,Australia,7
2388,Quincy,Weben,Male,1997-05-28,50,Cost Accountant,Financial Services,Mass Customer,N,No,2818,69810 Westridge Avenue,2573,NSW,Australia,6
1059,Chantal,Plante,Female,1968-02-16,5,Account Representative III,Entertainment,High Net Worth,N,Yes,2819,6988 Acker Crossing,2217,NSW,Australia,10
2666,Lyle,Eager,Male,1971-02-16,110,Occupational Therapist,Health,Mass Customer,N,No,2820,6988 Waxwing Hill,4700,QLD,Australia,3
1071,Chrisy,Miranda,Male,1986-12-29,197,,Retail,High Net Worth,N,No,2821,69881 Westport Parkway,2880,NSW,Australia,1
2323,Adair,Piser,Male,1988-04-30,58,Desktop Support Technician,Property,High Net Worth,N,No,2822,69893 Loomis Junction,2229,NSW,Australia,10
3791,Bertrand,Sissons,Male,1993-05-26,131,Quality Control Specialist,Health,Affluent Customer,N,No,2823,699 Hudson Road,2138,NSW,Australia,9
146,Ricoriki,Matlock,Male,1985-04-08,131,Quality Control Specialist,Manufacturing,Mass Customer,N,No,2824,69914 Bowman Place,2330,NSW,Australia,7
2713,Hadlee,Mackro,Male,1954-11-03,171,Statistician II,Retail,Affluent Customer,N,Yes,2825,6994 Hanson Place,2580,NSW,Australia,5
3012,Devland,Probart,U,,182,Technical Writer,IT,Mass Customer,N,Yes,2826,7 Anzinger Drive,2745,NSW,Australia,10
334,Fredi,Iannuzzelli,Female,1999-05-20,73,Financial Advisor,Financial Services,Affluent Customer,N,Yes,2827,7 Arapahoe Pass,3101,VIC,Australia,12
3414,Winnifred,Zima,Female,1966-02-25,155,Software Consultant,n/a,Affluent Customer,N,Yes,2828,7 Barnett Road,2713,NSW,Australia,1
1515,Dietrich,Escott,Male,1990-08-19,77,Geological Engineer,Manufacturing,Mass Customer,N,Yes,2829,7 Bartillon Circle,2260,NSW,Australia,8
2872,Tabbi,Tyght,Female,1974-02-17,25,Assistant Professor,Health,Affluent Customer,N,Yes,2830,7 Bartillon Junction,2044,NSW,Australia,10
3227,Costa,Sharpin,Male,1995-12-06,197,,Manufacturing,Affluent Customer,N,No,2831,7 Bayside Point,3085,VIC,Australia,8
3880,Donella,Disley,Female,1968-01-13,188,Web Designer I,Manufacturing,Mass Customer,N,No,2832,7 Beilfuss Center,2550,NSW,Australia,4
2951,Duffy,Godbehere,Male,1977-09-25,44,Community Outreach Specialist,Financial Services,High Net Worth,N,No,2833,7 Blue Bill Park Lane,2765,NSW,Australia,9
2837,Caitrin,MacTavish,Female,1987-12-04,197,,Retail,Mass Customer,N,No,2834,7 Buhler Drive,2142,NSW,Australia,7
1328,Stavro,Gargett,Male,1981-09-02,38,Budget/Accounting Analyst IV,IT,Mass Customer,N,Yes,2835,7 Canary Trail,3977,VIC,Australia,10
116,Scottie,Swiffen,Male,1999-02-05,25,Assistant Professor,Manufacturing,Affluent Customer,N,Yes,2836,7 Carberry Crossing,2485,New South Wales,Australia,2
3454,Akim,Mathes,Male,1969-06-09,190,Web Designer III,n/a,Mass Customer,N,No,2837,7 Center Circle,2096,NSW,Australia,9
3372,Orazio,Wissby,Male,1954-09-25,197,,Telecommunications,High Net Worth,N,No,2838,7 Charing Cross Hill,2121,NSW,Australia,9
570,Xever,Baldetti,Male,1978-06-24,185,VP Product Management,Financial Services,Mass Customer,N,Yes,2839,7 Claremont Court,2111,NSW,Australia,12
3341,Vitia,Crum,Female,1980-08-05,89,Help Desk Technician,Retail,Affluent Customer,N,Yes,2840,7 Clemons Drive,4370,QLD,Australia,2
1208,Lira,Durn,Female,1983-12-26,38,Budget/Accounting Analyst IV,Financial Services,Mass Customer,N,No,2841,7 Dahle Avenue,2620,NSW,Australia,9
3017,Jason,De Lorenzo,Male,1955-10-05,115,Operator,Financial Services,Affluent Customer,N,No,2842,7 Debra Point,3175,VIC,Australia,4
2939,Austina,Dugan,Female,1986-08-10,82,GIS Technical Architect,n/a,Mass Customer,N,Yes,2843,7 Debs Park,4157,QLD,Australia,3
355,Stacy,Gullane,Female,1979-06-01,53,Database Administrator II,Retail,Mass Customer,N,Yes,2844,7 Debs Point,2322,NSW,Australia,4
1960,Falkner,Jochens,Male,1978-07-03,157,Software Engineer II,n/a,Mass Customer,N,Yes,2845,7 Del Mar Crossing,4680,QLD,Australia,7
1076,Siegfried,Trattles,Male,2000-06-06,118,Pharmacist,Health,Affluent Customer,N,No,2846,7 Del Sol Road,4220,QLD,Australia,9
1486,Dag,Landell,Male,1978-08-07,77,Geological Engineer,Manufacturing,Mass Customer,N,No,2847,7 Delaware Hill,2320,NSW,Australia,6
257,Marissa,,Female,1966-02-08,146,Sales Associate,Manufacturing,Affluent Customer,N,Yes,2848,7 Eastlawn Street,2346,NSW,Australia,1
3393,Henrietta,Olexa,Female,1954-02-21,182,Technical Writer,Retail,Mass Customer,N,Yes,2849,7 Eggendart Hill,4055,QLD,Australia,8
1961,Licha,Lyes,Female,1960-11-22,119,Physical Therapy Assistant,n/a,Mass Customer,N,Yes,2850,7 Elgar Plaza,2250,NSW,Australia,9
1805,Venus,Sketch,Female,1976-10-15,36,Budget/Accounting Analyst II,Financial Services,Mass Customer,N,No,2851,7 Erie Court,2263,NSW,Australia,7
453,Cornelius,Yarmouth,U,,25,Assistant Professor,IT,High Net Worth,N,No,2852,7 Farmco Trail,2759,NSW,Australia,9
2695,Kippy,Heater,Female,1976-08-16,171,Statistician II,Manufacturing,Mass Customer,N,Yes,2853,7 Fordem Point,3057,VIC,Australia,7
3785,Fernande,Jahan,Female,1969-04-09,45,Compensation Analyst,Financial Services,Affluent Customer,N,No,2854,7 Granby Crossing,3083,VIC,Australia,9
2052,Ganny,Sealeaf,Male,1955-11-30,197,,Retail,Mass Customer,N,Yes,2855,7 Green Ridge Way,2763,NSW,Australia,8
196,Swen,Odhams,Male,1966-02-22,123,Programmer Analyst II,Manufacturing,High Net Worth,N,No,2856,7 Havey Point,4005,QLD,Australia,2
1061,Anderson,,Male,1988-11-07,164,Speech Pathologist,Financial Services,Mass Customer,N,No,2857,7 Holmberg Circle,2018,NSW,Australia,9
3246,Norene,Merle,Female,1968-05-20,148,Senior Cost Accountant,Financial Services,Mass Customer,N,Yes,2858,7 Holy Cross Lane,4300,QLD,Australia,5
507,Gwen,Jakubczyk,Female,1971-07-05,197,,Health,Mass Customer,N,No,2859,7 Hooker Place,2428,NSW,Australia,3
3460,Reinhold,Barthrup,Male,1999-10-10,15,Actuary,Financial Services,Mass Customer,N,No,2860,7 Jackson Court,2076,NSW,Australia,10
76,Rea,Hasser,Female,1978-01-23,171,Statistician II,Retail,High Net Worth,N,Yes,2861,7 Jackson Point,3561,VIC,Australia,1
1320,Fae,,Female,1983-10-29,197,,Manufacturing,High Net Worth,N,Yes,2862,7 John Wall Parkway,4020,QLD,Australia,5
3678,Tonya,Worthington,Female,1969-08-06,69,Engineer IV,Manufacturing,Mass Customer,N,No,2863,7 Killdeer Junction,4306,QLD,Australia,3
3184,Marlee,Brundle,Female,1976-11-08,42,Civil Engineer,Manufacturing,Affluent Customer,N,Yes,2864,7 Kingsford Parkway,3085,VIC,Australia,9
2500,Micky,Livings,Female,1957-12-18,149,Senior Developer,Property,High Net Worth,N,Yes,2865,7 Lake View Street,4060,QLD,Australia,9
1746,Kev,,Male,1962-01-05,115,Operator,IT,High Net Worth,N,No,2866,7 Laurel Avenue,2125,NSW,Australia,12
1583,Krysta,O' Reagan,U,,81,Geologist IV,IT,Mass Customer,N,Yes,2867,7 Laurel Junction,2079,NSW,Australia,10
3028,Leandra,Schubert,Female,1956-07-07,76,General Manager,Manufacturing,High Net Worth,N,No,2868,7 Lerdahl Court,4207,QLD,Australia,6
1207,Mabel,Marousek,Female,1997-09-25,69,Engineer IV,Health,Mass Customer,N,No,2869,7 Luster Trail,2007,NSW,Australia,8
3649,Jayne,Gawthrope,Female,1977-07-12,112,Office Assistant II,Property,Mass Customer,N,Yes,2870,7 Macpherson Way,4064,QLD,Australia,9
1209,Jacky,Jerosch,Male,1977-09-06,149,Senior Developer,Property,High Net Worth,N,Yes,2871,7 Magdeline Trail,3034,VIC,Australia,10
1053,Davon,Stanyland,Male,1962-05-20,197,,Manufacturing,Mass Customer,N,Yes,2872,7 Main Crossing,2065,NSW,Australia,12
2469,Kermie,Hedger,U,,12,Accounting Assistant II,IT,Mass Customer,N,Yes,2873,7 Mcguire Terrace,3754,VIC,Australia,6
890,Tony,Cordsen,Female,1974-02-01,56,Dental Hygienist,Health,Mass Customer,N,Yes,2874,7 Meadow Ridge Center,2165,NSW,Australia,9
3976,Gretel,Chrystal,Female,1957-11-20,96,Internal Auditor,n/a,Affluent Customer,N,Yes,2875,7 Meadow Vale Court,2114,NSW,Australia,10
2290,Myca,Standley,Male,1981-03-10,2,Account Executive,Manufacturing,Mass Customer,N,Yes,2876,7 Melrose Circle,4017,QLD,Australia,5
1484,Willette,Boodell,Female,1986-03-05,19,Administrative Assistant IV,n/a,Mass Customer,N,No,2877,7 Mifflin Terrace,2323,NSW,Australia,3
1671,Nerty,Renak,Female,1957-01-23,2,Account Executive,Property,Mass Customer,N,Yes,2878,7 Monterey Street,3068,VIC,Australia,12
2932,Bradly,Deboick,Male,1985-04-18,3,Account Representative I,IT,Mass Customer,N,No,2879,7 New Castle Terrace,2223,NSW,Australia,10
3771,Pippy,Matysiak,Female,1974-09-08,65,Electrical Engineer,Manufacturing,Mass Customer,N,No,2880,7 Norway Maple Avenue,4172,QLD,Australia,5
2202,Diannne,Neissen,Female,1977-08-19,119,Physical Therapy Assistant,Financial Services,Affluent Customer,N,Yes,2881,7 Novick Parkway,2160,NSW,Australia,5
1736,Garrek,Rowbotham,Male,1998-05-10,26,Associate Professor,IT,Affluent Customer,N,No,2882,7 Ohio Court,3796,VIC,Australia,8
1264,Michail,Heart,Male,1994-02-28,197,,Health,Mass Customer,N,Yes,2883,7 Onsgard Court,4551,QLD,Australia,9
216,Cinderella,Parcall,Female,1995-01-12,132,Quality Engineer,Financial Services,High Net Worth,N,Yes,2884,7 Pankratz Point,3011,VIC,Australia,8
352,Orrin,Finding,Male,1979-07-08,147,Sales Representative,Retail,Mass Customer,N,No,2885,7 Park Meadow Drive,4055,QLD,Australia,3
3261,Benedicto,Blumire,Male,1975-01-30,197,,Property,Mass Customer,N,Yes,2886,7 Pepper Wood Crossing,3038,VIC,Australia,8
2105,Terrance,Goligher,Male,1971-11-11,75,Food Chemist,Health,High Net Worth,N,Yes,2887,7 Porter Parkway,2261,NSW,Australia,8
892,Conroy,Healy,U,,112,Office Assistant II,IT,Mass Customer,N,Yes,2888,7 Reindahl Center,2767,NSW,Australia,8
389,Dorene,Scrivner,Female,1975-04-27,88,Help Desk Operator,Entertainment,Affluent Customer,N,Yes,2889,7 Reinke Junction,2145,NSW,Australia,10
3510,Jemima,Izaac,U,,143,Safety Technician II,IT,Affluent Customer,N,Yes,2890,7 Rieder Street,3155,VIC,Australia,7
1290,Vassily,Ramalho,Male,1967-08-08,184,VP Marketing,Financial Services,High Net Worth,N,Yes,2891,7 Schurz Parkway,4212,QLD,Australia,7
3024,Franz,Craddy,Male,1959-01-08,197,,Health,Mass Customer,N,No,2892,7 Scoville Trail,4304,QLD,Australia,2
3715,Willow,Rusbridge,Female,1974-11-08,46,Computer Systems Analyst I,Argiculture,High Net Worth,N,Yes,2893,7 Shasta Terrace,2821,NSW,Australia,2
2687,Fabe,Smallbone,Male,1962-01-28,40,Chemical Engineer,Manufacturing,High Net Worth,N,Yes,2894,7 Springview Lane,2256,NSW,Australia,6
947,Hyacinth,Naldrett,Female,1986-03-10,118,Pharmacist,Health,Mass Customer,N,No,2895,7 Starling Crossing,2570,NSW,Australia,9
3433,Karissa,Cabral,Female,1998-04-28,47,Computer Systems Analyst II,Property,Mass Customer,N,No,2896,7 Summerview Parkway,3073,VIC,Australia,6
2795,Shirline,Amar,Female,1966-04-11,138,Research Assistant III,Financial Services,Mass Customer,N,No,2897,7 Sunbrook Terrace,2200,NSW,Australia,9
2207,Junia,Gall,Female,1979-01-26,191,Web Designer IV,Manufacturing,Mass Customer,N,Yes,2898,7 Vernon Lane,2232,NSW,Australia,10
1062,Tish,Mowett,Female,1975-09-28,97,Junior Executive,n/a,Mass Customer,N,No,2899,7 Village Green Circle,3109,VIC,Australia,10
186,Mireielle,Jeppe,Female,1974-05-06,160,Software Test Engineer I,Financial Services,Mass Customer,N,No,2900,7 Warbler Point,2250,NSW,Australia,9
3464,Etheline,Gerretsen,Female,1982-06-09,167,Staff Accountant III,Financial Services,Mass Customer,N,Yes,2901,7 Weeping Birch Alley,2230,NSW,Australia,12
3085,Kaleb,Eslemont,Male,1978-01-21,10,Accountant IV,n/a,Affluent Customer,N,No,2902,7 Westridge Terrace,4504,QLD,Australia,7
2470,Roy,Dunaway,Male,1957-07-04,197,,Argiculture,Mass Customer,N,No,2903,70 Erie Street,4814,QLD,Australia,2
3508,Malvin,Marre,Male,1986-08-09,118,Pharmacist,Health,Mass Customer,N,No,2904,70 Oakridge Pass,2019,NSW,Australia,10
2236,Arin,Crickmoor,Male,1968-04-16,51,Data Coordiator,Manufacturing,Affluent Customer,N,Yes,2905,70 Old Gate Avenue,3043,VIC,Australia,7
776,Stanley,Seven,Male,1980-09-24,74,Financial Analyst,Financial Services,High Net Worth,N,No,2906,70 Old Gate Street,2354,NSW,Australia,3
2846,Bryana,Lindell,Female,1970-08-15,108,Nurse,Property,Mass Customer,N,No,2907,70 Shopko Drive,2487,NSW,Australia,9
3770,Caddric,Ruddiforth,Male,1988-02-02,98,Legal Assistant,Argiculture,Mass Customer,N,No,2908,70 West Plaza,3020,VIC,Australia,8
1351,Lorettalorna,,U,,114,Office Assistant IV,IT,High Net Worth,N,No,2909,7006 Miller Avenue,3444,VIC,Australia,4
1260,Fremont,Spawton,Male,1989-10-01,180,Tax Accountant,Property,Mass Customer,N,No,2910,7008 Warner Park,4670,QLD,Australia,2
2632,Krishna,Frood,Male,1965-09-29,197,,Argiculture,Mass Customer,N,No,2911,701 Talisman Crossing,2000,NSW,Australia,10
1571,Tadeas,McUre,Male,1980-09-08,43,Clinical Specialist,Health,Mass Customer,N,Yes,2912,7015 Hintze Parkway,2153,NSW,Australia,11
1442,Mylo,Norrie,Male,1963-03-07,197,,Manufacturing,Affluent Customer,N,No,2913,70262 Hermina Court,3690,VIC,Australia,2
1584,Susanetta,,Female,1992-04-27,98,Legal Assistant,Manufacturing,Mass Customer,N,No,2914,7032 Hallows Drive,2126,NSW,Australia,11
2257,Siward,Corradino,Male,1977-10-13,99,Librarian,Entertainment,Mass Customer,N,No,2915,7035 Crest Line Place,3101,VIC,Australia,11
2262,Nyssa,Banister,Female,1984-04-21,118,Pharmacist,Health,Mass Customer,N,Yes,2916,7037 North Park,2484,NSW,Australia,6
1581,Melessa,Delyth,Female,1974-04-13,133,Recruiter,Argiculture,Mass Customer,N,No,2917,70416 Becker Court,2099,NSW,Australia,10
3023,Rikki,Bernet,Female,1994-12-09,7,Accountant I,IT,High Net Worth,N,Yes,2918,7046 Fairview Place,4510,QLD,Australia,3
576,Bart,Eakle,Male,1977-05-19,133,Recruiter,Retail,Mass Customer,N,Yes,2919,7046 Surrey Road,2287,NSW,Australia,7
465,Alina,Wilsey,Female,1976-03-27,61,Developer III,Financial Services,Affluent Customer,N,Yes,2920,70488 Logan Court,2074,NSW,Australia,12
1493,Lisabeth,Fundell,Female,1987-08-12,67,Engineer II,Argiculture,High Net Worth,N,No,2921,7049 Sutteridge Lane,2251,NSW,Australia,8
310,Myranda,Clowser,Female,1985-02-13,1,Account Coordinator,Financial Services,Mass Customer,N,Yes,2922,706 Anniversary Alley,3064,VIC,Australia,3
2916,Lauren,Adolfson,Male,1969-08-03,120,Product Engineer,Manufacturing,Affluent Customer,N,Yes,2923,7066 Sunbrook Terrace,2299,NSW,Australia,8
1384,Marcile,Carren,Female,1998-09-09,131,Quality Control Specialist,Manufacturing,Mass Customer,N,No,2924,70676 Eggendart Trail,3028,VIC,Australia,8
883,Lolita,Bennie,U,,133,Recruiter,IT,Mass Customer,N,Yes,2925,707 Spaight Place,2830,NSW,Australia,4
356,Nichole,,Female,1975-03-30,99,Librarian,Entertainment,High Net Worth,N,No,2926,708 Russell Parkway,2530,NSW,Australia,7
700,Josias,Mulliner,Male,1990-02-20,197,,Financial Services,Mass Customer,N,No,2927,70836 Colorado Plaza,2571,NSW,Australia,11
42,Chiquita,Durnall,Female,1977-03-28,9,Accountant III,Manufacturing,Mass Customer,N,No,2928,70875 Hudson Point,3212,VIC,Australia,6
2541,Cleveland,Islep,Male,2000-03-14,157,Software Engineer II,Financial Services,High Net Worth,N,Yes,2929,709 Rieder Terrace,3995,VIC,Australia,2
1665,Witty,Lauthian,Male,1977-11-18,132,Quality Engineer,Telecommunications,Mass Customer,N,No,2930,709 Schmedeman Street,2155,NSW,Australia,11
3476,Stearn,Willerstone,Male,1989-09-07,197,,Manufacturing,Affluent Customer,N,No,2931,70980 Washington Parkway,2300,NSW,Australia,10
1169,Kessiah,Corden,Female,1967-08-09,15,Actuary,Financial Services,Mass Customer,N,Yes,2932,71 Cherokee Hill,2127,NSW,Australia,7
3181,Ferd,Chominski,Male,1976-09-29,150,Senior Editor,Financial Services,High Net Worth,N,No,2933,71 Hayes Circle,2320,NSW,Australia,7
3635,Elset,,Female,1977-07-06,184,VP Marketing,Retail,High Net Worth,N,No,2934,71 Manley Way,2036,NSW,Australia,7
597,Cassandra,Aucoate,Female,1954-12-10,133,Recruiter,Manufacturing,Mass Customer,N,No,2935,71 Meadow Ridge Parkway,2539,NSW,Australia,11
3543,Shanie,Zahor,Female,1986-12-25,75,Food Chemist,Health,High Net Worth,N,Yes,2936,71 Moulton Drive,3065,VIC,Australia,10
1950,Berne,Fulkes,Male,1963-10-07,193,Web Developer II,Manufacturing,Affluent Customer,N,Yes,2937,71 Orin Crossing,2155,NSW,Australia,9
1254,Quillan,McDuffie,Male,1958-12-18,83,Graphic Designer,Retail,Mass Customer,N,Yes,2938,71 Sundown Circle,4720,QLD,Australia,1
1932,Sybila,Enefer,Female,1977-01-03,99,Librarian,Entertainment,Affluent Customer,N,Yes,2939,710 Schiller Plaza,3338,VIC,Australia,1
757,Kinsley,Klimus,Male,1977-05-13,71,Environmental Tech,Financial Services,Mass Customer,N,No,2940,7101 Gulseth Hill,2293,NSW,Australia,9
867,Lura,MacKim,Female,1973-05-10,184,VP Marketing,n/a,Mass Customer,N,No,2941,71039 Packers Street,2034,NSW,Australia,10
2701,Ileana,Timms,Female,1960-07-28,56,Dental Hygienist,Health,Affluent Customer,N,Yes,2942,7107 Manitowish Road,4815,QLD,Australia,2
2486,Alaine,Halbord,Female,1954-03-09,175,Structural Engineer,Manufacturing,Mass Customer,N,Yes,2943,711 Hayes Court,2120,NSW,Australia,10
1015,Toiboid,Sorrel,Male,1955-04-01,192,Web Developer I,Health,Mass Customer,N,No,2944,711 Sachtjen Point,2540,NSW,Australia,8
2568,Anna-diana,Slyne,Female,1983-02-16,169,Staff Scientist,Manufacturing,Mass Customer,N,No,2945,711 Summerview Junction,2075,NSW,Australia,10
2259,Leanora,Calbert,Female,1999-07-02,70,Environmental Specialist,n/a,Affluent Customer,N,No,2946,71109 Vernon Way,3350,VIC,Australia,4
3735,Cchaddie,Heffron,Male,1961-12-02,152,Senior Quality Engineer,Entertainment,Mass Customer,N,No,2947,712 Sage Park,3149,VIC,Australia,9
414,Thorin,Grimoldby,Male,1976-07-16,154,Social Worker,Health,High Net Worth,N,No,2948,713 Eastwood Terrace,2360,NSW,Australia,1
3838,Mil,Clemitt,Female,1987-03-24,146,Sales Associate,Financial Services,Affluent Customer,N,Yes,2949,713 Redwing Crossing,2121,NSW,Australia,11
2006,Hyacinthia,Tuley,Female,1999-10-04,149,Senior Developer,Property,High Net Worth,N,Yes,2950,7135 Ruskin Avenue,2563,NSW,Australia,11
2649,Merwyn,MacPhail,Male,1986-01-16,56,Dental Hygienist,Health,Affluent Customer,N,Yes,2951,7163 2nd Point,3931,VIC,Australia,8
285,Julee,Janovsky,Female,1977-11-19,44,Community Outreach Specialist,Manufacturing,Mass Customer,N,No,2952,7169 North Lane,2023,NSW,Australia,9
1826,Jareb,Langcaster,Male,1961-01-10,40,Chemical Engineer,Manufacturing,High Net Worth,N,Yes,2953,717 Oakridge Way,2117,NSW,Australia,8
2574,Humfrey,Boyse,Male,1979-12-21,197,,Manufacturing,Mass Customer,N,No,2954,71725 Goodland Lane,4509,QLD,Australia,7
2335,Payton,Sheach,U,,2,Account Executive,IT,Mass Customer,N,No,2955,7174 Thackeray Point,2153,NSW,Australia,10
809,Nevsa,Washtell,Female,1977-10-23,33,Biostatistician III,Health,Mass Customer,N,No,2956,7175 Orin Junction,2088,NSW,Australia,12
2447,Richard,Poor,Male,1997-01-06,180,Tax Accountant,n/a,Affluent Customer,N,Yes,2957,71761 Almo Street,4178,QLD,Australia,7
1777,Lucinda,Jerok,Female,1994-05-02,147,Sales Representative,Retail,Affluent Customer,N,No,2958,71776 Express Avenue,2749,NSW,Australia,8
1620,Jerrold,Bernetti,Male,1992-07-27,174,Structural Analysis Engineer,n/a,High Net Worth,N,Yes,2959,718 Colorado Court,2220,NSW,Australia,8
2691,Stearn,Boutton,Male,1975-11-03,99,Librarian,Entertainment,Mass Customer,N,No,2960,718 Fair Oaks Point,2068,NSW,Australia,12
839,Charis,Greaves,U,,174,Structural Analysis Engineer,IT,Mass Customer,N,Yes,2961,71801 Grover Point,2166,NSW,Australia,10
3407,Marven,Ditts,Male,1961-10-08,50,Cost Accountant,Financial Services,High Net Worth,N,Yes,2962,7181 Dakota Trail,3029,VIC,Australia,5
37,Laurie,Dwerryhouse,Female,1985-12-22,154,Social Worker,Health,High Net Worth,N,No,2963,7188 Cody Way,3350,VIC,Australia,9
2491,Tabbie,Turone,Male,1977-05-08,43,Clinical Specialist,Health,Mass Customer,N,No,2964,719 Vahlen Way,2560,NSW,Australia,8
3218,Conny,Starbeck,Female,1976-02-12,95,Information Systems Manager,Argiculture,Mass Customer,N,Yes,2965,7198 Rowland Street,4030,QLD,Australia,9
3948,Roberto,Beinke,Male,1986-06-22,110,Occupational Therapist,Health,Mass Customer,N,No,2966,72 Briar Crest Hill,3148,VIC,Australia,10
2935,Jessi,Aldwich,Female,1978-04-23,197,,Manufacturing,Mass Customer,N,No,2967,72 Buell Pass,2200,NSW,Australia,9
3005,Rafaellle,Tantrum,Male,1969-01-05,94,Human Resources Manager,Property,Affluent Customer,N,Yes,2968,72 Dennis Road,3805,VIC,Australia,7
91,Dylan,Meaker,Male,1955-02-24,151,Senior Financial Analyst,Financial Services,Affluent Customer,N,Yes,2969,72 Dorton Crossing,3133,VIC,Australia,10
2092,Stavros,Hazelby,Male,1977-12-22,145,Safety Technician IV,Manufacturing,High Net Worth,N,No,2970,72 Ilene Point,2575,NSW,Australia,8
2863,Alisander,Fetherstone,Male,1965-03-26,96,Internal Auditor,Manufacturing,Mass Customer,N,No,2971,72 Ludington Circle,2770,NSW,Australia,6
1883,Jinny,Cawood,Female,1991-08-13,197,,Health,Mass Customer,N,No,2972,72 Mandrake Court,3183,VIC,Australia,9
1684,Janie,Stonehewer,Female,1979-07-10,71,Environmental Tech,Manufacturing,Mass Customer,N,No,2973,72 Mosinee Court,3146,VIC,Australia,9
1309,Adlai,Fabry,Male,1977-03-22,184,VP Marketing,n/a,Mass Customer,N,No,2974,72 Shasta Plaza,4152,QLD,Australia,4
382,Issiah,Fardell,Male,1985-08-14,141,Research Nurse,Health,Mass Customer,N,Yes,2975,720 Menomonie Avenue,2749,NSW,Australia,8
1929,Elka,Crossgrove,Female,1986-10-12,75,Food Chemist,Health,Affluent Customer,N,No,2976,7202 Prairieview Court,2221,NSW,Australia,11
3107,Dell,Tremathick,Female,1960-08-15,98,Legal Assistant,n/a,High Net Worth,N,No,2977,7208 Old Gate Avenue,2112,NSW,Australia,11
3964,Aubrey,Souten,Female,1956-07-21,146,Sales Associate,Manufacturing,High Net Worth,N,No,2978,721 Morrow Plaza,2069,NSW,Australia,12
3304,Tymothy,Rodder,Male,1981-01-19,197,,n/a,Mass Customer,N,No,2979,7216 American Ash Place,2062,NSW,Australia,12
3795,Taylor,Dollimore,Male,1956-06-24,178,Systems Administrator III,Argiculture,High Net Worth,N,Yes,2980,72204 Springs Way,3104,VIC,Australia,12
3840,Marc,Torrans,Male,1962-09-30,197,,n/a,High Net Worth,N,No,2981,72258 Bayside Court,4211,QLD,Australia,7
2831,Starlin,Aysh,Female,1968-01-22,122,Programmer Analyst I,Health,Mass Customer,N,Yes,2982,72297 Sutherland Junction,2560,NSW,Australia,8
2923,Julie,Kennagh,Female,1971-11-30,181,Teacher,n/a,Affluent Customer,N,Yes,2983,723 Center Court,3933,VIC,Australia,11
1917,Raquela,Schimpke,Female,1973-07-28,153,Senior Sales Associate,Argiculture,Affluent Customer,N,Yes,2984,7230 Montana Place,2777,NSW,Australia,9
1478,Fulton,Blayney,Male,1992-12-05,186,VP Quality Control,Financial Services,High Net Worth,N,No,2985,7231 Pepper Wood Point,2428,NSW,Australia,8
1719,Devy,Hannum,Male,1973-07-04,106,Media Manager IV,Financial Services,High Net Worth,N,No,2986,7233 Lerdahl Lane,4212,QLD,Australia,7
3365,Karlens,Chaffyn,U,,68,Engineer III,IT,Mass Customer,N,No,2987,7234 Dawn Alley,4670,QLD,Australia,1
3951,Ephrem,Hollerin,Male,1975-02-10,131,Quality Control Specialist,n/a,Affluent Customer,N,Yes,2988,724 Erie Way,3500,VIC,Australia,2
2785,Gennifer,Baily,Female,1981-07-31,94,Human Resources Manager,Financial Services,Mass Customer,N,No,2989,724 West Park,2112,NSW,Australia,11
338,Hilliary,Littrell,Female,1958-03-14,197,,Health,Mass Customer,N,No,2990,72419 Eagan Road,2040,NSW,Australia,10
141,Townsend,Trobe,Male,1954-06-25,181,Teacher,Financial Services,High Net Worth,N,Yes,2991,7245 Cottonwood Center,2285,New South Wales,Australia,5
628,Mallissa,Gillespie,Female,1981-10-24,15,Actuary,Financial Services,Mass Customer,N,No,2992,725 Cordelia Junction,3028,Victoria,Australia,8
2384,Garey,Letrange,Male,1961-07-16,115,Operator,Health,High Net Worth,N,Yes,2993,7256 Forster Crossing,2533,NSW,Australia,8
1082,Guinevere,Kelby,U,,74,Financial Analyst,Financial Services,Mass Customer,N,Yes,2994,7258 Mandrake Terrace,3138,VIC,Australia,9
2969,Pascale,Cuxson,Male,1974-11-05,55,Database Administrator IV,n/a,Mass Customer,N,Yes,2995,726 Erie Center,3106,VIC,Australia,11
1988,Kelwin,Goldsmith,Male,1957-04-15,134,Recruiting Manager,Property,Mass Customer,N,No,2996,726 Warrior Center,2077,NSW,Australia,10
1163,Manolo,Dwire,Male,1981-11-13,50,Cost Accountant,Financial Services,High Net Worth,N,Yes,2997,72673 Mayfield Trail,4209,QLD,Australia,6
3384,Wesley,Nichols,Male,1996-03-05,197,,n/a,Mass Customer,N,No,2998,72728 Ruskin Way,2291,NSW,Australia,6
3469,Arabele,Lantoph,Female,1987-08-24,109,Nurse Practicioner,Health,Mass Customer,N,Yes,2999,7279 Steensland Circle,3803,VIC,Australia,7
2575,Hagan,Abrahmer,Male,1974-06-07,39,Business Systems Development Analyst,Financial Services,High Net Worth,N,Yes,3000,7282 Prairie Rose Trail,3184,VIC,Australia,9
3110,Fabien,Iacapucci,Male,1994-02-11,44,Community Outreach Specialist,IT,Affluent Customer,N,Yes,3001,7285 Waxwing Pass,2620,NSW,Australia,5
2902,Stacia,Gritsaev,Female,1974-12-31,94,Human Resources Manager,Financial Services,Mass Customer,N,Yes,3002,72850 Lotheville Junction,2480,NSW,Australia,4
3352,Fredek,Lobley,Male,1994-12-28,93,Human Resources Assistant IV,Manufacturing,Affluent Customer,N,No,3003,73 Burrows Court,3121,VIC,Australia,8
3806,Ado,Gailor,Male,1954-02-08,197,,Property,Mass Customer,N,No,3004,73 Debra Terrace,2141,NSW,Australia,7
3644,Peder,Frotton,Male,1968-01-18,119,Physical Therapy Assistant,Financial Services,High Net Worth,N,Yes,3005,73 Eagan Hill,3040,VIC,Australia,10
3398,Alberik,Looks,Male,1971-07-01,197,,n/a,High Net Worth,N,Yes,3006,73 Glacier Hill Drive,2880,NSW,Australia,1
3597,Giorgi,,Male,1954-06-16,21,Analog Circuit Design manager,Property,Affluent Customer,N,Yes,3007,73 Hallows Circle,2558,NSW,Australia,7
2081,Gelya,Coaker,Female,1972-06-21,150,Senior Editor,Financial Services,Mass Customer,N,No,3008,73 Muir Trail,3196,VIC,Australia,7
985,Aryn,O'Halloran,Female,1970-09-30,88,Help Desk Operator,Retail,High Net Worth,N,No,3009,730 Butternut Trail,4018,QLD,Australia,4
924,Clementius,Hambric,Male,1976-11-08,47,Computer Systems Analyst II,n/a,Affluent Customer,N,No,3010,730 Dixon Place,3158,VIC,Australia,8
3929,Jacqui,Fortnam,Female,1989-10-18,197,,n/a,Affluent Customer,N,Yes,3011,730 Judy Drive,3939,VIC,Australia,2
85,Kane,Tixall,Male,1958-05-21,22,Analyst Programmer,n/a,Mass Customer,N,No,3012,73042 Roth Crossing,2100,New South Wales,Australia,11
3031,Diego,Bertelmot,Male,1996-02-02,169,Staff Scientist,Health,Mass Customer,N,Yes,3013,731 Haas Trail,2125,NSW,Australia,11
1272,Nettie,Bulfit,Female,1985-04-04,197,,Manufacturing,Affluent Customer,N,No,3014,7310 Shopko Trail,4500,QLD,Australia,8
3726,Ange,Austick,Female,1976-06-17,82,GIS Technical Architect,Property,Mass Customer,N,No,3015,73128 Pearson Pass,4132,QLD,Australia,4
1574,Werner,Wall,Male,1995-11-15,52,Database Administrator I,n/a,Affluent Customer,N,Yes,3016,7317 Huxley Alley,2112,NSW,Australia,8
3357,Georgie,Henze,Male,1999-02-01,57,Design Engineer,Manufacturing,Affluent Customer,N,No,3017,7330 Helena Pass,2176,NSW,Australia,9
1643,Manda,Forsey,Female,1961-01-07,197,,Retail,Mass Customer,N,No,3018,73363 Butterfield Crossing,4567,QLD,Australia,9
1835,Rodrigo,Felce,Male,1993-06-30,73,Financial Advisor,Financial Services,Affluent Customer,N,Yes,3019,734 South Court,4152,QLD,Australia,8
107,Pris,Stallebrass,Female,1990-07-01,109,Nurse Practicioner,Financial Services,Mass Customer,N,Yes,3020,7342 Fieldstone Junction,2093,New South Wales,Australia,12
1753,Kerry,Ford,Female,1997-10-12,185,VP Product Management,Health,High Net Worth,N,Yes,3021,73425 Mitchell Court,4304,QLD,Australia,3
390,Royall,Slimings,Male,1997-11-25,123,Programmer Analyst II,Health,Affluent Customer,N,No,3022,7343 Washington Road,2287,NSW,Australia,5
2391,Corny,Millott,Female,1961-04-22,109,Nurse Practicioner,Health,Mass Customer,N,No,3023,7346 Luster Circle,4131,QLD,Australia,5
2153,Jimmy,,Male,1986-10-13,74,Financial Analyst,Financial Services,Mass Customer,N,No,3024,735 Eastlawn Place,4160,QLD,Australia,8
1396,Sinclair,Melonby,Male,1987-10-07,50,Cost Accountant,Financial Services,Mass Customer,N,No,3025,73506 Cordelia Lane,4217,QLD,Australia,4
3342,Henry,Phillps,Male,1985-08-12,197,,Entertainment,Mass Customer,N,No,3026,7353 Thierer Road,4300,QLD,Australia,2
3346,Nadya,Callaghan,Female,1991-09-11,155,Software Consultant,Financial Services,High Net Worth,N,No,3027,736 Ohio Court,2200,NSW,Australia,10
3994,Stephie,Byars,Female,1989-04-07,174,Structural Analysis Engineer,Manufacturing,Affluent Customer,N,No,3028,736 Roxbury Junction,2540,NSW,Australia,6
2644,Brooke,Alastair,Male,1977-09-03,187,VP Sales,IT,Mass Customer,N,No,3029,736 Tomscot Center,4503,QLD,Australia,5
2078,Joice,Govett,Female,1989-08-30,48,Computer Systems Analyst III,Manufacturing,Mass Customer,N,No,3030,73637 Nancy Street,2469,NSW,Australia,1
3913,Phylys,Neenan,Female,1959-12-29,44,Community Outreach Specialist,Retail,Mass Customer,N,Yes,3031,7365 Carioca Hill,4680,QLD,Australia,4
1011,Cymbre,Janos,Female,1985-07-19,110,Occupational Therapist,Health,High Net Worth,N,Yes,3032,738 Division Street,3024,VIC,Australia,8
1903,Tucky,Pizzie,Male,1973-11-20,130,Project Manager,n/a,High Net Worth,N,Yes,3033,738 Dixon Drive,2575,NSW,Australia,8
1821,Fields,Bayne,Male,1972-03-09,195,Web Developer IV,Entertainment,High Net Worth,N,Yes,3034,738 Sloan Place,3212,VIC,Australia,5
980,Max,Gronaver,Female,1978-01-23,135,Registered Nurse,Health,Mass Customer,N,No,3035,7380 Canary Pass,3111,VIC,Australia,7
1779,Krishnah,Firmage,Male,1996-11-19,95,Information Systems Manager,Argiculture,Affluent Customer,N,No,3036,7389 Union Place,2745,NSW,Australia,8
120,Sloan,Wagg,Male,1978-09-02,98,Legal Assistant,Financial Services,High Net Worth,N,Yes,3037,739 Elmside Way,3074,VIC,Australia,8
3132,Nicko,Artois,Male,1975-04-15,147,Sales Representative,Retail,Mass Customer,N,Yes,3038,73907 Fallview Point,2250,NSW,Australia,7
861,Rebekah,Dmych,Female,1977-05-24,151,Senior Financial Analyst,Financial Services,High Net Worth,N,No,3039,7391 Ruskin Parkway,4356,QLD,Australia,5
1782,Ewen,Emes,Male,1966-12-22,118,Pharmacist,Health,Affluent Customer,N,Yes,3040,7395 Blackbird Lane,2134,NSW,Australia,9
77,Shermie,Andrin,Male,1989-09-12,30,Automation Specialist IV,Financial Services,Mass Customer,N,No,3041,74 Anniversary Junction,2330,New South Wales,Australia,6
386,Ethelyn,Pincott,Female,1990-10-27,152,Senior Quality Engineer,Argiculture,Mass Customer,N,No,3042,740 Calypso Drive,2100,NSW,Australia,10
476,Kane,Jahnel,Male,1989-04-21,49,Computer Systems Analyst IV,n/a,Mass Customer,N,No,3043,74011 Manufacturers Street,2320,NSW,Australia,6
658,Donn,Bonnell,Male,1944-01-24,180,Tax Accountant,Manufacturing,Affluent Customer,N,Yes,3044,74013 Mesta Terrace,3084,Victoria,Australia,9
3652,Aldrich,Camble,Male,1955-02-06,108,Nurse,Health,High Net Worth,N,Yes,3045,7415 Schlimgen Drive,2064,NSW,Australia,9
2056,Cristin,Smoughton,Female,1986-03-04,34,Biostatistician IV,Property,High Net Worth,N,No,3046,74164 Village Green Parkway,3037,VIC,Australia,9
836,Clemence,Vautre,Female,1990-04-02,15,Actuary,Financial Services,Mass Customer,N,Yes,3047,74251 Golden Leaf Lane,4413,QLD,Australia,3
413,Simone,Denys,Male,1957-12-22,186,VP Quality Control,n/a,High Net Worth,N,Yes,3048,7427 Fuller Trail,3082,VIC,Australia,8
3211,Betsy,Cosh,Female,1993-06-12,28,Automation Specialist II,Health,High Net Worth,N,Yes,3049,743 Karstens Point,2122,NSW,Australia,11
2361,Jeannette,Cerman,Female,1954-11-28,88,Help Desk Operator,n/a,High Net Worth,N,Yes,3050,743 Stone Corner Parkway,4127,QLD,Australia,6
3140,Britt,Muddimer,Female,1985-06-11,98,Legal Assistant,Manufacturing,High Net Worth,N,No,3051,7435 Monument Road,3807,VIC,Australia,9
2749,Cale,Cunningham,Male,1979-01-12,147,Sales Representative,Retail,Mass Customer,N,No,3052,744 Hazelcrest Way,2155,NSW,Australia,9
351,Dev,Hafner,Male,1999-05-12,118,Pharmacist,Health,Mass Customer,N,Yes,3053,7447 Nevada Park,2193,NSW,Australia,8
1920,Rutter,Marlen,Male,1988-01-06,146,Sales Associate,Financial Services,Mass Customer,N,No,3054,745 Troy Avenue,2769,NSW,Australia,9
1900,Noland,Larder,Male,1980-08-15,143,Safety Technician II,Financial Services,Affluent Customer,N,Yes,3055,7450 Prairie Rose Drive,2868,NSW,Australia,1
195,Talyah,Rylatt,Female,1958-11-14,130,Project Manager,Manufacturing,Mass Customer,N,No,3056,7451 Jana Lane,2138,NSW,Australia,8
282,Lauren,Curcher,Male,1989-10-27,186,VP Quality Control,Argiculture,High Net Worth,N,Yes,3057,747 Thackeray Circle,4551,QLD,Australia,7
3887,Dulcie,Nealon,Female,1964-07-16,49,Computer Systems Analyst IV,n/a,Affluent Customer,N,No,3058,7482 Hanson Park,2567,NSW,Australia,5
3069,Phylis,Traves,Female,1988-08-12,148,Senior Cost Accountant,Financial Services,Affluent Customer,N,No,3059,74910 Burning Wood Junction,3132,VIC,Australia,10
388,Carlye,Bartle,Female,1966-05-25,197,,Financial Services,Mass Customer,N,Yes,3060,75 Bartillon Street,3228,VIC,Australia,8
1808,Charles,Carren,Male,1965-12-15,95,Information Systems Manager,Retail,High Net Worth,N,No,3061,75 Duke Plaza,2147,NSW,Australia,9
3527,Kiley,Scotson,Female,1978-12-02,148,Senior Cost Accountant,Financial Services,High Net Worth,N,No,3062,75 Grim Circle,2147,NSW,Australia,10
3048,Kenon,Messruther,Male,1969-05-27,98,Legal Assistant,Manufacturing,Mass Customer,N,No,3063,75 Hansons Alley,2260,NSW,Australia,9
1499,Patton,Wrey,Male,1973-08-18,57,Design Engineer,Manufacturing,Mass Customer,N,Yes,3064,75 Hoepker Street,2232,NSW,Australia,10
2711,Steven,Keetley,Male,1970-08-31,32,Biostatistician II,Health,Affluent Customer,N,No,3065,75 Loftsgordon Hill,3147,VIC,Australia,11
3343,Cristabel,Bim,U,,133,Recruiter,IT,Mass Customer,N,Yes,3066,75 Logan Place,3071,VIC,Australia,10
3468,Averill,Woodbridge,Male,1986-10-24,26,Associate Professor,n/a,Mass Customer,N,No,3067,75 Longview Terrace,2640,NSW,Australia,3
1081,Marga,Cradduck,Female,1985-10-21,154,Social Worker,Health,Mass Customer,N,No,3068,75 Mesta Hill,4509,QLD,Australia,7
1238,Steward,Beedham,Male,1978-06-01,83,Graphic Designer,n/a,Affluent Customer,N,Yes,3069,75 Scott Place,3806,VIC,Australia,7
2435,Orly,Ceney,Female,1961-08-12,1,Account Coordinator,Manufacturing,Mass Customer,N,No,3070,75 Westerfield Park,4570,QLD,Australia,1
1485,Meredeth,Luck,Male,1969-08-02,75,Food Chemist,Health,Mass Customer,N,Yes,3071,7509 Prairieview Center,2289,NSW,Australia,9
3224,Darell,Mulqueeny,Female,1996-03-12,29,Automation Specialist III,Manufacturing,Affluent Customer,N,No,3072,751 Cordelia Terrace,2880,NSW,Australia,1
3326,Wes,Crotch,Male,1975-04-13,108,Nurse,Manufacturing,High Net Worth,N,Yes,3073,75106 Oriole Junction,2030,NSW,Australia,12
3601,Fanya,Gethyn,Female,1975-12-23,97,Junior Executive,IT,Mass Customer,N,No,3074,75132 Portage Point,4555,QLD,Australia,7
1606,Shayne,Ellesworthe,Female,1980-11-25,70,Environmental Specialist,n/a,Affluent Customer,N,Yes,3075,75164 Sherman Crossing,2031,NSW,Australia,11
2128,Gregorius,Cockram,Male,1976-09-25,51,Data Coordiator,Property,Affluent Customer,N,Yes,3076,7518 Canary Parkway,2145,NSW,Australia,9
1726,Mariette,Alexsandrev,Female,1973-08-06,97,Junior Executive,Financial Services,High Net Worth,N,No,3077,752 Nevada Circle,2089,NSW,Australia,10
3784,Davie,Moscon,Male,1983-06-04,197,,Financial Services,High Net Worth,N,No,3078,7524 David Place,2850,NSW,Australia,3
3947,Tanitansy,McTrustam,Female,1970-05-12,82,GIS Technical Architect,n/a,Mass Customer,N,No,3079,75251 Marquette Lane,4122,QLD,Australia,7
415,Conchita,Jeans,Female,1955-05-31,151,Senior Financial Analyst,Financial Services,Affluent Customer,N,Yes,3080,7526 Artisan Parkway,4223,QLD,Australia,8
1399,Kaye,Clulow,Female,1967-09-08,169,Staff Scientist,Manufacturing,Mass Customer,N,No,3081,7530 Sutteridge Hill,3030,VIC,Australia,7
3874,Bendicty,Juste,Male,1963-08-14,15,Actuary,Financial Services,Mass Customer,N,No,3082,75322 Prentice Court,3046,VIC,Australia,9
2406,Randal,Messager,Male,1973-06-11,72,Executive Secretary,n/a,Affluent Customer,N,Yes,3083,75351 Ridgeview Lane,3181,VIC,Australia,11
3529,Austine,Kinny,Female,1960-11-23,174,Structural Analysis Engineer,IT,High Net Worth,N,Yes,3084,7547 Garrison Alley,2705,NSW,Australia,5
2591,Estevan,Rylett,Male,1974-02-04,197,,Retail,High Net Worth,N,No,3085,755 Ramsey Terrace,4152,QLD,Australia,6
3504,Keriann,Perdue,Female,1963-07-06,39,Business Systems Development Analyst,Manufacturing,Mass Customer,N,Yes,3086,7555 Springview Crossing,3195,VIC,Australia,10
2138,Jonell,Gon,Female,1978-11-28,83,Graphic Designer,Manufacturing,High Net Worth,N,No,3087,75581 Express Center,4503,QLD,Australia,3
666,Anselma,Ricardon,Female,1983-11-01,154,Social Worker,Health,High Net Worth,N,Yes,3088,756 Farragut Place,4740,QLD,Australia,2
2929,Winny,Cakes,Male,1999-07-28,108,Nurse,Retail,Mass Customer,N,No,3089,7561 Donald Center,3810,VIC,Australia,5
163,Kessia,Helder,Female,1976-09-06,99,Librarian,Entertainment,High Net Worth,N,Yes,3090,75612 Clarendon Junction,4352,QLD,Australia,6
2771,Jamie,Gildersleeve,Female,1969-10-05,134,Recruiting Manager,Retail,Affluent Customer,N,Yes,3091,75642 Kinsman Terrace,4014,QLD,Australia,8
2601,Morgana,Wardel,Female,1975-01-18,158,Software Engineer III,Financial Services,Affluent Customer,N,No,3092,75688 Maple Court,3618,VIC,Australia,1
3451,Ruprecht,Loreit,Male,1970-05-01,146,Sales Associate,n/a,High Net Worth,N,No,3093,757 Debs Avenue,4670,QLD,Australia,4
3723,Justine,Pirt,Female,1993-10-22,8,Accountant II,Financial Services,High Net Worth,N,No,3094,757 International Road,3158,VIC,Australia,8
2895,Lind,Mc Ilory,Female,1967-03-15,99,Librarian,Entertainment,Mass Customer,N,Yes,3095,75717 Bartillon Road,2880,NSW,Australia,1
3237,Astrid,Sumnall,Female,1964-08-15,23,Assistant Manager,Manufacturing,Mass Customer,N,No,3096,7574 Onsgard Drive,4011,QLD,Australia,7
518,Bernhard,Senett,Male,1991-04-28,55,Database Administrator IV,Retail,Mass Customer,N,Yes,3097,75790 Towne Avenue,4221,QLD,Australia,9
685,Booth,Birkin,U,,149,Senior Developer,IT,Mass Customer,N,No,3098,75826 Bellgrove Trail,3095,Victoria,Australia,10
2949,Alexa,Simanek,Female,1977-09-21,197,,Telecommunications,Mass Customer,N,No,3099,75848 Ohio Lane,3037,VIC,Australia,7
2419,Aron,Karlsen,Male,1978-07-04,119,Physical Therapy Assistant,Property,High Net Worth,N,No,3100,7585 Rutledge Trail,3161,VIC,Australia,9
2704,Orlando,Gniewosz,Male,1999-02-08,6,Account Representative IV,Retail,Affluent Customer,N,Yes,3101,76 Aberg Hill,3028,VIC,Australia,6
291,Aime,Burston,Female,1971-10-22,24,Assistant Media Planner,Entertainment,Mass Customer,N,No,3102,76 Graedel Street,4812,QLD,Australia,6
677,El,Toupe,Male,1997-07-28,148,Senior Cost Accountant,Financial Services,Mass Customer,N,No,3103,76 Hanson Junction,2147,NSW,Australia,9
718,Cathe,Lorriman,Female,1978-02-18,66,Engineer I,Manufacturing,Mass Customer,N,Yes,3104,76 Londonderry Park,2777,NSW,Australia,9
1475,Aristotle,Jess,Male,1985-07-21,134,Recruiting Manager,Retail,Affluent Customer,N,Yes,3105,76 Norway Maple Drive,4509,QLD,Australia,6
1624,Hakim,Burnhard,Male,1980-05-04,45,Compensation Analyst,Financial Services,Mass Customer,N,Yes,3106,76 Roxbury Pass,2528,NSW,Australia,6
2446,Lovell,Kiss,Male,1956-09-07,197,,Retail,Affluent Customer,N,No,3107,76 Schiller Pass,4455,QLD,Australia,3
745,Dotty,Maylott,Female,1978-03-22,197,,Manufacturing,Mass Customer,N,Yes,3108,760 Forest Dale Place,3068,Victoria,Australia,12
2603,Mercy,Jost,Female,1962-02-04,108,Nurse,Financial Services,High Net Worth,N,No,3109,76085 Eagan Crossing,3071,VIC,Australia,10
3021,Parker,Lukacs,Male,1983-01-18,197,,n/a,Mass Customer,N,No,3110,7609 Jackson Terrace,2155,NSW,Australia,11
1195,Ally,Folliott,Female,1978-03-22,184,VP Marketing,Telecommunications,Mass Customer,N,No,3111,761 Bellgrove Lane,2541,NSW,Australia,7
3773,Wadsworth,Ruselin,Male,1976-02-06,7,Accountant I,n/a,Affluent Customer,N,Yes,3112,761 Carioca Drive,4226,QLD,Australia,7
967,April,Causon,Female,1999-10-04,146,Sales Associate,Manufacturing,Affluent Customer,N,Yes,3113,7628 Larry Trail,3428,VIC,Australia,7
344,Carlene,Eyckelbeck,Female,1973-07-18,197,,n/a,High Net Worth,N,Yes,3114,7633 Mayer Plaza,2768,NSW,Australia,10
479,Blythe,Keighley,Female,1994-08-04,197,,IT,Mass Customer,N,Yes,3115,76369 Ridge Oak Place,3162,Victoria,Australia,9
1308,Andrey,Conre,Male,1976-08-27,21,Analog Circuit Design manager,n/a,Affluent Customer,N,Yes,3116,764 Dahle Alley,4115,QLD,Australia,8
1865,Isabelita,Kitchener,Female,1997-12-24,113,Office Assistant III,n/a,Mass Customer,N,No,3117,765 6th Plaza,4226,QLD,Australia,7
3720,Adelice,Tams,Female,1972-08-15,197,,n/a,Mass Customer,N,No,3118,7650 Stone Corner Avenue,3201,VIC,Australia,5
536,Jannelle,Leist,Female,1959-04-07,134,Recruiting Manager,Manufacturing,Affluent Customer,N,No,3119,7671 Oak Valley Junction,2170,NSW,Australia,9
1129,Hercule,,Male,1977-06-29,184,VP Marketing,Entertainment,Mass Customer,N,Yes,3120,7674 Roxbury Junction,4815,QLD,Australia,4
3813,Skelly,Caudell,Male,1979-04-13,106,Media Manager IV,IT,Mass Customer,N,Yes,3121,7681 Waywood Alley,3860,VIC,Australia,1
1836,Rochella,Harce,Female,1955-06-05,141,Research Nurse,Health,Mass Customer,N,Yes,3122,769 Banding Avenue,2151,NSW,Australia,10
1345,Jeth,Marien,Male,1960-09-11,153,Senior Sales Associate,Manufacturing,Mass Customer,N,No,3123,77 Acker Alley,3151,VIC,Australia,10
2467,Ynez,Fawloe,Female,1975-07-15,68,Engineer III,Manufacturing,Affluent Customer,N,Yes,3124,77 Armistice Alley,2208,NSW,Australia,10
2742,Osgood,Risby,Male,1979-04-14,15,Actuary,Financial Services,High Net Worth,N,Yes,3125,77 Golf Course Junction,3027,VIC,Australia,8
3562,Martynne,Bullivant,Female,1973-01-02,134,Recruiting Manager,n/a,Affluent Customer,N,No,3126,77 Green Court,2570,NSW,Australia,9
2833,Cy,Braim,Male,1999-11-26,197,,IT,Mass Customer,N,Yes,3127,77 Gulseth Lane,3181,VIC,Australia,8
825,Willis,Whyler,Male,1975-08-15,49,Computer Systems Analyst IV,n/a,Affluent Customer,N,Yes,3128,77 Nova Junction,3218,VIC,Australia,8
1282,Garald,Pidler,Male,1980-11-15,124,Programmer Analyst III,Entertainment,Affluent Customer,N,Yes,3129,77 Pankratz Plaza,4306,QLD,Australia,8
879,Hestia,Smetoun,Female,1978-08-02,197,,n/a,Mass Customer,N,No,3130,77 Pawling Pass,2537,NSW,Australia,3
661,Cinderella,Haslen,Female,1988-05-07,146,Sales Associate,IT,High Net Worth,N,No,3131,77006 Nelson Point,4171,QLD,Australia,10
1391,Winni,Cana,Female,1976-08-05,100,Marketing Assistant,Retail,High Net Worth,N,No,3132,7709 Bluestem Place,3068,VIC,Australia,5
1130,Juli,Prine,Female,1964-12-06,146,Sales Associate,n/a,Mass Customer,N,No,3133,771 Sugar Way,2076,NSW,Australia,11
1756,Daron,,Female,1976-12-17,97,Junior Executive,n/a,High Net Worth,N,No,3134,7714 Heffernan Circle,3130,VIC,Australia,8
2694,Teddi,De la Yglesias,Female,1985-12-28,132,Quality Engineer,Retail,Mass Customer,N,No,3135,77196 West Crossing,2166,NSW,Australia,8
3657,Wyatan,Rogeon,Male,1961-07-24,197,,n/a,High Net Worth,N,No,3136,772 Superior Street,2759,NSW,Australia,8
249,D'arcy,Slay,Male,1992-09-13,131,Quality Control Specialist,IT,High Net Worth,N,No,3137,77248 Columbus Drive,2340,NSW,Australia,7
3921,Gaby,Lozano,Female,1976-03-09,102,Mechanical Systems Engineer,Manufacturing,High Net Worth,N,No,3138,7727 Merrick Parkway,2099,NSW,Australia,11
1722,Fritz,Geare,Male,1963-07-17,50,Cost Accountant,Financial Services,Mass Customer,N,No,3139,773 Tomscot Plaza,2203,NSW,Australia,10
3661,Tadeas,Shitliff,Male,1965-12-18,140,Research Associate,Manufacturing,Mass Customer,N,Yes,3140,7730 Oakridge Trail,3380,VIC,Australia,1
3707,Marten,Posnette,Male,1993-05-16,150,Senior Editor,Retail,Mass Customer,N,Yes,3141,7740 Crescent Oaks Circle,4350,QLD,Australia,5
2498,Rosana,Emmatt,Female,1978-02-02,162,Software Test Engineer III,Retail,High Net Worth,N,No,3142,77410 Bluejay Street,3046,VIC,Australia,9
2875,Keven,Leahair,Male,1998-10-23,74,Financial Analyst,Financial Services,High Net Worth,N,No,3143,77433 Sunfield Court,3179,VIC,Australia,9
1492,Cordey,Tomik,Female,1980-01-11,103,Media Manager I,n/a,Mass Customer,N,No,3144,7764 Declaration Hill,2261,NSW,Australia,9
1451,Courtney,Meas,Female,1977-02-01,97,Junior Executive,Argiculture,Mass Customer,N,Yes,3145,77729 Kim Plaza,2560,NSW,Australia,7
3198,Dur,Knappen,Male,1997-08-02,105,Media Manager III,Manufacturing,Mass Customer,N,Yes,3146,778 7th Parkway,2071,NSW,Australia,9
2531,Brendan,Verbeke,Male,1981-08-20,181,Teacher,Property,High Net Worth,N,Yes,3147,778 Cambridge Street,4209,QLD,Australia,4
3252,Alexia,McTerrelly,Female,1987-06-15,82,GIS Technical Architect,n/a,High Net Worth,N,Yes,3148,7798 Westport Trail,4031,QLD,Australia,9
2999,Rinaldo,Diggin,U,,39,Business Systems Development Analyst,IT,Affluent Customer,N,Yes,3149,78 Algoma Circle,2166,NSW,Australia,8
3881,Olivie,Nazair,Female,1971-01-12,197,,Financial Services,Affluent Customer,N,No,3150,78 Barnett Alley,2154,NSW,Australia,11
3459,Emelda,Ramsdell,Female,2000-11-24,197,,Entertainment,Mass Customer,N,Yes,3151,78 Bowman Court,2027,NSW,Australia,11
1639,Marna,Showers,Female,1962-12-17,197,,Manufacturing,Mass Customer,N,Yes,3152,78 Bultman Junction,2047,NSW,Australia,10
1703,Nerita,Keppie,Female,1991-04-01,120,Product Engineer,Telecommunications,Mass Customer,N,Yes,3153,78 Colorado Park,4105,QLD,Australia,8
3829,Cornie,Hillhouse,Male,1980-09-01,1,Account Coordinator,n/a,Mass Customer,N,Yes,3154,78 Declaration Center,2209,NSW,Australia,10
32,Marion,Vanichkin,Female,1995-04-20,98,Legal Assistant,Manufacturing,Affluent Customer,N,No,3155,78 Del Sol Hill,2535,New South Wales,Australia,8
716,Trescha,Preshous,Female,1979-11-09,154,Social Worker,Health,Mass Customer,N,No,3156,78 Glacier Hill Drive,2026,NSW,Australia,10
1751,Sara-ann,Haddick,Female,1969-03-23,197,,Health,Mass Customer,N,No,3157,78 Jackson Point,2047,NSW,Australia,11
1728,Pryce,Larner,Male,1977-05-04,116,Paralegal,Financial Services,Affluent Customer,N,No,3158,78 Parkside Trail,3046,VIC,Australia,8
207,Adena,Whyman,Female,1994-08-10,197,,n/a,Mass Customer,N,No,3159,78 Rockefeller Park,2159,NSW,Australia,10
2641,Vina,Tackell,Female,1977-03-22,160,Software Test Engineer I,n/a,Mass Customer,N,Yes,3160,78 Shasta Place,2135,NSW,Australia,12
3751,Millicent,Nacci,Female,1978-12-28,70,Environmental Specialist,n/a,Affluent Customer,N,Yes,3161,78 Southridge Parkway,2257,NSW,Australia,9
219,Markus,Mughal,Male,1964-11-25,54,Database Administrator III,Health,Mass Customer,N,No,3162,78 Surrey Place,2502,NSW,Australia,7
353,Antonia,Cardis,Female,1980-10-09,95,Information Systems Manager,n/a,Mass Customer,N,No,3163,780 Carberry Place,3199,VIC,Australia,9
1585,Stillman,Sackur,Male,1961-04-07,118,Pharmacist,Health,Mass Customer,N,Yes,3164,78000 Arrowood Center,2775,NSW,Australia,9
2626,Gerome,Lawrenz,Male,1998-10-24,1,Account Coordinator,Property,Affluent Customer,N,Yes,3165,78019 Manley Center,2304,NSW,Australia,5
471,Libby,Wardesworth,Female,1956-01-01,82,GIS Technical Architect,Financial Services,Affluent Customer,N,No,3166,781 Dorton Avenue,3012,Victoria,Australia,10
403,Easter,Laffoley-Lane,Female,1975-10-17,83,Graphic Designer,n/a,Mass Customer,N,Yes,3167,78152 Harper Parkway,2756,NSW,Australia,8
956,Ezechiel,Pettecrew,Male,1960-09-26,107,Nuclear Power Engineer,Manufacturing,Mass Customer,N,Yes,3168,7823 Village Green Park,3030,VIC,Australia,8
3228,Margette,Donaghie,Female,1964-08-16,154,Social Worker,Health,Mass Customer,N,No,3169,78258 Hanover Plaza,3070,VIC,Australia,10
2832,Tedmund,Plumm,Male,1976-09-25,133,Recruiter,Telecommunications,Mass Customer,N,Yes,3170,7827 Spohn Court,2093,NSW,Australia,9
842,Mahmud,Dobbson,Male,1999-08-16,45,Compensation Analyst,Financial Services,High Net Worth,N,No,3171,7837 Derek Street,2147,NSW,Australia,9
2437,Simonette,Cressingham,Female,1977-05-01,101,Marketing Manager,Financial Services,Mass Customer,N,Yes,3172,78426 Fulton Plaza,4223,QLD,Australia,9
1426,Allyn,Carswell,Female,1956-08-23,73,Financial Advisor,Financial Services,Mass Customer,N,No,3173,7847 Buell Trail,2759,NSW,Australia,8
3580,Roby,Samson,Female,1972-04-24,110,Occupational Therapist,Health,Mass Customer,N,No,3174,78478 Pond Road,4128,QLD,Australia,7
3458,Alejandro,Shakelade,Male,1977-12-01,194,Web Developer III,Manufacturing,High Net Worth,N,Yes,3175,785 Crest Line Hill,3634,VIC,Australia,1
3209,Clarie,Markushkin,Female,1964-03-28,42,Civil Engineer,Manufacturing,Affluent Customer,N,No,3176,7858 Sauthoff Crossing,3079,VIC,Australia,11
808,Nigel,Phippard,Male,1979-11-21,154,Social Worker,Health,High Net Worth,N,Yes,3177,786 Bonner Drive,2340,NSW,Australia,4
610,Hyatt,Craine,Male,1958-03-16,89,Help Desk Technician,Financial Services,Mass Customer,N,Yes,3178,786 Rowland Court,2035,NSW,Australia,11
1995,Mabel,Sallter,Female,1969-03-26,28,Automation Specialist II,n/a,Mass Customer,N,Yes,3179,7875 Fieldstone Pass,4216,QLD,Australia,10
2868,Corina,Thurlbeck,Female,1972-05-21,182,Technical Writer,Retail,High Net Worth,N,No,3180,78814 Sundown Drive,4810,QLD,Australia,8
3732,Shawn,De Hooge,Female,1992-06-07,140,Research Associate,Manufacturing,Mass Customer,N,No,3181,789 Alpine Lane,2390,NSW,Australia,8
1498,Janot,McGougan,Female,1989-09-27,108,Nurse,n/a,Affluent Customer,N,Yes,3182,78960 Schiller Lane,2450,NSW,Australia,4
787,Norma,Batrim,Female,1996-12-15,197,,Retail,Affluent Customer,N,Yes,3183,79 Arkansas Drive,3008,VIC,Australia,10
3731,Jandy,Rodgers,Female,1991-10-27,41,Chief Design Engineer,n/a,Mass Customer,N,No,3184,79 Butterfield Street,2016,NSW,Australia,11
3741,Mollee,Jeavons,Female,1970-02-01,108,Nurse,n/a,Affluent Customer,N,Yes,3185,79 Crescent Oaks Court,2806,NSW,Australia,1
2748,Dolorita,Dufaur,Female,1967-08-29,132,Quality Engineer,Financial Services,Mass Customer,N,No,3186,79 Eggendart Trail,3977,VIC,Australia,8
1171,Ilise,Solloway,Female,1971-08-15,94,Human Resources Manager,n/a,Affluent Customer,N,Yes,3187,79 Grasskamp Center,2170,NSW,Australia,9
3853,Kerri,Marrington,Female,1975-06-26,14,Accounting Assistant IV,n/a,Mass Customer,N,Yes,3188,79 Holy Cross Hill,2145,NSW,Australia,7
1045,Aeriel,Everest,Female,1986-05-08,197,,Financial Services,Mass Customer,N,Yes,3189,79 Lighthouse Bay Lane,3082,VIC,Australia,8
3571,Othilia,Metcalf,Female,1976-06-09,153,Senior Sales Associate,Property,Mass Customer,N,Yes,3190,79 Moland Junction,2795,NSW,Australia,4
547,Andee,Robjant,Female,1996-05-14,146,Sales Associate,Health,Mass Customer,N,No,3191,7901 Park Meadow Plaza,3076,Victoria,Australia,7
335,Debee,Martynov,Female,1983-04-19,150,Senior Editor,n/a,Affluent Customer,N,No,3192,7905 Spaight Alley,2763,NSW,Australia,8
1518,Dallon,Greatreax,Male,1971-01-02,145,Safety Technician IV,Property,Affluent Customer,N,No,3193,79055 Moose Terrace,2176,NSW,Australia,9
102,Langsdon,Tranfield,Male,1956-11-27,131,Quality Control Specialist,Manufacturing,Affluent Customer,N,No,3194,7909 Pierstorff Crossing,2517,New South Wales,Australia,9
1278,Betsy,Schruurs,Female,1998-11-15,118,Pharmacist,Health,Affluent Customer,N,No,3195,791 Elgar Trail,4340,QLD,Australia,5
3729,Armand,McNish,Male,1960-12-16,74,Financial Analyst,Financial Services,Mass Customer,N,No,3196,7912 Jana Lane,2194,NSW,Australia,8
2908,Tiffy,Feenan,Female,1955-09-21,154,Social Worker,Health,Affluent Customer,N,Yes,3197,7916 Clyde Gallagher Place,2075,NSW,Australia,11
3271,Daisi,Philip,Female,1986-04-18,41,Chief Design Engineer,Property,High Net Worth,N,Yes,3198,7917 Norway Maple Way,2074,NSW,Australia,11
3697,Zebedee,Christal,Male,1978-10-10,134,Recruiting Manager,n/a,Mass Customer,N,Yes,3199,792 Clyde Gallagher Trail,2120,NSW,Australia,10
3542,Perl,Suddaby,Female,1975-03-11,74,Financial Analyst,Financial Services,Mass Customer,N,No,3200,792 Maple Trail,2097,NSW,Australia,12
1393,Adria,MacRorie,Female,1976-03-10,197,,Manufacturing,Mass Customer,N,No,3201,79206 Independence Drive,3061,VIC,Australia,5
1532,Marty,Wiggall,Female,1972-10-26,183,VP Accounting,Financial Services,Mass Customer,N,Yes,3202,7921 Trailsway Center,2759,NSW,Australia,9
1269,Ravid,Kilgallon,Male,1990-08-25,1,Account Coordinator,Property,High Net Worth,N,Yes,3203,7928 Mendota Circle,4503,QLD,Australia,2
1225,Arte,Witchell,Male,1988-01-22,43,Clinical Specialist,Health,Mass Customer,N,Yes,3204,7929 Grasskamp Trail,2119,NSW,Australia,11
2158,Caesar,Begbie,Male,1960-12-18,119,Physical Therapy Assistant,Entertainment,Mass Customer,N,No,3205,79291 3rd Circle,2760,NSW,Australia,8
1857,Purcell,Chinnery,Male,1968-09-20,101,Marketing Manager,Manufacturing,Affluent Customer,N,Yes,3206,7939 Toban Crossing,2770,NSW,Australia,7
2094,Merle,Pesticcio,Male,1984-01-27,34,Biostatistician IV,n/a,Mass Customer,N,No,3207,794 Kennedy Court,4740,QLD,Australia,2
1783,Brett,McCalister,Male,1995-07-30,197,,Retail,Mass Customer,N,Yes,3208,79427 Hudson Trail,3677,VIC,Australia,1
2066,Skipp,McLarens,Male,1969-12-21,75,Food Chemist,Health,High Net Worth,N,Yes,3209,7949 Waywood Way,2318,NSW,Australia,7
1112,Jarrett,Chiplin,Male,1981-05-22,197,,n/a,Mass Customer,N,Yes,3210,79494 Ruskin Circle,2527,NSW,Australia,9
1246,Ibrahim,Wibrew,Male,1993-08-10,197,,n/a,High Net Worth,N,No,3211,795 Arapahoe Hill,4818,QLD,Australia,7
1729,Alla,Kyles,Female,1987-11-16,102,Mechanical Systems Engineer,Argiculture,High Net Worth,N,No,3212,7962 Dottie Park,2284,NSW,Australia,5
2940,Wilek,Adolf,Male,1970-11-12,39,Business Systems Development Analyst,n/a,Affluent Customer,N,Yes,3213,797 Orin Terrace,2119,NSW,Australia,10
1796,Cayla,Marcus,Female,1969-11-28,58,Desktop Support Technician,Manufacturing,High Net Worth,N,Yes,3214,79737 Hollow Ridge Trail,2199,NSW,Australia,9
1154,Chase,Youd,Male,1974-11-24,141,Research Nurse,Health,Mass Customer,N,Yes,3215,7975 Browning Plaza,3038,VIC,Australia,4
1245,Erin,Shawell,Male,1994-05-31,120,Product Engineer,Manufacturing,Affluent Customer,N,No,3216,7978 Carberry Way,4817,QLD,Australia,2
1937,Renaud,Gahagan,Male,1974-01-08,132,Quality Engineer,Health,Mass Customer,N,No,3217,79862 Darwin Crossing,4215,QLD,Australia,8
2757,Leodora,Carillo,Female,1961-02-18,197,,Financial Services,Affluent Customer,N,No,3218,8 Anderson Lane,2214,NSW,Australia,9
1497,Karole,Grinin,Female,1973-11-08,100,Marketing Assistant,Retail,High Net Worth,N,No,3219,8 Arizona Way,2233,NSW,Australia,9
1752,Diane,Busk,Female,1977-01-27,177,Systems Administrator II,n/a,Mass Customer,N,No,3220,8 Armistice Circle,3977,VIC,Australia,6
3442,Adrianne,Petrecz,Female,1962-05-22,140,Research Associate,Retail,Mass Customer,N,Yes,3221,8 Becker Drive,4868,QLD,Australia,4
2718,Vernen,Hakonsen,Male,1976-12-12,161,Software Test Engineer II,n/a,High Net Worth,N,Yes,3222,8 Bobwhite Court,3127,VIC,Australia,10
1548,Perla,Cortnay,Female,1995-02-03,197,,Manufacturing,Mass Customer,N,Yes,3223,8 Bobwhite Park,2768,NSW,Australia,10
1547,Chiquita,Billyard,Female,1990-02-26,1,Account Coordinator,n/a,Mass Customer,N,Yes,3224,8 Boyd Road,2075,NSW,Australia,12
2255,Iorgo,Krol,Male,1992-07-11,56,Dental Hygienist,Health,Affluent Customer,N,Yes,3225,8 Buell Crossing,2320,NSW,Australia,5
2159,Godfrey,Bottini,Male,1963-10-05,197,,n/a,High Net Worth,N,Yes,3226,8 Bunting Hill,2155,NSW,Australia,10
1956,Omero,Murra,Male,1994-07-08,90,Human Resources Assistant I,Health,Affluent Customer,N,Yes,3227,8 Carioca Terrace,4007,QLD,Australia,8
3158,Korey,Lansbury,Male,1970-05-02,186,VP Quality Control,Telecommunications,Mass Customer,N,Yes,3228,8 Clarendon Circle,2121,NSW,Australia,11
1177,Bobbette,Pozzi,Female,1953-08-31,75,Food Chemist,Health,Affluent Customer,N,Yes,3229,8 Clyde Gallagher Court,4217,QLD,Australia,8
914,Marc,Egleton,Male,1999-06-16,40,Chemical Engineer,Manufacturing,Affluent Customer,N,Yes,3230,8 Colorado Circle,3730,VIC,Australia,4
2042,Bendix,Cooke,Male,1968-08-14,135,Registered Nurse,Health,Mass Customer,N,No,3231,8 Crowley Terrace,2760,NSW,Australia,8
463,Allis,Blanche,Female,1962-03-30,148,Senior Cost Accountant,Financial Services,Mass Customer,N,Yes,3232,8 Dayton Park,2050,NSW,Australia,9
174,Catie,Tosspell,Female,1989-11-26,75,Food Chemist,Health,Mass Customer,N,No,3233,8 Dixon Parkway,2783,NSW,Australia,7
702,Zorina,Bosomworth,Female,1960-02-09,89,Help Desk Technician,n/a,Mass Customer,N,No,3234,8 Dottie Court,3480,Victoria,Australia,1
1892,Allyson,Pinsent,Female,1995-09-07,197,,Retail,High Net Worth,N,Yes,3235,8 Drewry Street,4655,QLD,Australia,5
2668,Allan,Govan,Male,1978-07-26,152,Senior Quality Engineer,Health,Mass Customer,N,No,3236,8 Eagle Crest Circle,2137,NSW,Australia,12
1251,Codie,Arnecke,Male,1997-10-01,58,Desktop Support Technician,Property,Mass Customer,N,No,3237,8 Eggendart Court,2478,NSW,Australia,9
3169,Maxim,Chavrin,Male,1964-01-12,117,Payment Adjustment Coordinator,IT,Mass Customer,N,Yes,3238,8 Erie Center,3690,VIC,Australia,2
1978,Marge,Skerm,Female,1955-01-06,56,Dental Hygienist,Health,Mass Customer,N,No,3239,8 Farwell Parkway,2428,NSW,Australia,2
3417,Deedee,Coxall,Female,1973-02-18,154,Social Worker,Health,Mass Customer,N,No,3240,8 Garrison Trail,2226,NSW,Australia,10
2964,Geneva,McCrystal,Female,1974-01-07,120,Product Engineer,Telecommunications,Mass Customer,N,Yes,3241,8 Glendale Terrace,4014,QLD,Australia,8
632,Angeli,O'Hegertie,Male,1998-04-26,76,General Manager,Health,Mass Customer,N,No,3242,8 Golf Drive,2747,NSW,Australia,9
336,Georgiana,Wallington,Female,1980-01-06,197,,Manufacturing,High Net Worth,N,No,3243,8 Grayhawk Circle,2089,NSW,Australia,10
1460,Morley,Shutt,Male,1973-07-03,95,Information Systems Manager,Financial Services,High Net Worth,N,Yes,3244,8 Green Ridge Place,2565,NSW,Australia,9
3677,Bartel,Fonteyne,Male,1986-07-11,151,Senior Financial Analyst,Financial Services,Mass Customer,N,Yes,3245,8 Grover Parkway,2089,NSW,Australia,10
179,Esteban,Sewill,Male,1966-05-11,71,Environmental Tech,Manufacturing,High Net Worth,N,Yes,3246,8 Haas Park,2074,NSW,Australia,10
122,Colver,Itter,Male,1979-04-19,131,Quality Control Specialist,Financial Services,Mass Customer,N,Yes,3247,8 Hagan Hill,4508,QLD,Australia,4
1128,Kirsten,Longman,Female,1992-04-12,73,Financial Advisor,Financial Services,Mass Customer,N,Yes,3248,8 Hansons Street,3076,VIC,Australia,7
3617,Jessa,Milnthorpe,Female,1990-05-06,174,Structural Analysis Engineer,Manufacturing,Mass Customer,N,Yes,3249,8 Harper Center,2650,NSW,Australia,3
3193,Augusta,Henryson,Female,1978-07-04,191,Web Designer IV,Property,High Net Worth,N,No,3250,8 Havey Alley,2031,NSW,Australia,8
1568,Bellanca,Strutz,Female,1980-05-23,40,Chemical Engineer,Manufacturing,Mass Customer,N,Yes,3251,8 Heffernan Crossing,2126,NSW,Australia,12
1842,Ephrayim,Beville,Male,1977-02-27,10,Accountant IV,Financial Services,Mass Customer,N,No,3252,8 Hoffman Alley,3181,VIC,Australia,10
2721,Alf,Farnie,Male,1969-02-03,197,,Manufacturing,Mass Customer,N,Yes,3253,8 Holmberg Street,2444,NSW,Australia,7
385,Kendall,Humes,Male,1966-12-07,130,Project Manager,Health,High Net Worth,N,No,3254,8 Holy Cross Center,2047,NSW,Australia,9
724,Heinrik,Norcock,Male,1975-08-05,21,Analog Circuit Design manager,Financial Services,Mass Customer,N,Yes,3255,8 Kingsford Hill,3429,Victoria,Australia,6
1287,Nicko,Saddleton,Male,1960-10-23,176,Systems Administrator I,Financial Services,Mass Customer,N,Yes,3256,8 Kinsman Alley,4304,QLD,Australia,2
2620,Henderson,Koubek,Male,1999-04-30,42,Civil Engineer,Manufacturing,Mass Customer,N,No,3257,8 Lake View Way,3977,VIC,Australia,7
670,Janifer,Pountain,Female,1992-11-09,39,Business Systems Development Analyst,Retail,Affluent Customer,N,No,3258,8 Lawn Hill,3752,Victoria,Australia,7
362,Jamima,Pirolini,Female,1974-11-17,159,Software Engineer IV,Financial Services,High Net Worth,N,Yes,3259,8 Mariners Cove Drive,2096,NSW,Australia,10
3260,Kelsy,Rao,Female,1979-05-30,140,Research Associate,Telecommunications,High Net Worth,N,No,3260,8 Marquette Court,2204,NSW,Australia,11
150,Bradly,Crosse,Male,1983-08-23,50,Cost Accountant,Financial Services,Affluent Customer,N,No,3261,8 Mccormick Crossing,2227,NSW,Australia,8
621,Constantin,Giacobbo,Male,1964-11-29,178,Systems Administrator III,n/a,High Net Worth,N,No,3262,8 Melrose Road,4116,QLD,Australia,7
1447,Renaldo,Maudsley,Male,1996-06-16,42,Civil Engineer,Manufacturing,Mass Customer,N,No,3263,8 Mendota Plaza,2567,NSW,Australia,9
1145,Korella,Begin,Female,1965-09-26,197,,Property,Mass Customer,N,Yes,3264,8 Moland Junction,2148,NSW,Australia,7
424,Dennie,Eunson,Male,1978-01-25,141,Research Nurse,Health,High Net Worth,N,No,3265,8 Moland Pass,2065,NSW,Australia,10
405,Vivien,Urion,Female,1971-09-28,197,,Manufacturing,High Net Worth,N,Yes,3266,8 Monterey Plaza,2066,NSW,Australia,9
1536,Tiffany,Fanshaw,Female,1979-10-04,155,Software Consultant,Financial Services,Affluent Customer,N,Yes,3267,8 Monument Junction,2154,NSW,Australia,11
1686,Fremont,Trundle,Male,1980-07-06,6,Account Representative IV,Argiculture,Mass Customer,N,Yes,3268,8 Northridge Drive,2072,NSW,Australia,10
573,Maurits,Kix,Male,1994-03-07,76,General Manager,n/a,Mass Customer,N,No,3269,8 Pawling Alley,3930,Victoria,Australia,8
1941,Dmitri,Eleshenar,Male,1992-05-23,99,Librarian,Entertainment,Mass Customer,N,No,3270,8 Pearson Trail,2166,NSW,Australia,9
1438,Winifred,MacRonald,Female,1975-11-01,154,Social Worker,Health,Mass Customer,N,Yes,3271,8 Prairie Rose Circle,2745,NSW,Australia,9
3988,Ammamaria,Ashburne,Female,1994-07-14,30,Automation Specialist IV,Health,Mass Customer,N,Yes,3272,8 Randy Parkway,2209,NSW,Australia,11
1104,Jewelle,Pincott,Female,1959-12-31,128,Programmer III,Retail,Mass Customer,N,No,3273,8 Ridgeview Park,2323,NSW,Australia,5
278,Sydney,Georger,Male,1997-07-30,72,Executive Secretary,n/a,Affluent Customer,N,Yes,3274,8 Riverside Place,4211,QLD,Australia,5
3234,Mata,Hoggan,Male,1987-04-15,143,Safety Technician II,Manufacturing,Mass Customer,N,Yes,3275,8 Rockefeller Lane,2306,NSW,Australia,4
2957,Hurlee,Helleckas,Male,1969-11-21,154,Social Worker,Health,Affluent Customer,N,No,3276,8 Roxbury Way,3031,VIC,Australia,8
1713,Jennica,Jeeks,Female,1988-11-08,181,Teacher,Retail,High Net Worth,N,Yes,3277,8 Scott Street,3205,VIC,Australia,8
579,Cathlene,Bellas,Female,1974-06-11,157,Software Engineer II,Health,Mass Customer,N,No,3278,8 Sommers Circle,2305,NSW,Australia,7
276,Goldi,Dwine,Female,1990-03-25,197,,Financial Services,Mass Customer,N,No,3279,8 Starling Pass,2767,NSW,Australia,8
781,Elvis,O'Leagham,Male,1958-11-15,98,Legal Assistant,Manufacturing,Mass Customer,N,No,3280,8 Starling Trail,2282,NSW,Australia,8
2440,Lethia,Juanes,Female,1959-09-21,67,Engineer II,Manufacturing,Affluent Customer,N,No,3281,8 Superior Court,3174,VIC,Australia,5
2063,Benny,Crudge,Male,1963-06-17,43,Clinical Specialist,Health,Affluent Customer,N,No,3282,8 Superior Hill,2153,NSW,Australia,10
1705,Nelle,Haworth,Female,1979-08-14,140,Research Associate,Financial Services,Mass Customer,N,Yes,3283,8 Talisman Avenue,2211,NSW,Australia,10
269,Zacherie,Grindley,Male,1954-09-19,109,Nurse Practicioner,Property,Mass Customer,N,Yes,3284,8 Texas Plaza,3081,VIC,Australia,9
1414,Allison,Clowton,Female,1980-02-29,89,Help Desk Technician,Retail,Mass Customer,N,Yes,3285,8 Veith Alley,2750,NSW,Australia,5
1774,Vidovik,Astall,Male,1978-11-01,45,Compensation Analyst,Financial Services,Mass Customer,N,Yes,3286,8 Vermont Pass,3930,VIC,Australia,9
3359,Duffy,Cotillard,Male,1991-12-13,61,Developer III,n/a,Mass Customer,N,No,3287,8 Village Street,4825,QLD,Australia,5
1591,Fonz,Jankin,Male,1976-09-14,115,Operator,Manufacturing,Mass Customer,N,Yes,3288,8 Warrior Avenue,3197,VIC,Australia,9
2573,Tera,Van Weedenburg,Female,1954-09-23,156,Software Engineer I,n/a,Mass Customer,N,No,3289,80 Cambridge Plaza,2159,NSW,Australia,11
2164,Toinette,Clementson,Female,1973-08-16,74,Financial Analyst,Financial Services,Mass Customer,N,Yes,3290,80 Cordelia Street,4061,QLD,Australia,5
155,Orran,Bogges,Male,1985-12-28,132,Quality Engineer,Manufacturing,Mass Customer,N,No,3291,80 Duke Terrace,2233,NSW,Australia,10
524,Florence,Held,Female,1962-09-09,108,Nurse,Retail,Mass Customer,N,No,3292,80 Lakewood Street,2576,NSW,Australia,10
751,Amie,Dufty,Female,2001-10-31,39,Business Systems Development Analyst,Financial Services,Affluent Customer,N,No,3293,80 Maple Avenue,2536,NSW,Australia,4
3925,Cally,Chaim,Female,1978-11-25,170,Statistician I,n/a,High Net Worth,N,No,3294,80 Northland Place,4178,QLD,Australia,8
766,Nonna,Hun,Female,1975-04-22,197,,Retail,Mass Customer,N,Yes,3295,80 Scofield Alley,3121,VIC,Australia,10
723,Madelina,Marte,Female,1963-08-20,75,Food Chemist,Health,Mass Customer,N,Yes,3296,80027 Ryan Terrace,3551,Victoria,Australia,3
3008,Etta,Criag,Female,1982-05-13,197,,Health,High Net Worth,N,Yes,3297,8003 Pepper Wood Way,3250,VIC,Australia,2
2952,Cristy,McQuirter,Female,1975-04-25,149,Senior Developer,Manufacturing,High Net Worth,N,Yes,3298,8007 Dawn Terrace,2166,NSW,Australia,9
3866,Theressa,Morfield,Female,1990-07-18,175,Structural Engineer,Health,Mass Customer,N,Yes,3299,80070 Mockingbird Center,2289,NSW,Australia,8
2356,Arluene,Manchester,Female,1994-12-17,77,Geological Engineer,Manufacturing,Affluent Customer,N,No,3300,801 Kings Parkway,2227,NSW,Australia,10
3907,Adriana,Heam,Female,1996-01-11,182,Technical Writer,n/a,High Net Worth,N,Yes,3301,801 Shasta Crossing,2539,NSW,Australia,8
1649,Brenden,Dinley,Male,1962-07-17,41,Chief Design Engineer,Property,Mass Customer,N,No,3302,8012 American Parkway,2138,NSW,Australia,11
3915,Cybil,Brombell,Female,1959-06-23,170,Statistician I,Financial Services,Affluent Customer,N,No,3303,802 Bashford Hill,3150,VIC,Australia,10
3977,Katrinka,Van der Beken,Female,1965-08-21,32,Biostatistician II,Manufacturing,Mass Customer,N,Yes,3304,80260 Morning Road,3178,VIC,Australia,9
3401,Cristie,,Female,1993-07-28,180,Tax Accountant,Telecommunications,Mass Customer,N,Yes,3305,80269 Southridge Park,4014,QLD,Australia,6
248,Inger,Eskell,Female,1978-04-15,43,Clinical Specialist,Health,Affluent Customer,N,Yes,3306,8029 Gulseth Center,2304,NSW,Australia,7
3044,Russell,Brittoner,Male,1990-04-11,110,Occupational Therapist,Health,Affluent Customer,N,Yes,3307,80302 Stang Parkway,3677,VIC,Australia,1
2624,Winfield,Lampitt,Male,1964-07-08,44,Community Outreach Specialist,Retail,Mass Customer,N,Yes,3308,804 Shelley Junction,2567,NSW,Australia,7
1018,Matthiew,Ferreras,Male,1994-11-27,88,Help Desk Operator,Manufacturing,Mass Customer,N,Yes,3309,80424 Corben Alley,2136,NSW,Australia,10
725,Gage,Crossan,Male,1965-08-27,57,Design Engineer,Health,High Net Worth,N,Yes,3310,8044 Emmet Hill,3150,Victoria,Australia,9
3367,Melisse,Massei,Female,2000-12-05,99,Librarian,Entertainment,Mass Customer,N,Yes,3311,805 Division Plaza,4165,QLD,Australia,4
290,Giorgio,Kevane,U,,153,Senior Sales Associate,IT,Mass Customer,N,No,3312,807 Beilfuss Crossing,3030,VIC,Australia,7
426,Emlyn,Anstice,Female,1972-06-02,107,Nuclear Power Engineer,Manufacturing,Affluent Customer,N,No,3313,8078 Talisman Trail,4209,QLD,Australia,7
502,Rica,Raveau,Female,1970-12-24,181,Teacher,Manufacturing,Mass Customer,N,No,3314,808 Debra Center,3911,Victoria,Australia,10
806,Carter,Kaesmakers,Male,1992-07-28,147,Sales Representative,Retail,Mass Customer,N,Yes,3315,808 Starling Place,2173,NSW,Australia,9
714,Burtie,Scintsbury,Male,1964-07-13,197,,Manufacturing,High Net Worth,N,Yes,3316,8080 Victoria Plaza,4217,QLD,Australia,11
1440,Consuela,O'Logan,Female,1965-11-22,94,Human Resources Manager,Financial Services,High Net Worth,N,Yes,3317,8088 Macpherson Hill,2323,NSW,Australia,5
801,Bertram,Linn,Male,1980-10-08,81,Geologist IV,n/a,Affluent Customer,N,No,3318,80932 5th Street,2754,NSW,Australia,8
1220,Paulie,Akerman,Male,1987-06-08,64,Editor,n/a,High Net Worth,N,No,3319,81 American Place,2259,NSW,Australia,6
1491,Agneta,Swiggs,Female,1997-08-03,153,Senior Sales Associate,Health,Mass Customer,N,Yes,3320,81 Artisan Park,2259,NSW,Australia,5
3680,Sawyere,Onele,Male,1983-08-11,7,Accountant I,Retail,High Net Worth,N,No,3321,81 Carpenter Terrace,3321,VIC,Australia,3
1508,Orv,Milland,Male,1986-08-28,43,Clinical Specialist,Health,Affluent Customer,N,Yes,3322,81 Darwin Court,2210,NSW,Australia,10
2247,Gweneth,Wilkins,Female,1995-01-20,181,Teacher,Retail,High Net Worth,N,Yes,3323,81 Forest Dale Center,3555,VIC,Australia,3
793,Kissie,Delong,Female,1989-01-30,15,Actuary,Financial Services,High Net Worth,N,Yes,3324,81 Holy Cross Alley,2077,NSW,Australia,8
2224,Sydel,Seccombe,Female,1998-08-18,37,Budget/Accounting Analyst III,Retail,High Net Worth,N,Yes,3325,81 Lien Drive,3216,VIC,Australia,3
3940,Anna,Warmington,Female,1977-11-18,147,Sales Representative,Retail,Mass Customer,N,No,3326,81 Monument Avenue,2126,NSW,Australia,12
3802,Leila,Elcombe,Female,1970-10-27,41,Chief Design Engineer,Telecommunications,High Net Worth,N,Yes,3327,81 Pine View Avenue,4208,QLD,Australia,5
3309,Christie,Bremeyer,Male,1974-12-14,153,Senior Sales Associate,n/a,High Net Worth,N,Yes,3328,81 Westerfield Point,2768,NSW,Australia,10
3285,Mendie,Teresi,Male,1986-12-30,133,Recruiter,Health,Affluent Customer,N,Yes,3329,8107 Coolidge Pass,2075,NSW,Australia,12
1392,Marris,Waison,Female,2000-01-15,94,Human Resources Manager,Financial Services,Mass Customer,N,No,3330,8108 Clyde Gallagher Crossing,3756,VIC,Australia,4
210,Albrecht,Thomasson,Male,1963-11-18,23,Assistant Manager,Property,Mass Customer,N,No,3331,811 Tony Road,4220,QLD,Australia,9
1124,Eben,Threader,Male,1965-02-03,86,Health Coach III,Health,Affluent Customer,N,Yes,3332,81114 7th Place,4869,QLD,Australia,4
1194,Audry,Scurrey,Female,1992-03-25,97,Junior Executive,Telecommunications,Affluent Customer,N,No,3333,81167 Division Hill,2873,NSW,Australia,1
3114,Judah,Prime,Male,1974-09-05,181,Teacher,IT,Mass Customer,N,Yes,3334,81183 Maple Wood Plaza,4152,QLD,Australia,8
2729,Meggi,Shipcott,Female,2000-05-10,76,General Manager,n/a,Mass Customer,N,Yes,3335,81254 Buhler Trail,4740,QLD,Australia,2
694,Lilith,Lanning,Female,1968-12-28,105,Media Manager III,Health,Mass Customer,N,No,3336,81310 Charing Cross Plaza,3805,Victoria,Australia,7
2179,Benson,cornhill,Male,1960-08-20,58,Desktop Support Technician,Manufacturing,Mass Customer,N,No,3337,8142 Tomscot Drive,4132,QLD,Australia,4
2441,Loutitia,Pinkie,Female,1959-03-29,197,,Property,High Net Worth,N,Yes,3338,8147 Dapin Hill,2280,NSW,Australia,8
1661,Meggy,Delgadillo,Female,1979-06-02,19,Administrative Assistant IV,Health,Affluent Customer,N,No,3339,816 Gale Pass,2261,NSW,Australia,7
230,Maegan,Scyone,Female,1954-06-24,96,Internal Auditor,Property,High Net Worth,N,No,3340,816 Spohn Center,2036,NSW,Australia,10
3970,Modesty,Storks,Female,1969-11-27,147,Sales Representative,Retail,High Net Worth,N,Yes,3341,81609 Vernon Terrace,3934,VIC,Australia,8
687,Welby,Ninnotti,Male,1959-02-10,72,Executive Secretary,Retail,High Net Worth,N,Yes,3342,8179 Veith Pass,2577,NSW,Australia,7
521,Peri,Hovie,Female,1978-12-19,88,Help Desk Operator,Health,High Net Worth,N,No,3343,81848 Amoth Road,3282,Victoria,Australia,2
1909,Drucill,Laurand,Female,1984-12-11,137,Research Assistant II,Argiculture,Affluent Customer,N,Yes,3344,81856 Express Lane,2299,NSW,Australia,6
2904,Freddi,Arrington,Female,1977-06-30,162,Software Test Engineer III,Manufacturing,High Net Worth,N,Yes,3345,8188 Fuller Hill,3175,VIC,Australia,8
3939,Georges,Dumbelton,Male,1981-06-25,197,,Manufacturing,Affluent Customer,N,No,3346,819 Basil Plaza,4053,QLD,Australia,8
3998,Sarene,Woolley,U,,23,Assistant Manager,IT,High Net Worth,N,No,3347,8194 Lien Street,4032,QLD,Australia,7
111,Cele,Evason,Female,1993-08-29,22,Analyst Programmer,n/a,Mass Customer,N,No,3348,8194 Sachtjen Drive,3844,VIC,Australia,1
1647,Ivory,Roscam,Female,1977-09-09,197,,Financial Services,High Net Worth,N,Yes,3349,81942 Scott Street,2066,NSW,Australia,10
319,Madelle,Matteris,Female,1971-10-11,197,,Retail,Mass Customer,N,Yes,3350,82 8th Alley,4210,QLD,Australia,9
3487,Amalee,Sanderson,Female,1977-12-15,22,Analyst Programmer,Health,High Net Worth,N,No,3351,82 Dahle Crossing,3195,VIC,Australia,10
1575,Phaidra,Jindacek,Female,1989-03-13,57,Design Engineer,Retail,Mass Customer,N,No,3352,82 Hanover Avenue,2101,NSW,Australia,10
2520,Gabie,Skett,Male,1974-05-27,9,Accountant III,Retail,Affluent Customer,N,Yes,3353,82 Lukken Lane,2190,NSW,Australia,10
331,Ford,Groucock,Male,1998-09-23,58,Desktop Support Technician,Health,Mass Customer,N,Yes,3354,82 Mcbride Trail,3223,VIC,Australia,6
982,Tibold,Bonwell,Male,1960-02-12,80,Geologist III,Health,High Net Worth,N,Yes,3355,82 Shasta Drive,4825,QLD,Australia,3
2827,Shelli,Wilkennson,Female,1973-07-15,197,,Financial Services,High Net Worth,N,No,3356,82 Vermont Street,2021,NSW,Australia,12
3429,Alla,Hirtzmann,Female,1964-06-22,197,,Health,High Net Worth,N,No,3357,82 Warrior Hill,3174,VIC,Australia,8
3214,Cindelyn,Balas,Female,1993-01-21,158,Software Engineer III,Financial Services,Mass Customer,N,Yes,3358,8200 Dapin Drive,4503,QLD,Australia,4
2819,Clyve,Starmont,Male,1977-12-04,72,Executive Secretary,Manufacturing,Affluent Customer,N,No,3359,82010 Lakewood Center,2770,NSW,Australia,6
287,Hannie,Wodham,Female,1985-05-06,107,Nuclear Power Engineer,Manufacturing,Affluent Customer,N,No,3360,8207 Cascade Court,3810,VIC,Australia,5
810,Fawnia,Bartrum,Female,1998-04-04,163,Software Test Engineer IV,Health,Mass Customer,N,Yes,3361,8208 Lotheville Street,3805,VIC,Australia,8
255,Keeley,Kruger,Female,1954-01-15,58,Desktop Support Technician,IT,Mass Customer,N,No,3362,8208 Parkside Point,2320,NSW,Australia,6
2122,Osborne,Nawton,Male,1973-01-27,135,Registered Nurse,Health,High Net Worth,N,Yes,3363,8209 Tony Plaza,2810,NSW,Australia,1
2738,Lurleen,Shoebridge,Female,1997-01-06,141,Research Nurse,Health,Mass Customer,N,No,3364,82206 Dennis Place,4124,QLD,Australia,8
2221,Tye,Scottini,Male,1995-11-07,76,General Manager,Argiculture,Affluent Customer,N,No,3365,82237 Dapin Court,4570,QLD,Australia,4
682,Ole,Euplate,Male,1971-03-16,87,Health Coach IV,Health,Affluent Customer,N,Yes,3366,8234 Riverside Park,2481,NSW,Australia,9
15,Erroll,Radage,Male,2000-07-13,97,Junior Executive,Manufacturing,Mass Customer,N,No,3367,82391 Kensington Lane,3058,VIC,Australia,9
2878,Sauveur,Skeel,Male,1985-10-31,21,Analog Circuit Design manager,Property,Mass Customer,N,Yes,3368,8250 Johnson Point,4115,QLD,Australia,3
173,Ebba,Hanselmann,Female,1997-01-02,76,General Manager,Health,Affluent Customer,N,No,3369,82520 Mifflin Drive,2333,NSW,Australia,5
177,Ondrea,Pablos,Female,1989-11-09,121,Professor,Financial Services,High Net Worth,N,No,3370,8256 Annamark Court,3638,VIC,Australia,1
3740,Rania,Poulter,Female,1979-12-03,56,Dental Hygienist,Health,Mass Customer,N,No,3371,82583 North Hill,2528,NSW,Australia,7
3443,Fran,,Male,1995-04-12,182,Technical Writer,n/a,Mass Customer,N,Yes,3372,82591 Fallview Hill,3021,VIC,Australia,8
1655,Prinz,Codman,Male,1983-02-15,65,Electrical Engineer,Manufacturing,Affluent Customer,N,Yes,3373,82598 Arkansas Hill,2088,NSW,Australia,12
978,Erena,Escalero,Female,1982-01-31,109,Nurse Practicioner,n/a,High Net Worth,N,No,3374,8276 Hudson Trail,2250,NSW,Australia,6
3608,Conway,Surgen,Male,1973-05-17,109,Nurse Practicioner,Argiculture,High Net Worth,N,No,3375,8279 Golf View Center,3127,VIC,Australia,12
3702,Floyd,Meharry,Male,1993-02-18,34,Biostatistician IV,Health,Mass Customer,N,No,3376,828 Cascade Crossing,3196,VIC,Australia,9
1470,Albie,Pach,Male,1995-12-04,148,Senior Cost Accountant,Financial Services,High Net Worth,N,Yes,3377,828 Schlimgen Circle,2450,NSW,Australia,5
2010,Duff,Guyer,Male,1974-01-31,51,Data Coordiator,Manufacturing,High Net Worth,N,Yes,3378,828 Waubesa Pass,2234,NSW,Australia,10
136,Mel,Bennet,Male,1973-05-26,149,Senior Developer,Manufacturing,High Net Worth,N,Yes,3379,829 Washington Crossing,3186,VIC,Australia,9
992,Cordelia,Hawkeswood,Female,1958-11-25,197,,Property,Mass Customer,N,Yes,3380,8298 Texas Alley,2194,NSW,Australia,10
2326,Trev,Boothebie,Male,1966-06-22,122,Programmer Analyst I,Retail,High Net Worth,N,No,3381,83 American Ash Drive,2261,NSW,Australia,8
294,Magnum,Slowan,Male,1959-04-01,134,Recruiting Manager,n/a,High Net Worth,N,No,3382,83 Brickson Park Drive,3029,VIC,Australia,8
1658,Selina,Clow,Female,1993-12-05,147,Sales Representative,Retail,Mass Customer,N,Yes,3383,83 Graceland Avenue,3977,VIC,Australia,3
3308,Daffi,Idale,Female,1979-05-20,50,Cost Accountant,Financial Services,Mass Customer,N,Yes,3384,83 Graedel Court,4505,QLD,Australia,2
1523,Brnaba,Dighton,Male,1959-09-06,120,Product Engineer,Financial Services,Mass Customer,N,Yes,3385,83 Luster Drive,2848,NSW,Australia,1
607,Adelaida,Redmond,Female,1976-08-10,56,Dental Hygienist,Health,Mass Customer,N,No,3386,83 Ryan Hill,4551,QLD,Australia,8
3055,Viki,Drache,Female,1999-08-23,76,General Manager,n/a,Mass Customer,N,Yes,3387,83 Sunfield Hill,3216,VIC,Australia,7
1955,Thornton,Vereker,Male,1980-11-22,70,Environmental Specialist,n/a,Mass Customer,N,No,3388,83 Wayridge Circle,4152,QLD,Australia,9
500,Lazar,Crathern,Male,1992-04-11,134,Recruiting Manager,Retail,Affluent Customer,N,Yes,3389,830 Summit Center,3075,Victoria,Australia,7
634,Melonie,Zisneros,Female,1978-01-30,164,Speech Pathologist,Manufacturing,Mass Customer,N,No,3390,8300 Vermont Center,3429,Victoria,Australia,6
2767,Sybil,Scramage,Female,1988-02-22,58,Desktop Support Technician,Property,High Net Worth,N,No,3391,83007 Bartillon Lane,2830,NSW,Australia,4
178,Matthieu,Bertelmot,Male,1967-04-03,197,,n/a,Affluent Customer,N,No,3392,83012 Dapin Lane,4300,QLD,Australia,4
3061,Evie,Bendtsen,Female,1991-03-18,114,Office Assistant IV,Manufacturing,Affluent Customer,N,Yes,3393,8303 Mallard Center,2234,NSW,Australia,11
537,Raine,Sneezum,Female,1989-03-26,175,Structural Engineer,Entertainment,High Net Worth,N,No,3394,8304 Derek Park,3130,Victoria,Australia,10
1924,Eolande,Kauscher,Female,1965-12-01,185,VP Product Management,n/a,Mass Customer,N,Yes,3395,8308 Linden Place,2570,NSW,Australia,9
2716,Claribel,,Female,1967-07-14,176,Systems Administrator I,Entertainment,Mass Customer,N,No,3396,831 Daystar Circle,2038,NSW,Australia,12
638,Joey,Ledram,Male,1967-04-29,197,,Manufacturing,High Net Worth,N,No,3397,831 Hayes Park,4218,QLD,Australia,8
2100,Der,Blatcher,Male,1978-05-30,100,Marketing Assistant,IT,Mass Customer,N,No,3398,831 Prairieview Trail,4405,QLD,Australia,1
2201,Trisha,Basset,Female,1998-12-12,57,Design Engineer,Financial Services,Affluent Customer,N,Yes,3399,8312 Dunning Crossing,3101,VIC,Australia,8
1881,Gherardo,Lahy,Male,1957-12-10,131,Quality Control Specialist,n/a,Affluent Customer,N,Yes,3400,83148 Rowland Alley,2530,NSW,Australia,8
1928,Sully,Dorling,Male,1977-09-24,40,Chemical Engineer,Manufacturing,High Net Worth,N,Yes,3401,8318 Continental Alley,3175,VIC,Australia,7
3856,Shane,Haseldine,Female,1992-04-24,13,Accounting Assistant III,Property,Affluent Customer,N,No,3402,832 Moulton Trail,2560,NSW,Australia,8
30,Darrick,Helleckas,Male,1961-10-18,197,,IT,Affluent Customer,N,Yes,3403,833 Luster Way,4005,QLD,Australia,8
1332,Garek,De la Barre,Male,1978-05-01,182,Technical Writer,n/a,Mass Customer,N,Yes,3404,833 Sherman Court,3810,VIC,Australia,6
2293,Engracia,Newcom,Female,1958-03-07,73,Financial Advisor,Financial Services,Affluent Customer,N,No,3405,834 Pierstorff Lane,4228,QLD,Australia,10
2581,Gwenette,Appleton,Female,1974-06-10,197,,Manufacturing,Affluent Customer,N,Yes,3406,83441 Donald Pass,4565,QLD,Australia,7
1610,Valaree,Chisolm,Female,1955-02-10,175,Structural Engineer,n/a,High Net Worth,N,Yes,3407,835 Thackeray Place,2261,NSW,Australia,6
1773,Nickolas,Guittet,U,,197,,IT,Mass Customer,N,Yes,3408,835 West Hill,2118,NSW,Australia,11
863,Kessiah,Logg,Female,1961-09-10,151,Senior Financial Analyst,Financial Services,Affluent Customer,N,No,3409,8360 Washington Avenue,3124,VIC,Australia,12
2880,Ingra,Kelby,Male,1967-11-15,98,Legal Assistant,Health,Mass Customer,N,No,3410,8369 Golf Court,2777,NSW,Australia,9
3078,Mariel,Blacksell,Female,1982-08-16,144,Safety Technician III,Retail,Mass Customer,N,No,3411,837 Elmside Center,2761,NSW,Australia,8
1411,Katrina,Coltart,Female,1994-05-04,135,Registered Nurse,Health,Mass Customer,N,Yes,3412,837 Evergreen Junction,2774,NSW,Australia,8
1413,Vi,Lauga,Female,1998-04-24,17,Administrative Assistant II,Financial Services,Mass Customer,N,No,3413,83758 Kings Hill,2770,NSW,Australia,7
3820,Maren,Ruske,Female,1980-03-08,39,Business Systems Development Analyst,IT,Mass Customer,N,No,3414,838 Redwing Street,2428,NSW,Australia,8
447,Brittany,Peasey,Female,2001-11-06,89,Help Desk Technician,Argiculture,Mass Customer,N,Yes,3415,8385 Lien Drive,3192,Victoria,Australia,10
3761,Zarla,Seyers,Female,1973-07-20,32,Biostatistician II,Telecommunications,Mass Customer,N,Yes,3416,8397 Holy Cross Parkway,2087,NSW,Australia,11
1901,Vail,Southernwood,Male,1977-08-22,35,Budget/Accounting Analyst I,Argiculture,Affluent Customer,N,No,3417,83975 Rowland Place,2166,NSW,Australia,6
520,Jazmin,Neumann,Female,1964-08-09,186,VP Quality Control,Financial Services,Affluent Customer,N,Yes,3418,84 Calypso Circle,3690,Victoria,Australia,5
119,Willey,Chastanet,Male,1981-12-04,26,Associate Professor,n/a,High Net Worth,N,Yes,3419,84 Florence Parkway,2516,New South Wales,Australia,8
320,Aldous,Cubin,Male,1997-02-09,135,Registered Nurse,Health,Mass Customer,N,No,3420,84 Lawn Way,2223,NSW,Australia,9
815,Caryn,Sampey,Female,1974-07-06,197,,Manufacturing,Mass Customer,N,Yes,3421,84 Loomis Pass,2000,NSW,Australia,12
2301,Ken,Vashchenko,Male,1966-10-30,148,Senior Cost Accountant,Financial Services,Mass Customer,N,Yes,3422,84 Main Lane,3149,VIC,Australia,10
1149,Ki,Odo,Female,1967-09-30,61,Developer III,n/a,Affluent Customer,N,Yes,3423,84 Monument Terrace,4127,QLD,Australia,4
1111,Zach,Maynard,Male,1960-03-04,63,Director of Sales,n/a,High Net Worth,N,Yes,3424,84 Porter Alley,2153,NSW,Australia,10
2667,Randene,Brown,Female,1958-07-17,120,Product Engineer,Manufacturing,Affluent Customer,N,Yes,3425,84 Southridge Lane,2799,NSW,Australia,2
2599,Pauly,Eilles,Female,1954-05-03,184,VP Marketing,Manufacturing,Mass Customer,N,No,3426,84 Stuart Lane,3146,VIC,Australia,11
1182,Carolann,Ottiwill,Female,1975-01-11,51,Data Coordiator,IT,Mass Customer,N,Yes,3427,84 Westridge Hill,2061,NSW,Australia,10
989,Caralie,Morfett,Female,1982-05-24,130,Project Manager,Financial Services,Mass Customer,N,No,3428,84019 Porter Trail,2871,NSW,Australia,3
474,Consolata,Clacson,Female,1983-01-15,81,Geologist IV,Entertainment,Affluent Customer,N,No,3429,84041 Holy Cross Circle,2142,NSW,Australia,8
368,Lacee,Roan,Female,1986-11-26,197,,Financial Services,High Net Worth,N,No,3430,841 Anderson Drive,3101,VIC,Australia,8
1558,Oberon,Scading,Male,1991-05-12,95,Information Systems Manager,Financial Services,Affluent Customer,N,No,3431,842 Rutledge Parkway,2145,NSW,Australia,9
3196,Teddi,Adcocks,Female,1977-08-04,69,Engineer IV,Health,Mass Customer,N,No,3432,842 Texas Crossing,4130,QLD,Australia,7
680,Gay,Pickersgill,U,,197,,IT,High Net Worth,N,Yes,3433,8425 Jackson Terrace,2763,NSW,Australia,9
589,Duff,Anan,Male,1995-12-07,45,Compensation Analyst,Financial Services,Mass Customer,N,Yes,3434,8435 Arkansas Terrace,2340,NSW,Australia,4
2458,Leilah,Liddel,Female,1964-04-20,104,Media Manager II,Manufacturing,High Net Worth,N,Yes,3435,8439 Katie Crossing,3028,VIC,Australia,8
1551,Joell,Balfe,Female,1975-05-30,46,Computer Systems Analyst I,Entertainment,Affluent Customer,N,No,3436,845 Mendota Center,2148,NSW,Australia,8
798,Dorita,Blackburne,Female,1988-05-20,181,Teacher,Financial Services,High Net Worth,N,No,3437,845 Talisman Pass,4210,QLD,Australia,7
1608,Fernande,Petzolt,Female,1958-09-21,158,Software Engineer III,n/a,Mass Customer,N,Yes,3438,84504 Doe Crossing Road,2441,NSW,Australia,4
2076,Beatriz,Tweddle,Female,1969-06-03,23,Assistant Manager,Manufacturing,Mass Customer,N,Yes,3439,8454 Pierstorff Way,2115,NSW,Australia,11
410,Alicia,Townend,Female,1990-04-09,175,Structural Engineer,n/a,Mass Customer,N,Yes,3440,84549 Jenifer Crossing,2570,NSW,Australia,8
3897,Vanni,McAloren,Female,1967-06-24,97,Junior Executive,Manufacturing,High Net Worth,N,Yes,3441,8458 Stang Parkway,2671,NSW,Australia,2
2396,Elmira,Wildblood,Female,1973-08-02,133,Recruiter,Retail,Affluent Customer,N,Yes,3442,846 Carberry Street,4218,QLD,Australia,11
599,Ernestus,Cruden,U,,151,Senior Financial Analyst,Financial Services,Mass Customer,N,Yes,3443,846 Clove Junction,4300,QLD,Australia,5
1559,Hilton,Gladwell,Male,1975-10-14,197,,Health,High Net Worth,N,Yes,3444,8462 Emmet Trail,4878,QLD,Australia,4
1079,Dennie,L' Anglois,Male,1978-01-03,109,Nurse Practicioner,Manufacturing,Mass Customer,N,No,3445,847 David Hill,4035,QLD,Australia,8
1750,Filbert,Evreux,Male,1959-05-13,96,Internal Auditor,Entertainment,Mass Customer,N,Yes,3446,84707 Harper Circle,3114,VIC,Australia,10
1083,Chadd,Fowlds,Male,1996-08-07,185,VP Product Management,n/a,Affluent Customer,N,No,3447,84741 Scoville Terrace,3029,VIC,Australia,5
1526,Charlie,MacKibbon,Male,1964-11-07,64,Editor,Manufacturing,Mass Customer,N,Yes,3448,84749 Holy Cross Terrace,2767,NSW,Australia,8
2734,Hetty,Thormann,Female,1957-03-07,197,,Manufacturing,High Net Worth,N,No,3449,8476 Village Green Park,2774,NSW,Australia,9
2897,Kimbra,Gerraty,Female,1962-04-14,25,Assistant Professor,Manufacturing,Affluent Customer,N,No,3450,848 Cascade Alley,4301,QLD,Australia,3
1600,Priscella,Stathers,Female,1985-05-21,151,Senior Financial Analyst,Financial Services,High Net Worth,N,No,3451,848 Dawn Drive,4818,QLD,Australia,5
2034,June,Haslam,Female,1974-01-10,164,Speech Pathologist,Manufacturing,Mass Customer,N,No,3452,8492 Autumn Leaf Center,3214,VIC,Australia,2
569,Jaime,Warkup,Male,1976-01-31,21,Analog Circuit Design manager,IT,Mass Customer,N,No,3453,8498 Hoepker Circle,3136,Victoria,Australia,8
3292,Hamlen,Slograve,Male,1973-04-09,188,Web Designer I,Retail,Affluent Customer,N,Yes,3454,85 Carioca Drive,2154,NSW,Australia,11
2121,Clarita,Jaqueminet,Female,1989-02-15,108,Nurse,Financial Services,Mass Customer,N,Yes,3455,85 Cody Hill,2770,NSW,Australia,8
2210,Kirby,Cameron,Male,1985-11-24,135,Registered Nurse,Health,High Net Worth,N,No,3456,85 Hudson Street,2505,NSW,Australia,8
2972,Deena,Burnsides,Female,1956-03-18,197,,n/a,High Net Worth,N,No,3457,85 Kim Way,3140,VIC,Australia,9
1034,Denney,Cretney,Male,1976-05-12,197,,n/a,High Net Worth,N,Yes,3458,85 Laurel Trail,3809,VIC,Australia,6
1745,Leigha,Clawson,Female,1955-08-23,41,Chief Design Engineer,Financial Services,Mass Customer,N,Yes,3459,85 Magdeline Crossing,3149,VIC,Australia,9
3043,Kelcey,Argontt,Female,1981-08-03,98,Legal Assistant,n/a,Mass Customer,N,Yes,3460,85 Northland Circle,2077,NSW,Australia,10
340,Joshuah,Purvey,Male,1973-07-31,197,,Argiculture,Mass Customer,N,Yes,3461,85 Straubel Park,2147,NSW,Australia,9
3863,Virgilio,Haverty,Male,1985-12-06,131,Quality Control Specialist,Retail,High Net Worth,N,No,3462,85 Trailsway Road,3175,VIC,Australia,9
894,Catie,Kibbey,Female,1970-12-18,58,Desktop Support Technician,Financial Services,High Net Worth,N,Yes,3463,850 Manitowish Avenue,2148,NSW,Australia,8
3396,Arin,Nappin,Male,1960-06-28,136,Research Assistant I,Manufacturing,Mass Customer,N,Yes,3464,851 Meadow Valley Place,3205,VIC,Australia,10
3344,Clerissa,Columbell,Female,1995-02-14,82,GIS Technical Architect,n/a,Affluent Customer,N,Yes,3465,8530 Darwin Street,2880,NSW,Australia,1
1578,Andreas,Bazely,Male,1978-04-14,197,,Health,High Net Worth,N,Yes,3466,85301 John Wall Road,2101,NSW,Australia,11
3560,Gav,Bonin,Male,1980-09-01,174,Structural Analysis Engineer,Retail,Mass Customer,N,Yes,3467,85476 Shasta Park,2065,NSW,Australia,12
1117,Georgena,Guilaem,Female,1975-12-01,132,Quality Engineer,n/a,Affluent Customer,N,No,3468,8548 Hanover Park,2067,NSW,Australia,11
3269,Kalvin,Paskin,Male,1994-12-01,82,GIS Technical Architect,n/a,Mass Customer,N,No,3469,8551 Mayfield Court,3175,VIC,Australia,12
1871,Shayna,McQuin,Female,1994-01-23,148,Senior Cost Accountant,Financial Services,High Net Worth,N,Yes,3470,85549 Sheridan Parkway,4170,QLD,Australia,8
3695,Lem,Clamp,Male,1978-02-27,1,Account Coordinator,Entertainment,Affluent Customer,N,Yes,3471,856 Basil Drive,3064,VIC,Australia,5
2550,Dionysus,Elmhurst,Male,1997-08-12,118,Pharmacist,Health,Mass Customer,N,Yes,3472,8561 Alpine Center,2380,NSW,Australia,3
100,Tripp,Steed,Male,1968-05-11,76,General Manager,Financial Services,Mass Customer,N,Yes,3473,85688 New Castle Crossing,4171,QLD,Australia,10
1028,Thorn,Torfin,Male,1999-08-11,130,Project Manager,n/a,High Net Worth,N,No,3474,8572 Melvin Drive,3145,VIC,Australia,11
3965,Susannah,Dumphy,Female,1984-07-24,164,Speech Pathologist,Manufacturing,Mass Customer,N,Yes,3475,8578 Mifflin Pass,2170,NSW,Australia,5
540,Tresa,Dy,Female,2001-04-28,40,Chemical Engineer,Manufacturing,Mass Customer,N,No,3476,858 Independence Terrace,2121,NSW,Australia,10
1173,Gertie,Chaim,Female,1978-03-02,173,Statistician IV,Retail,High Net Worth,N,No,3477,858 Swallow Parkway,2150,NSW,Australia,8
3611,Uriah,Chantree,Male,1970-04-10,171,Statistician II,n/a,Affluent Customer,N,Yes,3478,8582 Morrow Pass,4165,QLD,Australia,7
1136,Ivan,Blackhall,Male,1977-08-31,72,Executive Secretary,Property,High Net Worth,N,No,3479,8587 Graceland Way,2206,NSW,Australia,10
2817,Agata,Inglesent,Female,1987-02-28,151,Senior Financial Analyst,Financial Services,Affluent Customer,N,Yes,3480,859 Harbort Alley,2099,NSW,Australia,11
1179,Kerry,Pashenkov,Male,1988-08-15,106,Media Manager IV,Financial Services,High Net Worth,N,Yes,3481,85931 Johnson Alley,3039,VIC,Australia,6
2975,Deva,Carnow,Female,1981-03-09,148,Senior Cost Accountant,Financial Services,Mass Customer,N,No,3482,8594 Warner Park,3053,VIC,Australia,6
1541,Dynah,Grimes,Female,1954-12-28,175,Structural Engineer,Argiculture,Mass Customer,N,Yes,3483,8595 Ruskin Plaza,3196,VIC,Australia,10
1222,Barbey,Ville,Female,1970-11-01,2,Account Executive,Property,Mass Customer,N,No,3484,85957 Basil Way,3029,VIC,Australia,7
3762,Marinna,Ors,Female,1967-03-22,197,,Property,Mass Customer,N,No,3485,85958 Bartillon Way,3201,VIC,Australia,6
2698,Nedi,MacClay,Female,1974-06-15,20,Administrative Officer,Health,High Net Worth,N,No,3486,8598 Nova Parkway,2758,NSW,Australia,9
3953,Allyson,Simak,Female,1999-06-18,88,Help Desk Operator,Health,Affluent Customer,N,Yes,3487,85999 Cherokee Street,2086,NSW,Australia,11
3817,Tuckie,,Male,1957-05-02,185,VP Product Management,Manufacturing,High Net Worth,N,No,3488,86 Claremont Junction,2135,NSW,Australia,7
3744,Franchot,Loeber,Male,1981-01-05,197,,Financial Services,Mass Customer,N,Yes,3489,86 Fairfield Alley,2558,NSW,Australia,8
2733,Jordanna,Skyme,Female,1985-03-07,21,Analog Circuit Design manager,Manufacturing,Mass Customer,N,Yes,3490,86 Hansons Parkway,2211,NSW,Australia,8
595,Nikola,Jeanon,Male,1973-05-12,184,VP Marketing,Financial Services,Mass Customer,N,No,3491,86 Huxley Parkway,3068,Victoria,Australia,8
1718,Eada,Coaster,Female,1994-04-19,121,Professor,Financial Services,High Net Worth,N,Yes,3492,86 Menomonie Plaza,2290,NSW,Australia,4
1683,Brenn,Bacon,U,,35,Budget/Accounting Analyst I,IT,Mass Customer,N,Yes,3493,86 Morningstar Junction,2031,NSW,Australia,12
1181,Brita,Plant,Female,1978-06-06,180,Tax Accountant,Argiculture,Mass Customer,N,No,3494,86 Stang Way,2213,NSW,Australia,10
2958,Regan,Botly,Male,1975-11-23,85,Health Coach II,Manufacturing,Affluent Customer,N,Yes,3495,860 Banding Terrace,2029,NSW,Australia,11
156,Shayla,Rimmington,Female,1979-09-09,50,Cost Accountant,Financial Services,Mass Customer,N,Yes,3496,860 Hintze Lane,2154,NSW,Australia,11
564,Nettie,Iddy,Female,1983-11-07,115,Operator,Retail,High Net Worth,N,No,3497,8601 Cardinal Court,4505,QLD,Australia,8
101,Goran,Kwietek,Male,1975-12-29,109,Nurse Practicioner,Manufacturing,High Net Worth,N,No,3498,8611 Loomis Lane,2155,New South Wales,Australia,10
2826,Loise,Mulvany,Female,1962-04-30,193,Web Developer II,n/a,Mass Customer,N,No,3499,8612 Kennedy Alley,3149,VIC,Australia,10
3835,Jorgan,Crosoer,Male,1959-02-02,130,Project Manager,n/a,Affluent Customer,N,No,3500,862 Ilene Circle,2206,NSW,Australia,11
2241,Augy,Jerrems,Male,1975-02-23,116,Paralegal,Financial Services,High Net Worth,N,No,3501,863 Crescent Oaks Hill,4215,QLD,Australia,1
538,Millicent,Wiffler,Female,1956-10-21,40,Chemical Engineer,Manufacturing,Mass Customer,N,Yes,3502,8635 Cody Crossing,2337,NSW,Australia,6
3226,Andi,Whittet,Female,1973-03-29,197,,Entertainment,Affluent Customer,N,No,3503,864 Scoville Plaza,3029,VIC,Australia,5
821,Gregoor,Aronovitz,Male,1981-07-24,74,Financial Analyst,Financial Services,Mass Customer,N,Yes,3504,8640 Village Junction,2066,NSW,Australia,12
903,Hewe,Lidgley,Male,1961-07-03,197,,Financial Services,Mass Customer,N,No,3505,8642 Forest Run Avenue,2026,NSW,Australia,9
2706,Kelly,Bilyard,Male,1964-07-21,58,Desktop Support Technician,Retail,Affluent Customer,N,No,3506,86445 Bonner Junction,4660,QLD,Australia,3
2876,Swen,McGarahan,Male,1981-01-29,76,General Manager,Retail,High Net Worth,N,No,3507,8647 La Follette Court,2067,NSW,Australia,9
3619,Myranda,Cridland,Female,1996-02-17,19,Administrative Assistant IV,n/a,Mass Customer,N,Yes,3508,8651 Graceland Way,2830,NSW,Australia,1
2688,Shelden,Lorent,Male,1977-05-18,54,Database Administrator III,Property,Mass Customer,N,No,3509,8658 Maple Wood Plaza,3020,VIC,Australia,7
3933,Chiarra,Cops,Female,1983-07-05,197,,n/a,High Net Worth,N,Yes,3510,866 Canary Drive,2750,NSW,Australia,8
791,Tootsie,Hurt,Female,1968-09-29,121,Professor,Manufacturing,Mass Customer,N,Yes,3511,866 Rockefeller Junction,2171,NSW,Australia,9
1103,Glynnis,Sailor,Female,1978-01-30,73,Financial Advisor,Financial Services,High Net Worth,N,Yes,3512,86603 Dexter Road,2164,NSW,Australia,9
2373,Cordy,Readshall,Female,1982-05-22,175,Structural Engineer,Manufacturing,High Net Worth,N,Yes,3513,86686 Novick Center,3147,VIC,Australia,11
1849,Jess,Bollans,Male,1958-07-01,197,,Retail,Mass Customer,N,Yes,3514,867 Grim Terrace,3754,VIC,Australia,6
486,Prudi,Edon,Female,1955-12-30,182,Technical Writer,Manufacturing,Affluent Customer,N,Yes,3515,8670 Pine View Street,3070,Victoria,Australia,11
3786,Barnie,Blenkensop,Male,1985-12-28,179,Systems Administrator IV,n/a,High Net Worth,N,No,3516,8681 Dennis Pass,3215,VIC,Australia,3
588,Gunther,Jackman,Male,1963-10-05,24,Assistant Media Planner,Entertainment,Mass Customer,N,No,3517,86857 Hoepker Lane,4300,QLD,Australia,8
133,Eldridge,Fiddeman,Male,1977-06-13,183,VP Accounting,Financial Services,Mass Customer,N,Yes,3518,869 Forster Circle,2112,New South Wales,Australia,10
3952,Di,Borsnall,Female,1968-05-09,197,,Manufacturing,Affluent Customer,N,No,3519,86906 Hauk Trail,4163,QLD,Australia,8
3997,Blanch,Nisuis,Female,2001-07-13,171,Statistician II,Manufacturing,High Net Worth,N,Yes,3520,87 Crescent Oaks Alley,2756,NSW,Australia,10
2630,Jonathon,,Male,1978-12-17,153,Senior Sales Associate,Retail,Mass Customer,N,No,3521,87 Elka Terrace,2034,NSW,Australia,12
626,Albrecht,Forty,Male,1992-11-24,77,Geological Engineer,Manufacturing,Mass Customer,N,No,3522,87 Linden Park,2153,NSW,Australia,10
1292,Alice,Backson,Female,1961-06-02,197,,n/a,Affluent Customer,N,No,3523,87 Reinke Drive,4211,QLD,Australia,6
482,Gar,Wallis,Male,1962-12-19,197,,Health,Mass Customer,N,No,3524,87 Stone Corner Park,3141,Victoria,Australia,7
813,Lisette,Nesbit,Female,1962-03-21,5,Account Representative III,Health,Mass Customer,N,No,3525,87 Twin Pines Plaza,3976,VIC,Australia,5
3546,Hally,Pollie,Female,1983-09-29,82,GIS Technical Architect,Manufacturing,Affluent Customer,N,Yes,3526,870 Bluestem Hill,2745,NSW,Australia,8
1421,Mallorie,Gouth,Female,1956-04-14,150,Senior Editor,Property,Mass Customer,N,No,3527,87038 Sauthoff Road,2761,NSW,Australia,7
910,Lewes,Foulcher,Male,1986-04-26,31,Biostatistician I,Financial Services,Mass Customer,N,No,3528,87140 Mandrake Lane,3124,VIC,Australia,8
323,Celka,Goodrich,Female,1973-06-04,149,Senior Developer,Health,Mass Customer,N,Yes,3529,8717 Mandrake Place,4214,QLD,Australia,8
2250,De witt,Gleave,Male,1992-06-26,197,,Telecommunications,High Net Worth,N,No,3530,8718 Warner Avenue,2148,NSW,Australia,8
96,Heath,Olford,Male,1968-08-31,107,Nuclear Power Engineer,Manufacturing,Mass Customer,N,No,3531,8722 Summit Alley,2065,New South Wales,Australia,12
358,Kippie,Crimpe,Female,1985-12-27,14,Accounting Assistant IV,n/a,Mass Customer,N,No,3532,8728 Express Way,2340,NSW,Australia,7
3301,Guntar,O'Halloran,Male,1987-03-21,26,Associate Professor,n/a,Mass Customer,N,Yes,3533,873 Ludington Plaza,2204,NSW,Australia,10
503,Burr,Gerb,Male,1989-07-19,56,Dental Hygienist,Health,Affluent Customer,N,Yes,3534,8739 Service Park,2250,NSW,Australia,8
3499,Shelton,Tewkesberrie,Male,1979-06-17,197,,Manufacturing,Mass Customer,N,Yes,3535,8749 Menomonie Point,2122,NSW,Australia,11
2877,Vaughan,Frank,Male,1967-11-01,153,Senior Sales Associate,Property,Affluent Customer,N,Yes,3536,8750 Corben Trail,2089,NSW,Australia,11
459,Bel,Cheeke,Female,1986-08-04,42,Civil Engineer,Manufacturing,Mass Customer,N,Yes,3537,8750 Lakewood Gardens Park,2760,NSW,Australia,7
602,Lebbie,Bruck,Female,1992-03-28,112,Office Assistant II,n/a,High Net Worth,N,Yes,3538,876 Ridgeview Circle,2566,NSW,Australia,8
1335,Sibylla,Marlon,Female,1997-08-14,197,,Entertainment,Mass Customer,N,Yes,3539,8766 Onsgard Plaza,3805,VIC,Australia,8
3763,Law,Jore,Male,1981-01-27,131,Quality Control Specialist,n/a,Affluent Customer,N,Yes,3540,877 Corben Center,2500,NSW,Australia,7
1864,Anet,Pellitt,Female,1960-07-03,152,Senior Quality Engineer,Retail,Mass Customer,N,No,3541,87705 Hovde Center,4870,QLD,Australia,5
1511,Yves,Trehearne,Male,1990-07-08,96,Internal Auditor,Financial Services,Mass Customer,N,No,3542,87746 Bellgrove Park,2211,NSW,Australia,10
3578,Dorella,Sineath,Female,1956-10-27,168,Staff Accountant IV,Property,Mass Customer,N,No,3543,878 Cody Point,2155,NSW,Australia,10
435,Jerome,Muggeridge,Male,1999-12-23,82,GIS Technical Architect,Telecommunications,Mass Customer,N,No,3544,8788 Armistice Trail,3806,VIC,Australia,8
1340,Crawford,Dreini,Male,1977-11-05,170,Statistician I,n/a,High Net Worth,N,No,3545,87897 Lighthouse Bay Pass,3747,VIC,Australia,4
253,Amalee,Choak,Female,1997-05-11,75,Food Chemist,Health,Mass Customer,N,Yes,3546,879 Coolidge Point,2324,NSW,Australia,5
769,Cameron,Letherbury,Male,1961-12-28,21,Analog Circuit Design manager,IT,Mass Customer,N,No,3547,88 Bay Drive,4305,QLD,Australia,3
3528,Eliot,Scammell,Male,1964-04-06,96,Internal Auditor,Manufacturing,Mass Customer,N,Yes,3548,88 Bunting Hill,3978,VIC,Australia,6
895,Juli,Curness,Female,1966-09-03,197,,n/a,Mass Customer,N,Yes,3549,88 Comanche Point,2486,NSW,Australia,7
3603,Cale,Yaneev,Male,1954-09-27,147,Sales Representative,Retail,Mass Customer,N,Yes,3550,88 Ilene Crossing,2049,NSW,Australia,11
650,Matthew,Petschelt,Male,1977-10-24,23,Assistant Manager,Health,Mass Customer,N,No,3551,88 La Follette Way,2166,NSW,Australia,8
3316,Stoddard,Giacomoni,Female,1960-09-02,174,Structural Analysis Engineer,n/a,Mass Customer,N,No,3552,88 Michigan Junction,3109,VIC,Australia,10
3350,Tam,Prestner,Male,1975-05-29,21,Analog Circuit Design manager,Manufacturing,Affluent Customer,N,No,3553,88 Morningstar Pass,3161,VIC,Australia,10
3164,Hortensia,Rainger,Female,1986-01-14,91,Human Resources Assistant II,Manufacturing,Mass Customer,N,Yes,3554,88 Rutledge Crossing,4215,QLD,Australia,7
3694,Antoni,MacAllister,Male,1984-04-19,197,,Health,Mass Customer,N,Yes,3555,88 Service Hill,4573,QLD,Australia,8
1507,Holmes,Benkin,Male,1977-11-10,197,,Manufacturing,High Net Worth,N,Yes,3556,8802 Fisk Street,2234,NSW,Australia,10
897,Pris,Fance,Female,1969-01-11,2,Account Executive,Manufacturing,Mass Customer,N,No,3557,88022 South Road,4511,QLD,Australia,5
2096,Torrie,Smartman,Female,1969-05-21,128,Programmer III,Telecommunications,High Net Worth,N,Yes,3558,88039 Melody Lane,3088,VIC,Australia,9
2408,Celestia,,Female,1955-10-10,184,VP Marketing,Health,Mass Customer,N,No,3559,881 Debs Center,4051,QLD,Australia,8
2165,Marlie,Teesdale,U,,42,Civil Engineer,Manufacturing,Affluent Customer,N,No,3560,88175 Center Road,2283,NSW,Australia,4
2103,Jayme,Hendin,Male,1975-09-22,39,Business Systems Development Analyst,Financial Services,Affluent Customer,N,No,3561,882 Merry Trail,4701,QLD,Australia,4
2655,York,Strongman,Male,1966-06-11,107,Nuclear Power Engineer,Manufacturing,Mass Customer,N,No,3562,882 Mitchell Place,4151,QLD,Australia,4
3453,Jammie,McEvon,Female,1989-03-12,120,Product Engineer,Retail,Affluent Customer,N,No,3563,8828 North Crossing,3226,VIC,Australia,8
2260,Jarad,Barthropp,Male,1967-02-09,19,Administrative Assistant IV,Argiculture,High Net Worth,N,No,3564,883 Almo Terrace,3977,VIC,Australia,6
3315,Ninnette,Pandey,Female,1994-09-08,2,Account Executive,Property,Mass Customer,N,Yes,3565,88389 Schiller Drive,3029,VIC,Australia,7
3766,Marcos,Algar,Male,1970-04-13,58,Desktop Support Technician,Financial Services,Mass Customer,N,Yes,3566,884 Packers Junction,2034,NSW,Australia,10
1258,Nefen,Ferriere,Male,1978-04-21,77,Geological Engineer,Manufacturing,Mass Customer,N,No,3567,884 Shoshone Lane,4670,QLD,Australia,3
2101,Maryann,,Female,1998-03-08,76,General Manager,n/a,Mass Customer,N,Yes,3568,884 Surrey Pass,3912,VIC,Australia,7
3013,Lorain,Eddisforth,Female,1968-07-28,113,Office Assistant III,Property,High Net Worth,N,No,3569,885 Larry Park,3140,VIC,Australia,9
3037,Leanora,Isles,Female,1971-10-27,98,Legal Assistant,Financial Services,High Net Worth,N,Yes,3570,88537 Erie Court,4211,QLD,Australia,7
2475,Cammi,Ambrogioni,Female,1977-05-02,131,Quality Control Specialist,n/a,Mass Customer,N,No,3571,88540 Scoville Plaza,3195,VIC,Australia,9
1400,Rikki,Eytel,Female,1982-05-23,149,Senior Developer,Manufacturing,Affluent Customer,N,Yes,3572,88545 Milwaukee Center,3022,VIC,Australia,8
2521,Kellia,Martugin,Female,1999-08-29,40,Chemical Engineer,Manufacturing,High Net Worth,N,Yes,3573,88551 Hollow Ridge Pass,3500,VIC,Australia,2
2195,Nevsa,Taill,Female,1987-05-02,82,GIS Technical Architect,Financial Services,Affluent Customer,N,Yes,3574,886 Rusk Pass,2321,NSW,Australia,4
3472,Dionysus,McCarlie,Male,1977-06-27,184,VP Marketing,Retail,Affluent Customer,N,Yes,3575,8863 Maywood Court,2101,NSW,Australia,11
1847,Bobinette,Stanaway,Female,1978-02-04,72,Executive Secretary,Manufacturing,Mass Customer,N,No,3576,8872 Bunker Hill Crossing,2196,NSW,Australia,9
3249,Cortney,Leet,Female,1981-08-23,21,Analog Circuit Design manager,Manufacturing,Mass Customer,N,Yes,3577,888 Warrior Avenue,2170,NSW,Australia,8
933,Melany,L'oiseau,Female,1996-05-19,88,Help Desk Operator,Retail,Mass Customer,N,Yes,3578,8882 Valley Edge Junction,2145,NSW,Australia,8
1314,De,Eilhart,Female,1970-02-23,43,Clinical Specialist,Health,Mass Customer,N,Yes,3579,889 Straubel Way,4055,QLD,Australia,6
2612,Bran,Sauven,Male,1969-04-30,170,Statistician I,Retail,Affluent Customer,N,No,3580,889 Sundown Trail,2162,NSW,Australia,9
193,Foss,Hardes,Male,1964-07-22,134,Recruiting Manager,Manufacturing,Mass Customer,N,Yes,3581,8890 Golden Leaf Street,2063,NSW,Australia,12
3503,Tootsie,Rafter,Female,1979-03-12,73,Financial Advisor,Financial Services,Affluent Customer,N,Yes,3582,88979 Hazelcrest Way,3555,VIC,Australia,3
3736,Charles,Brounfield,Male,1992-03-13,149,Senior Developer,Argiculture,Mass Customer,N,Yes,3583,88987 Dexter Park,2806,NSW,Australia,1
2050,Opal,Costa,Female,1954-06-26,39,Business Systems Development Analyst,n/a,Mass Customer,N,Yes,3584,89 Anhalt Park,2106,NSW,Australia,11
1635,Indira,Robotham,Female,1971-09-02,145,Safety Technician IV,Financial Services,Mass Customer,N,No,3585,89 Bartillon Plaza,2753,NSW,Australia,10
1740,Faythe,Janaszewski,U,,140,Research Associate,IT,Mass Customer,N,Yes,3586,89 Cherokee Road,4211,QLD,Australia,8
3590,Carolan,Velez,Female,1978-04-16,197,,Manufacturing,Mass Customer,N,Yes,3587,89 Dapin Terrace,3121,VIC,Australia,10
3832,Sarajane,Mortimer,Female,1973-09-26,144,Safety Technician III,Financial Services,High Net Worth,N,No,3588,89 Delaware Crossing,3754,VIC,Australia,6
884,Pepito,Lamming,Male,1978-01-30,191,Web Designer IV,Property,Mass Customer,N,No,3589,89 Monument Place,4720,QLD,Australia,1
2366,Idette,Mapam,Female,1975-06-15,188,Web Designer I,Health,Mass Customer,N,Yes,3590,89 Oak Hill,2508,NSW,Australia,10
2357,Lisette,Mingardi,Female,1962-10-15,42,Civil Engineer,Manufacturing,Mass Customer,N,No,3591,89 Pawling Court,4020,QLD,Australia,7
1831,Lisle,Yokel,Male,1977-11-13,154,Social Worker,Health,Mass Customer,N,No,3592,891 Anderson Parkway,2009,NSW,Australia,10
2080,Rosamond,Sainer,Female,1959-08-07,93,Human Resources Assistant IV,n/a,High Net Worth,N,No,3593,891 Mendota Junction,4127,QLD,Australia,2
824,Fleurette,Whardley,Female,1977-02-27,73,Financial Advisor,Financial Services,Affluent Customer,N,Yes,3594,8925 Ryan Trail,2073,NSW,Australia,11
1148,Inigo,Ojeda,Male,1987-09-28,173,Statistician IV,Financial Services,High Net Worth,N,No,3595,893 Petterle Trail,4551,QLD,Australia,10
40,Tomasine,Jerche,Female,1981-10-27,117,Payment Adjustment Coordinator,Manufacturing,Affluent Customer,N,No,3596,89314 Eagle Crest Center,4670,QLD,Australia,2
3482,Roch,Rilston,Female,2000-05-18,43,Clinical Specialist,Health,Affluent Customer,N,Yes,3597,8934 Havey Plaza,2548,NSW,Australia,8
1431,Derek,Malafe,Male,1975-05-13,146,Sales Associate,Financial Services,Affluent Customer,N,Yes,3598,8934 Park Meadow Street,2756,NSW,Australia,8
1843,Kennett,Attack,Male,1984-09-08,134,Recruiting Manager,n/a,Mass Customer,N,Yes,3599,894 Duke Crossing,2665,NSW,Australia,1
1192,Hollyanne,McCarter,Female,1969-12-12,186,VP Quality Control,Manufacturing,Mass Customer,N,No,3600,894 Maple Wood Drive,2251,NSW,Australia,10
2719,Alleyn,Clear,Male,1988-08-24,181,Teacher,Telecommunications,Affluent Customer,N,Yes,3601,8941 Harbort Point,2148,NSW,Australia,9
1762,Gaye,Steutly,Female,1978-04-30,137,Research Assistant II,Health,Mass Customer,N,Yes,3602,8943 Knutson Point,4154,QLD,Australia,9
2049,Jud,Purchon,Male,1962-02-12,25,Assistant Professor,Manufacturing,High Net Worth,N,No,3603,896 Helena Parkway,4551,QLD,Australia,7
1443,Angela,Mowles,Female,1986-07-25,197,,Financial Services,Affluent Customer,N,Yes,3604,89684 Coolidge Hill,2630,NSW,Australia,1
3627,Loren,Pischof,Male,1961-08-12,181,Teacher,Health,High Net Worth,N,Yes,3605,897 Forest Dale Terrace,4035,QLD,Australia,8
53,Agnella,Gocke,Female,1954-04-18,161,Software Test Engineer II,Financial Services,Mass Customer,N,No,3606,89787 Village Green Terrace,4280,QLD,Australia,6
2358,Ave,Peatt,Male,1959-05-01,153,Senior Sales Associate,Retail,High Net Worth,N,Yes,3607,89972 Graedel Point,2176,NSW,Australia,9
1436,Tonnie,Andryunin,Male,1999-10-29,76,General Manager,n/a,Affluent Customer,N,No,3608,8999 Elmside Pass,2749,NSW,Australia,9
2977,Ottilie,Filkov,Female,1977-10-16,44,Community Outreach Specialist,n/a,Affluent Customer,N,No,3609,9 7th Pass,2760,NSW,Australia,9
1241,Lolly,Junkison,Female,1986-03-22,118,Pharmacist,Health,Affluent Customer,N,Yes,3610,9 7th Terrace,2155,NSW,Australia,10
1358,Gerome,Whittock,Male,1994-04-11,56,Dental Hygienist,Health,High Net Worth,N,No,3611,9 Almo Alley,3224,VIC,Australia,5
2377,Kristien,Dunne,Female,1998-10-02,21,Analog Circuit Design manager,IT,High Net Worth,N,No,3612,9 American Ash Plaza,2015,NSW,Australia,9
1101,Haily,McWilliams,Female,1968-12-22,150,Senior Editor,n/a,Mass Customer,N,No,3613,9 Autumn Leaf Court,2731,NSW,Australia,4
2191,Alley,Fitchell,Male,1976-05-11,117,Payment Adjustment Coordinator,n/a,Mass Customer,N,Yes,3614,9 Barnett Street,4179,QLD,Australia,10
505,Wylma,Elsy,Female,1966-12-01,197,,n/a,High Net Worth,N,Yes,3615,9 Bayside Hill,4123,QLD,Australia,6
2079,Eda,,Female,1956-07-29,2,Account Executive,n/a,High Net Worth,N,No,3616,9 Beilfuss Crossing,2705,NSW,Australia,3
3900,Garland,Wildsmith,Female,1986-09-01,82,GIS Technical Architect,Financial Services,Mass Customer,N,Yes,3617,9 Blaine Place,3756,VIC,Australia,4
66,Anselm,Gawne,Male,2002-03-11,2,Account Executive,Argiculture,High Net Worth,N,No,3618,9 Bonner Road,2070,New South Wales,Australia,12
3345,Hersch,Gilkes,Male,1977-06-23,197,,Financial Services,High Net Worth,N,No,3619,9 Brown Pass,3196,VIC,Australia,9
25,Geoff,Assaf,Male,1976-12-02,13,Accounting Assistant III,Financial Services,Mass Customer,N,Yes,3620,9 Buell Park,4116,QLD,Australia,7
3981,Konstance,Draye,Female,1994-09-10,131,Quality Control Specialist,Health,Mass Customer,N,No,3621,9 Butterfield Lane,4077,QLD,Australia,5
2507,Alysa,Galilee,Female,1986-06-25,33,Biostatistician III,Health,Affluent Customer,N,Yes,3622,9 Caliangt Park,2087,NSW,Australia,11
2597,Carita,Kemwall,Female,1980-10-25,42,Civil Engineer,Manufacturing,High Net Worth,N,Yes,3623,9 Cambridge Junction,2315,NSW,Australia,7
2764,Callie,Coltart,Female,1955-03-29,197,,Financial Services,Mass Customer,N,Yes,3624,9 Cascade Junction,2016,NSW,Australia,12
3586,Abby,Brownstein,Female,1979-02-05,135,Registered Nurse,Health,Affluent Customer,N,No,3625,9 Clyde Gallagher Junction,2065,NSW,Australia,11
943,Holly,Gamett,Male,1979-09-17,98,Legal Assistant,Property,Affluent Customer,N,Yes,3626,9 Clyde Gallagher Plaza,3021,VIC,Australia,7
940,Marnia,Claesens,Female,1987-06-16,20,Administrative Officer,Manufacturing,Mass Customer,N,No,3627,9 Colorado Trail,3799,VIC,Australia,3
3877,Georgine,Poutress,Female,1971-01-28,1,Account Coordinator,n/a,High Net Worth,N,No,3628,9 Columbus Pass,2327,NSW,Australia,3
462,Melany,Thorrington,Female,1960-01-01,197,,Manufacturing,Affluent Customer,N,Yes,3629,9 Dahle Place,2763,NSW,Australia,9
1315,Ebba,Comport,Female,1973-06-24,197,,IT,Mass Customer,N,Yes,3630,9 Dawn Court,4128,QLD,Australia,2
1106,Sibyl,Bigmore,Female,1962-12-17,155,Software Consultant,Retail,Mass Customer,N,No,3631,9 Dayton Alley,3757,VIC,Australia,7
981,Bud,Smittoune,Male,1973-02-19,197,,Retail,Mass Customer,N,No,3632,9 Debs Trail,4500,QLD,Australia,4
3606,Jamima,Wainscot,Female,1957-02-09,83,Graphic Designer,n/a,High Net Worth,N,No,3633,9 Declaration Crossing,3133,VIC,Australia,10
3235,Leif,Woolfall,Male,1965-05-15,39,Business Systems Development Analyst,Property,Affluent Customer,N,Yes,3634,9 Dixon Crossing,3793,VIC,Australia,7
3814,Constancia,Gebbe,Female,1983-07-01,185,VP Product Management,Financial Services,Mass Customer,N,Yes,3635,9 Donald Junction,2046,NSW,Australia,12
3100,Peggy,Wrankling,Female,1954-02-09,133,Recruiter,n/a,Mass Customer,N,No,3636,9 Dryden Crossing,4118,QLD,Australia,3
3842,Van,Durnell,Male,1971-07-11,166,Staff Accountant II,n/a,Mass Customer,N,Yes,3637,9 Duke Alley,4557,QLD,Australia,7
3792,Ingunna,Loxston,Female,1976-04-16,184,VP Marketing,Financial Services,Affluent Customer,N,Yes,3638,9 Dwight Drive,2710,NSW,Australia,1
1565,Jay,Janiszewski,Male,1953-08-17,147,Sales Representative,Retail,High Net Worth,N,Yes,3639,9 Eastlawn Court,2155,NSW,Australia,10
1884,Aurore,Buckmaster,Female,1969-11-25,197,,Manufacturing,Mass Customer,N,Yes,3640,9 Emmet Hill,2042,NSW,Australia,10
3290,Brandyn,Gain,Male,1962-09-18,197,,Manufacturing,High Net Worth,N,Yes,3641,9 Fisk Point,3350,VIC,Australia,4
1030,Nariko,Dummigan,Female,1962-05-05,75,Food Chemist,Health,Mass Customer,N,No,3642,9 Forest Circle,2324,NSW,Australia,3
983,Shaylyn,Riggs,U,,197,,IT,Affluent Customer,N,No,3643,9 Goodland Center,4213,QLD,Australia,9
3983,Jarred,Lyste,Male,1965-04-21,83,Graphic Designer,n/a,Mass Customer,N,Yes,3644,9 Grover Point,4218,QLD,Australia,10
3276,Goddart,Pavelin,Male,1979-04-18,98,Legal Assistant,n/a,High Net Worth,N,No,3645,9 Hallows Circle,2113,NSW,Australia,11
2189,Thedric,,Male,1998-02-25,143,Safety Technician II,Financial Services,High Net Worth,N,No,3646,9 Hauk Alley,3915,VIC,Australia,4
2404,Conney,Grouse,Male,1960-03-14,83,Graphic Designer,Retail,Mass Customer,N,No,3647,9 Hollow Ridge Circle,2500,NSW,Australia,8
3961,Gertie,Caser,Female,1992-07-05,133,Recruiter,Health,High Net Worth,N,Yes,3648,9 Hooker Street,2770,NSW,Australia,7
152,Stephana,Cardew,Female,1981-03-03,45,Compensation Analyst,Financial Services,Mass Customer,N,No,3649,9 Huxley Circle,3191,VIC,Australia,11
2635,Arty,Mac Geaney,Male,1959-01-03,108,Nurse,Retail,Mass Customer,N,No,3650,9 Huxley Hill,4503,QLD,Australia,6
3648,Tracie,Bartolomeoni,Female,1954-02-21,116,Paralegal,Financial Services,Mass Customer,N,No,3651,9 Jenifer Avenue,2480,NSW,Australia,4
3098,Tiff,Ovett,Female,1980-07-15,56,Dental Hygienist,Health,Mass Customer,N,No,3652,9 John Wall Parkway,2323,NSW,Australia,6
2208,Lavena,Embling,Female,1954-05-07,197,,n/a,Mass Customer,N,No,3653,9 Killdeer Avenue,4227,QLD,Australia,7
2302,Loraine,Beamish,Female,1999-01-09,102,Mechanical Systems Engineer,Retail,Mass Customer,N,Yes,3654,9 Lake View Avenue,3178,VIC,Australia,9
2062,Guillermo,Kolakovic,Male,1976-08-19,97,Junior Executive,Retail,Mass Customer,N,No,3655,9 Logan Court,2570,NSW,Australia,9
1343,Creight,Deery,Male,1979-12-10,56,Dental Hygienist,Health,High Net Worth,N,No,3656,9 Logan Drive,3620,VIC,Australia,2
428,Freida,Everil,Female,1977-05-03,175,Structural Engineer,Health,High Net Worth,N,Yes,3657,9 Lukken Parkway,2065,NSW,Australia,10
1010,Leighton,Ebbles,Male,1963-01-26,108,Nurse,Financial Services,Affluent Customer,N,No,3658,9 Macpherson Avenue,2527,NSW,Australia,8
644,Tomlin,Hastwall,Male,1999-12-22,20,Administrative Officer,Health,Affluent Customer,N,No,3659,9 Mayfield Road,4551,QLD,Australia,7
3465,Hadria,Pizer,Female,1978-02-01,40,Chemical Engineer,Manufacturing,High Net Worth,N,Yes,3660,9 Maywood Point,4304,QLD,Australia,3
12,Sawyere,Flattman,Male,1994-07-21,107,Nuclear Power Engineer,Manufacturing,Mass Customer,N,No,3661,9 Mcbride Trail,2760,New South Wales,Australia,8
754,Patsy,Beefon,Female,1979-07-28,151,Senior Financial Analyst,Financial Services,Mass Customer,N,No,3662,9 Melby Park,2197,NSW,Australia,10
2022,Mortimer,Iremonger,Male,1982-07-03,197,,IT,Affluent Customer,N,No,3663,9 Melvin Drive,2144,NSW,Australia,7
2350,Lorinda,Malpass,Female,1959-03-17,109,Nurse Practicioner,n/a,Mass Customer,N,Yes,3664,9 Merrick Plaza,3138,VIC,Australia,8
48,Rebbecca,Casone,Female,1975-08-15,32,Biostatistician II,n/a,Mass Customer,N,Yes,3665,9 Michigan Terrace,2145,New South Wales,Australia,8
450,Myrlene,Rothwell,Female,1975-04-02,174,Structural Analysis Engineer,Entertainment,Mass Customer,N,Yes,3666,9 Monterey Point,4221,QLD,Australia,10
3242,Lib,Schohier,Female,1958-03-07,76,General Manager,Manufacturing,Affluent Customer,N,Yes,3667,9 Nevada Pass,4007,QLD,Australia,12
1569,Dave,Mews,Male,1987-06-03,174,Structural Analysis Engineer,n/a,Mass Customer,N,No,3668,9 Northfield Circle,2121,NSW,Australia,12
898,Reyna,Braizier,Female,1977-08-28,76,General Manager,Financial Services,Affluent Customer,N,No,3669,9 Northridge Lane,2340,NSW,Australia,3
2420,Celie,Guyers,Female,1976-08-26,169,Staff Scientist,Financial Services,High Net Worth,N,No,3670,9 Northwestern Pass,4879,QLD,Australia,6
2519,Ryon,Dalliston,Male,1979-10-17,149,Senior Developer,Manufacturing,Mass Customer,N,Yes,3671,9 Oak Park,4205,QLD,Australia,4
5,Sheila-kathryn,Calton,Female,1977-05-13,150,Senior Editor,n/a,Affluent Customer,N,Yes,3672,9 Oakridge Court,3216,VIC,Australia,9
2065,Silvio,Henrichs,Male,1978-03-13,182,Technical Writer,Retail,Mass Customer,N,Yes,3673,9 Old Shore Street,4509,QLD,Australia,7
1709,Osgood,Seeborne,Male,1974-09-30,75,Food Chemist,Health,Affluent Customer,N,No,3674,9 Onsgard Court,3170,VIC,Australia,9
1899,Lambert,Vardey,Male,1997-09-02,197,,Retail,Affluent Customer,N,Yes,3675,9 Pearson Plaza,3177,VIC,Australia,7
1415,Merilyn,Dikle,Female,1998-12-14,72,Executive Secretary,Property,High Net Worth,N,Yes,3676,9 Pond Avenue,2767,NSW,Australia,9
2039,Laureen,Blower,Female,1978-03-26,149,Senior Developer,IT,High Net Worth,N,Yes,3677,9 Porter Pass,4077,QLD,Australia,6
3074,Tracie,Grishaev,Male,1969-02-18,186,VP Quality Control,Health,Mass Customer,N,Yes,3678,9 Rieder Avenue,2798,NSW,Australia,6
3419,Felipa,Guslon,Female,1973-07-09,95,Information Systems Manager,n/a,Mass Customer,N,Yes,3679,9 Ronald Regan Center,3094,VIC,Australia,9
2058,Ronna,Wickersham,Female,1978-02-04,52,Database Administrator I,Argiculture,High Net Worth,N,No,3680,9 Roth Park,4104,QLD,Australia,7
499,Dalli,Baggally,Male,1961-03-15,37,Budget/Accounting Analyst III,Financial Services,Affluent Customer,N,No,3681,9 Rowland Road,2133,NSW,Australia,10
613,Carolann,O'Hallagan,Female,1989-11-14,22,Analyst Programmer,Property,High Net Worth,N,No,3682,9 Schmedeman Hill,4075,QLD,Australia,7
1905,Corabelle,,Female,1953-09-17,89,Help Desk Technician,Manufacturing,Affluent Customer,N,No,3683,9 Shelley Center,2170,NSW,Australia,7
2485,Ringo,Parkyn,Male,1955-07-27,89,Help Desk Technician,n/a,Mass Customer,N,Yes,3684,9 Spaight Place,2102,NSW,Australia,9
2822,Rebecca,Shaughnessy,Female,1981-05-14,121,Professor,n/a,Mass Customer,N,No,3685,9 Springview Terrace,3121,VIC,Australia,10
2844,Amie,Felgate,Female,1975-11-22,197,,Financial Services,Mass Customer,N,Yes,3686,9 Steensland Center,3103,VIC,Australia,12
1298,Guglielmo,Yele,Male,1974-04-06,141,Research Nurse,Health,Mass Customer,N,No,3687,9 Sugar Junction,4053,QLD,Australia,7
1102,Stephana,Puzey,Female,1976-08-17,134,Recruiting Manager,Manufacturing,Affluent Customer,N,No,3688,9 Superior Plaza,3185,VIC,Australia,11
1878,Pen,Hedgecock,Male,1954-11-06,1,Account Coordinator,Health,Affluent Customer,N,No,3689,9 Superior Terrace,2199,NSW,Australia,9
3000,Tann,McCard,Male,1974-05-15,45,Compensation Analyst,Financial Services,Affluent Customer,N,No,3690,9 Swallow Avenue,3179,VIC,Australia,9
2772,Reynolds,Vreede,Male,1954-10-25,132,Quality Engineer,Property,Affluent Customer,N,Yes,3691,9 Swallow Way,4115,QLD,Australia,7
1489,Mead,Wollard,Male,1993-05-13,181,Teacher,Health,Mass Customer,N,No,3692,9 Sycamore Pass,2287,NSW,Australia,5
3534,Kacie,Stanbrooke,Female,1975-05-15,26,Associate Professor,Manufacturing,Affluent Customer,N,Yes,3693,9 Tennyson Center,2198,NSW,Australia,9
2518,Krystalle,Ives,Female,1954-08-22,134,Recruiting Manager,n/a,Mass Customer,N,Yes,3694,9 Trailsway Court,2262,NSW,Australia,9
1915,Dusty,Tesimon,Female,1953-10-12,154,Social Worker,Health,Mass Customer,N,Yes,3695,9 Utah Road,4179,QLD,Australia,8
2234,Dylan,Hanvey,Male,1986-09-09,65,Electrical Engineer,Manufacturing,Mass Customer,N,No,3696,9 Washington Drive,3079,VIC,Australia,9
2254,Ann,Beek,Female,1955-10-21,123,Programmer Analyst II,Health,Affluent Customer,N,No,3697,9 Waxwing Pass,2008,NSW,Australia,11
3821,Cassandra,Cescotti,Female,1988-03-27,184,VP Marketing,Manufacturing,Affluent Customer,N,No,3698,9 West Crossing,2446,NSW,Australia,7
483,Bertrand,Penkethman,Male,1973-05-02,147,Sales Representative,Retail,Affluent Customer,N,No,3699,9 Westridge Road,3178,Victoria,Australia,9
2249,Kiele,Caghan,Female,1996-11-11,197,,Financial Services,Mass Customer,N,No,3700,90 2nd Lane,2768,NSW,Australia,10
3006,Ariel,Dillingston,Female,1988-12-06,197,,n/a,Mass Customer,N,Yes,3701,90 Darwin Crossing,2767,NSW,Australia,8
2205,Birk,Elphey,U,,13,Accounting Assistant III,IT,Mass Customer,N,No,3702,90 East Way,2145,NSW,Australia,8
34,Jephthah,Bachmann,U,1843-12-21,98,Legal Assistant,IT,Affluent Customer,N,No,3703,90 Lawn Parkway,4805,QLD,Australia,4
3001,Gal,Waleran,Male,1977-07-22,69,Engineer IV,Argiculture,Mass Customer,N,No,3704,90 Loftsgordon Plaza,2216,NSW,Australia,10
774,Phelia,Perotti,Female,1998-11-27,115,Operator,Manufacturing,High Net Worth,N,No,3705,90 New Castle Trail,2137,NSW,Australia,9
2920,Casar,Ritchley,U,,39,Business Systems Development Analyst,IT,Mass Customer,N,Yes,3706,90 Nobel Way,3166,VIC,Australia,10
3474,Justinian,Crowhurst,Male,1979-11-06,23,Assistant Manager,Manufacturing,Mass Customer,N,No,3707,90 Westerfield Street,2880,NSW,Australia,1
3673,Tobin,Fucher,Male,1979-09-28,197,,Manufacturing,Mass Customer,N,Yes,3708,900 Straubel Hill,2176,NSW,Australia,10
3572,Willis,Tilston,Male,1986-03-21,147,Sales Representative,Retail,Affluent Customer,N,Yes,3709,9004 Wayridge Drive,2799,NSW,Australia,4
1913,Tamiko,Fergie,Female,1973-11-02,56,Dental Hygienist,Health,Mass Customer,N,Yes,3710,90128 Caliangt Place,2484,NSW,Australia,4
266,Lelia,Garatty,Female,1989-07-19,2,Account Executive,Retail,Affluent Customer,N,No,3711,90173 Oneill Place,3071,VIC,Australia,10
1616,Shamus,Attenbrough,Male,1955-08-16,104,Media Manager II,Retail,High Net Worth,N,Yes,3712,9020 Anhalt Park,2528,NSW,Australia,7
3942,Barbie,Gergler,Female,1965-04-02,20,Administrative Officer,Manufacturing,Mass Customer,N,No,3713,903 Sauthoff Plaza,2565,NSW,Australia,8
1533,Sonia,Rous,Female,1977-07-02,154,Social Worker,Health,Affluent Customer,N,Yes,3714,90323 Pine View Hill,2148,NSW,Australia,8
1243,Robbert,Blakey,Male,1953-08-09,137,Research Assistant II,Retail,Mass Customer,N,No,3715,90351 Duke Junction,4820,QLD,Australia,1
1693,Ring,Birchall,Male,1965-11-06,7,Accountant I,Health,Affluent Customer,N,No,3716,9037 Norway Maple Junction,2087,NSW,Australia,11
3109,Jeralee,Domleo,Female,1958-06-23,28,Automation Specialist II,Health,Mass Customer,N,Yes,3717,904 Doe Crossing Terrace,2194,NSW,Australia,7
1859,Melamie,Hardman,Female,1990-04-08,10,Accountant IV,IT,High Net Worth,N,Yes,3718,904 Mandrake Parkway,2820,NSW,Australia,1
2190,Maressa,Kondrachenko,Female,1979-04-17,197,,IT,Affluent Customer,N,No,3719,9045 Kings Avenue,4153,QLD,Australia,11
1696,Mose,Middler,Male,1991-06-07,99,Librarian,Entertainment,High Net Worth,N,No,3720,906 Pawling Place,4352,QLD,Australia,6
2602,Jessamine,Butcher,Female,1977-03-22,174,Structural Analysis Engineer,Health,Mass Customer,N,No,3721,906 Toban Lane,2093,NSW,Australia,10
2311,Addi,,Female,1989-02-15,57,Design Engineer,Health,Mass Customer,N,No,3722,90609 Charing Cross Lane,2250,NSW,Australia,7
372,Moina,Thumim,Female,1987-08-13,83,Graphic Designer,Property,Affluent Customer,N,Yes,3723,90761 Shasta Pass,3936,VIC,Australia,7
3144,Ringo,Everson,Male,1978-10-29,124,Programmer Analyst III,Manufacturing,Mass Customer,N,Yes,3724,90880 Donald Lane,2519,NSW,Australia,9
568,Quinn,Fulks,Male,1957-12-15,187,VP Sales,Manufacturing,Mass Customer,N,No,3725,909 Browning Crossing,3013,Victoria,Australia,10
3602,Alicea,Scamwell,Female,1988-11-27,1,Account Coordinator,Health,Mass Customer,N,No,3726,90969 Talmadge Place,3199,VIC,Australia,7
1769,Sheridan,Shaves,Male,1960-11-26,197,,n/a,Mass Customer,N,Yes,3727,9097 Superior Drive,2114,NSW,Australia,8
517,Iona,Fidgeon,Female,1985-08-20,41,Chief Design Engineer,Property,Mass Customer,N,Yes,3728,90974 Chinook Parkway,2564,NSW,Australia,8
3400,Brenna,Childes,Female,1987-06-25,146,Sales Associate,Financial Services,Mass Customer,N,Yes,3729,91 Charing Cross Way,2100,NSW,Australia,11
3803,Josepha,Finder,Female,1961-05-13,56,Dental Hygienist,Health,Mass Customer,N,Yes,3730,91 Dennis Plaza,4127,QLD,Australia,6
470,Darbee,Klimowicz,Male,2001-12-19,96,Internal Auditor,Retail,Mass Customer,N,No,3731,91 Eagle Crest Circle,2567,NSW,Australia,9
2287,Gisela,Partener,Female,1974-04-22,90,Human Resources Assistant I,Telecommunications,High Net Worth,N,No,3732,91 Ilene Parkway,3630,VIC,Australia,1
3004,Waylon,Hammant,Male,1955-02-20,137,Research Assistant II,Health,Mass Customer,N,Yes,3733,91 Jay Drive,2560,NSW,Australia,7
1137,Jermayne,Hryniewicki,Male,1977-07-03,39,Business Systems Development Analyst,n/a,Mass Customer,N,No,3734,91 Messerschmidt Trail,3162,VIC,Australia,11
1810,Royall,Terris,Male,1959-05-06,77,Geological Engineer,Manufacturing,High Net Worth,N,No,3735,91 Mosinee Point,2166,NSW,Australia,5
2400,Lindsay,Stollsteiner,Male,1978-02-28,113,Office Assistant III,Property,Mass Customer,N,Yes,3736,91 Norway Maple Hill,2065,NSW,Australia,11
433,Reinhard,Jubert,Male,1964-03-12,171,Statistician II,Property,Affluent Customer,N,No,3737,91 Porter Pass,3064,VIC,Australia,7
3575,Kandace,Desesquelle,Female,1973-11-06,16,Administrative Assistant I,IT,Affluent Customer,N,Yes,3738,91 Roth Pass,2565,NSW,Australia,6
1039,Nona,Diamant,Female,1975-03-14,197,,n/a,High Net Worth,N,Yes,3739,91 Spohn Plaza,4573,QLD,Australia,7
3967,Lillis,Dobrowolski,Female,1978-04-18,150,Senior Editor,Manufacturing,Affluent Customer,N,No,3740,910 Becker Pass,2526,NSW,Australia,8
3662,Pippo,Cator,Male,1977-12-30,44,Community Outreach Specialist,Retail,Mass Customer,N,No,3741,91051 Cordelia Circle,3030,VIC,Australia,7
2582,Harv,Pavey,Male,1977-08-10,63,Director of Sales,Health,Mass Customer,N,No,3742,9106 Thompson Hill,2032,NSW,Australia,8
1355,Isador,Hallitt,Male,2001-04-04,186,VP Quality Control,Property,Mass Customer,N,No,3743,91079 Lukken Way,3338,VIC,Australia,5
1875,Amory,Bohler,Male,1959-01-11,169,Staff Scientist,Retail,High Net Worth,N,Yes,3744,91116 Riverside Plaza,2114,NSW,Australia,8
676,Curtis,,Male,1968-05-19,150,Senior Editor,n/a,High Net Worth,N,Yes,3745,9114 Union Center,2209,NSW,Australia,7
246,Binny,Whight,Female,1991-02-28,182,Technical Writer,Manufacturing,High Net Worth,N,No,3746,91141 Huxley Parkway,2040,NSW,Australia,10
2218,Madelena,Blincoe,Female,1992-05-27,153,Senior Sales Associate,Health,Affluent Customer,N,No,3747,9115 Mockingbird Crossing,2145,NSW,Australia,6
300,Malachi,Hadcroft,Male,1956-06-22,43,Clinical Specialist,Health,Mass Customer,N,No,3748,91193 Petterle Road,2035,NSW,Australia,11
1302,Ericka,Eggers,Female,1998-05-03,31,Biostatistician I,Financial Services,Affluent Customer,N,Yes,3749,9120 Corry Avenue,4208,QLD,Australia,7
3628,Sharron,Gaynes,Female,1974-10-17,73,Financial Advisor,Financial Services,Mass Customer,N,Yes,3750,91215 Doe Crossing Avenue,3805,VIC,Australia,7
2258,Cathy,Powter,Female,1974-03-21,2,Account Executive,Retail,High Net Worth,N,No,3751,9129 Gale Court,4226,QLD,Australia,8
1448,Hinze,Bullent,Male,1988-08-09,185,VP Product Management,Property,Mass Customer,N,No,3752,913 Londonderry Trail,2567,NSW,Australia,8
1252,Les,Ellwood,Male,1965-01-16,134,Recruiting Manager,Manufacturing,Mass Customer,N,Yes,3753,91336 Spenser Street,4560,QLD,Australia,6
1513,Wendel,Cator,Male,1970-06-05,132,Quality Engineer,n/a,Affluent Customer,N,Yes,3754,91433 Hollow Ridge Crossing,2210,NSW,Australia,10
887,Patrizius,Hardinge,Male,1997-11-17,197,,Manufacturing,High Net Worth,N,No,3755,91457 Anderson Avenue,3124,VIC,Australia,12
1108,Ginnie,Farriar,Female,1962-03-06,56,Dental Hygienist,Health,Mass Customer,N,No,3756,915 Thackeray Junction,2204,NSW,Australia,11
559,Erma,Vyel,Female,1988-03-05,117,Payment Adjustment Coordinator,Retail,High Net Worth,N,Yes,3757,9161 Hoepker Street,4740,QLD,Australia,5
1660,Justinian,Jekyll,Male,1980-03-16,96,Internal Auditor,Retail,Affluent Customer,N,No,3758,9161 Macpherson Terrace,4680,QLD,Australia,2
2703,Peria,Amis,Female,1980-04-12,197,,Manufacturing,Affluent Customer,N,Yes,3759,91655 Rowland Point,4123,QLD,Australia,8
1663,Analiese,Grimsditch,Female,1978-01-30,186,VP Quality Control,Property,High Net Worth,N,Yes,3760,9168 Thackeray Place,2026,NSW,Australia,12
2035,Kylie,Terese,Male,1979-06-01,149,Senior Developer,Health,Mass Customer,N,No,3761,91749 Portage Park,2528,NSW,Australia,8
1674,Rahal,Woodman,Female,1977-10-26,42,Civil Engineer,Manufacturing,High Net Worth,N,No,3762,9175 Ryan Street,2088,NSW,Australia,12
1948,Elizabeth,Applewhaite,Female,1964-06-08,197,,Entertainment,Mass Customer,N,No,3763,9175 Stephen Drive,4035,QLD,Australia,8
2851,Ulberto,Haking,Male,1975-12-17,129,Programmer IV,Entertainment,Affluent Customer,N,Yes,3764,9179 Esker Park,2155,NSW,Australia,10
1627,Vladimir,Morphet,Male,1961-11-19,99,Librarian,Entertainment,Affluent Customer,N,No,3765,9179 Sunfield Terrace,4510,QLD,Australia,2
2107,Dre,Ferrillo,Female,1992-07-10,34,Biostatistician IV,IT,Affluent Customer,N,Yes,3766,91933 Artisan Avenue,2753,NSW,Australia,9
2750,Sybille,Maddison,Female,1980-10-18,197,,Property,High Net Worth,N,No,3767,91973 Boyd Street,2287,NSW,Australia,7
973,Annabella,Hebron,Female,1979-08-02,51,Data Coordiator,Health,High Net Worth,N,No,3768,92 Bunker Hill Trail,2558,NSW,Australia,7
264,Jedd,Spiby,Male,1977-12-07,182,Technical Writer,Health,Mass Customer,N,No,3769,92 Lyons Place,2752,NSW,Australia,9
3549,Jodee,Macewan,Female,1966-02-24,147,Sales Representative,Retail,Mass Customer,N,No,3770,92 Mallard Court,3125,VIC,Australia,10
1132,Coriss,Darkott,Female,1985-08-01,15,Actuary,Financial Services,Affluent Customer,N,Yes,3771,92 Melvin Hill,2147,NSW,Australia,9
3746,Thaddeus,McLurg,Male,1961-09-01,60,Developer II,n/a,Affluent Customer,N,Yes,3772,92 Northridge Park,2450,NSW,Australia,4
2321,Libbi,Freeberne,Female,1980-03-25,107,Nuclear Power Engineer,Manufacturing,Mass Customer,N,Yes,3773,92 Schlimgen Hill,3023,VIC,Australia,8
1236,Bryanty,Megarrell,Male,1974-05-21,191,Web Designer IV,Financial Services,High Net Worth,N,Yes,3774,92 Waubesa Center,2760,NSW,Australia,8
2664,Raynor,Olech,Male,1966-01-16,67,Engineer II,n/a,Mass Customer,N,No,3775,920 Manley Crossing,4226,QLD,Australia,8
3179,Jarid,Redwood,Male,1979-11-04,24,Assistant Media Planner,Entertainment,Affluent Customer,N,Yes,3776,9200 Continental Center,3165,VIC,Australia,10
3517,Domeniga,Terney,Female,1957-07-04,14,Accounting Assistant IV,n/a,Mass Customer,N,Yes,3777,92045 Magdeline Street,2101,NSW,Australia,11
3002,Tracey,Verdun,Male,1956-12-06,116,Paralegal,Financial Services,Mass Customer,N,Yes,3778,921 Reinke Road,2529,NSW,Australia,7
2960,Hollie,MacEllen,Female,1976-07-16,57,Design Engineer,Property,Mass Customer,N,Yes,3779,9217 Bashford Parkway,2023,NSW,Australia,10
3059,Hercules,Klewi,Male,1958-06-09,10,Accountant IV,n/a,Mass Customer,N,No,3780,922 Mccormick Circle,4509,QLD,Australia,6
224,Morgun,Girvan,Male,1967-12-03,45,Compensation Analyst,Financial Services,Affluent Customer,N,No,3781,92253 Kensington Drive,2209,NSW,Australia,7
3349,Byram,Lamberts,Male,1981-01-22,63,Director of Sales,Argiculture,Affluent Customer,N,No,3782,9229 Division Park,2205,NSW,Australia,8
882,Esmaria,Lythgoe,Female,1965-09-29,197,,Property,Mass Customer,N,Yes,3783,923 Westerfield Junction,2065,NSW,Australia,10
796,Ira,Lamlin,Female,1997-05-27,74,Financial Analyst,Financial Services,Mass Customer,N,No,3784,92344 Oakridge Drive,4873,QLD,Australia,4
2707,Tabb,Haberjam,Male,1988-12-26,1,Account Coordinator,Property,High Net Worth,N,Yes,3785,9235 Walton Park,2095,NSW,Australia,11
3823,Corabel,Todd,Female,1964-12-02,36,Budget/Accounting Analyst II,Retail,Affluent Customer,N,No,3786,9240 Green Avenue,3810,VIC,Australia,5
2546,Marinna,Hancke,Female,1980-04-10,25,Assistant Professor,Manufacturing,High Net Worth,N,No,3787,92427 Norway Maple Street,3000,VIC,Australia,6
2246,Giraldo,Lacer,Male,1979-01-24,54,Database Administrator III,n/a,Mass Customer,N,Yes,3788,9248 Ludington Circle,2714,NSW,Australia,1
2473,Davon,,Male,1970-05-10,16,Administrative Assistant I,Entertainment,Mass Customer,N,Yes,3789,9248 Sugar Terrace,2530,NSW,Australia,9
871,Janka,Yesinin,Female,1992-01-20,197,,n/a,Mass Customer,N,Yes,3790,9254 Straubel Street,3034,VIC,Australia,9
2828,Philippine,Maycey,Female,1998-12-14,197,,Health,High Net Worth,N,Yes,3791,92610 Sutherland Place,3140,VIC,Australia,8
2911,Janenna,Knowlman,Female,1968-04-26,24,Assistant Media Planner,Entertainment,Mass Customer,N,No,3792,928 Laurel Circle,4868,QLD,Australia,4
367,Katrinka,Sturrock,Female,1985-02-17,127,Programmer II,Manufacturing,Mass Customer,N,Yes,3793,92808 Mallard Terrace,3215,VIC,Australia,4
3623,Oren,Barwack,Male,1984-11-25,152,Senior Quality Engineer,Manufacturing,Affluent Customer,N,Yes,3794,9284 Randy Alley,2217,NSW,Australia,9
1160,Trisha,Nisuis,Female,1965-04-08,164,Speech Pathologist,IT,Affluent Customer,N,No,3795,92867 Lukken Lane,3142,VIC,Australia,9
2353,Lyn,Luquet,Male,1978-12-27,87,Health Coach IV,Health,Affluent Customer,N,Yes,3796,9292 Mcguire Plaza,2073,NSW,Australia,12
315,Lisa,Odlin,Female,1958-04-16,41,Chief Design Engineer,Manufacturing,Affluent Customer,N,No,3797,93 American Ash Avenue,2747,NSW,Australia,8
1267,Leopold,Dainton,Male,1979-06-03,145,Safety Technician IV,Entertainment,Affluent Customer,N,Yes,3798,93 Corben Crossing,4506,QLD,Australia,4
165,Aldon,Roelofs,Male,1984-03-25,20,Administrative Officer,Argiculture,Mass Customer,N,Yes,3799,93 Iowa Junction,2116,NSW,Australia,9
443,Lauree,Leason,Female,1972-03-26,197,,Argiculture,High Net Worth,N,Yes,3800,93 Jana Junction,2213,NSW,Australia,10
1794,Caro,McKirton,Female,1969-03-10,20,Administrative Officer,Property,Mass Customer,N,No,3801,93 Lakeland Court,3810,VIC,Australia,6
303,Shane,Smetoun,Female,1974-08-15,25,Assistant Professor,Argiculture,Mass Customer,N,Yes,3802,93 Lawn Park,3152,VIC,Australia,9
2992,Crystal,Assur,Female,1974-05-31,43,Clinical Specialist,Health,Mass Customer,N,Yes,3803,93 Lawn Road,4212,QLD,Australia,7
2263,Lois,Sorel,Female,1987-02-06,121,Professor,Argiculture,Mass Customer,N,Yes,3804,93 Shasta Avenue,4171,QLD,Australia,10
3479,Pierette,O' Ronan,Female,1964-08-09,197,,IT,Mass Customer,N,No,3805,93 Vera Parkway,4216,QLD,Australia,5
225,Brittaney,Pring,Female,1977-03-11,118,Pharmacist,Health,Affluent Customer,N,No,3806,93 Westend Terrace,2116,NSW,Australia,10
2702,Saraann,Gilliard,Female,1976-11-30,65,Electrical Engineer,Manufacturing,Affluent Customer,N,Yes,3807,9304 Birchwood Junction,2070,NSW,Australia,12
581,Brenna,Dacks,Female,1969-05-22,49,Computer Systems Analyst IV,Financial Services,Mass Customer,N,Yes,3808,93098 Loftsgordon Pass,4179,QLD,Australia,4
1403,Germana,McFadin,Female,1980-12-01,79,Geologist II,Retail,Mass Customer,N,No,3809,931 Rigney Terrace,3015,VIC,Australia,10
2610,Arliene,Bartolijn,Female,1954-04-30,1,Account Coordinator,IT,Mass Customer,N,No,3810,93124 Monterey Plaza,3000,VIC,Australia,7
3060,Milton,Gorini,Male,1982-09-14,183,VP Accounting,Financial Services,Mass Customer,N,Yes,3811,9317 Mendota Parkway,3064,VIC,Australia,8
3778,Ilaire,Redborn,Male,1971-06-09,56,Dental Hygienist,Health,High Net Worth,N,No,3812,934 Dwight Park,2280,NSW,Australia,7
9,Mala,Lind,Female,1973-03-10,39,Business Systems Development Analyst,Argiculture,Affluent Customer,N,Yes,3813,93405 Ludington Park,3044,VIC,Australia,8
942,Shirley,Brook,Female,1974-02-07,63,Director of Sales,Financial Services,Mass Customer,N,Yes,3814,93446 Eagle Crest Plaza,2229,NSW,Australia,10
2443,Towny,Python,Male,1990-02-13,46,Computer Systems Analyst I,Property,High Net Worth,N,No,3815,9346 Sunfield Plaza,2671,NSW,Australia,1
1465,Wilona,Osgood,Female,1971-02-18,102,Mechanical Systems Engineer,Financial Services,Mass Customer,N,Yes,3816,93482 Jenifer Alley,2439,NSW,Australia,10
3047,Eddy,Cossans,Male,1962-01-14,164,Speech Pathologist,Retail,Mass Customer,N,Yes,3817,9357 Dennis Park,2010,NSW,Australia,11
359,Dulcine,Gauson,Female,1958-11-28,98,Legal Assistant,Manufacturing,Affluent Customer,N,Yes,3818,93583 Moland Way,2066,NSW,Australia,12
2054,Horace,Gilpillan,Male,1995-08-21,197,,Manufacturing,Mass Customer,N,Yes,3819,9362 Grim Plaza,4702,QLD,Australia,1
2493,Rey,Collum,Male,1981-08-19,24,Assistant Media Planner,Entertainment,Mass Customer,N,Yes,3820,9366 Judy Alley,4171,QLD,Australia,9
2913,Padraic,Bonnar,Male,1955-07-11,186,VP Quality Control,IT,Affluent Customer,N,Yes,3821,937 Sloan Center,4118,QLD,Australia,6
3219,Denyse,Scutts,Female,1998-01-06,194,Web Developer III,Financial Services,Mass Customer,N,No,3822,93723 Old Gate Hill,2021,NSW,Australia,9
975,Goldarina,Rzehorz,U,,30,Automation Specialist IV,IT,Mass Customer,N,No,3823,938 Monica Park,3173,VIC,Australia,9
859,Devinne,Tommeo,Female,1978-08-02,78,Geologist I,Financial Services,Affluent Customer,N,Yes,3824,938 Nova Junction,3623,VIC,Australia,1
145,Filippo,Ferrara,Male,1997-07-21,2,Account Executive,Financial Services,Mass Customer,N,No,3825,939 Coleman Pass,4509,QLD,Australia,7
1369,Ilka,Allabush,Female,1994-05-08,42,Civil Engineer,Manufacturing,Mass Customer,N,Yes,3826,939 Hermina Drive,3198,VIC,Australia,8
3273,Darline,Alpes,Female,1978-05-17,76,General Manager,Entertainment,Mass Customer,N,No,3827,9398 Declaration Circle,2021,NSW,Australia,7
852,Andie,Bonney,Female,2000-11-04,45,Compensation Analyst,Financial Services,Affluent Customer,N,Yes,3828,94 Anhalt Way,3139,VIC,Australia,7
2567,Tobe,Spirit,Male,1975-01-13,179,Systems Administrator IV,Financial Services,Mass Customer,N,No,3829,94 Marquette Way,2010,NSW,Australia,11
1382,Lucio,Reame,Male,1989-10-23,51,Data Coordiator,Manufacturing,High Net Worth,N,Yes,3830,94 Sheridan Parkway,3136,VIC,Australia,9
2327,Alie,Sowle,Female,1963-04-05,36,Budget/Accounting Analyst II,n/a,Affluent Customer,N,No,3831,94 Twin Pines Trail,2567,NSW,Australia,8
2200,Teodoor,Lovelace,Male,1986-07-13,44,Community Outreach Specialist,n/a,Affluent Customer,N,Yes,3832,94 Vernon Parkway,2762,NSW,Australia,9
1420,Minni,Hanner,Female,1959-10-12,56,Dental Hygienist,Health,Mass Customer,N,No,3833,94079 Eggendart Point,2745,NSW,Australia,9
1479,Avrom,Clougher,Male,1977-10-20,89,Help Desk Technician,Argiculture,Mass Customer,N,No,3834,941 La Follette Hill,2263,NSW,Australia,10
1619,Matteo,Hallum,Male,1971-12-22,167,Staff Accountant III,n/a,Mass Customer,N,Yes,3835,94181 South Park,3264,VIC,Australia,1
1094,Shaughn,Salters,Male,1975-12-27,56,Dental Hygienist,Health,High Net Worth,N,No,3836,9419 Homewood Way,2160,NSW,Australia,9
2786,Hubie,Bottoner,Male,1968-01-21,9,Accountant III,Health,Mass Customer,N,Yes,3837,942 Elmside Street,2763,NSW,Australia,8
1217,Dulcinea,Janssen,Female,1968-08-19,175,Structural Engineer,Manufacturing,High Net Worth,N,No,3838,94219 Buell Circle,2020,NSW,Australia,9
633,Alair,Hopkins,Male,1986-03-12,108,Nurse,n/a,High Net Worth,N,Yes,3839,9427 Tennyson Plaza,2759,NSW,Australia,8
3108,Trip,Ahmed,Male,1967-10-01,13,Accounting Assistant III,Entertainment,Mass Customer,N,No,3840,944 Becker Road,3162,VIC,Australia,11
1832,Elicia,Normanvill,Female,1964-11-05,124,Programmer Analyst III,Manufacturing,Mass Customer,N,Yes,3841,9446 Holmberg Court,2133,NSW,Australia,11
594,Humfrey,Frankland,Male,1980-07-22,112,Office Assistant II,n/a,Mass Customer,N,No,3842,945 Hayes Park,2075,NSW,Australia,12
3588,Henrie,Beadman,Female,1961-06-04,194,Web Developer III,Health,Affluent Customer,N,Yes,3843,94543 Northwestern Court,4715,QLD,Australia,6
2534,Estelle,Lithgow,Female,1965-06-21,140,Research Associate,Manufacturing,Affluent Customer,N,Yes,3844,94554 Derek Trail,2009,NSW,Australia,10
387,Spike,Thieme,Male,1977-02-19,20,Administrative Officer,Financial Services,Mass Customer,N,No,3845,9457 Arizona Plaza,2642,NSW,Australia,2
1886,Eugenie,Belcham,Female,1978-09-22,108,Nurse,IT,Affluent Customer,N,No,3846,9460 Laurel Crossing,4032,QLD,Australia,7
3985,Caryn,Padbury,Female,1998-06-21,195,Web Developer IV,Property,Mass Customer,N,No,3847,9461 Saint Paul Trail,2428,NSW,Australia,2
3035,Sigfrid,Caldecot,Male,1980-04-15,26,Associate Professor,Health,High Net Worth,N,No,3848,94611 Cascade Parkway,2763,NSW,Australia,8
3244,Rosene,Bullar,Female,1959-05-08,176,Systems Administrator I,Financial Services,Mass Customer,N,No,3849,9468 Vidon Way,3029,VIC,Australia,7
3434,Stesha,Miners,Female,1973-12-05,1,Account Coordinator,Health,Mass Customer,N,No,3850,9479 Tony Junction,2830,NSW,Australia,7
3171,Leif,,Male,1967-05-23,1,Account Coordinator,Financial Services,Affluent Customer,N,Yes,3851,94850 Moland Street,3072,VIC,Australia,9
2088,Ernie,Wankel,Male,1969-10-09,151,Senior Financial Analyst,Financial Services,Mass Customer,N,Yes,3852,949 Marquette Avenue,3028,VIC,Australia,7
3496,Danya,Burnyeat,Male,1986-04-25,64,Editor,Manufacturing,Mass Customer,N,Yes,3853,9491 Green Ridge Terrace,2100,NSW,Australia,10
2069,Sol,Holdron,U,,163,Software Test Engineer IV,IT,Mass Customer,N,Yes,3854,9499 Alpine Drive,3175,VIC,Australia,8
295,Lena,Chape,Female,1964-12-26,53,Database Administrator II,n/a,Mass Customer,N,Yes,3855,95 Almo Junction,2173,NSW,Australia,9
2038,Fae,Done,Female,1959-11-26,175,Structural Engineer,Financial Services,Mass Customer,N,Yes,3856,95 Butterfield Circle,3352,VIC,Australia,4
578,Charyl,Haimes,Female,1995-01-24,192,Web Developer I,n/a,High Net Worth,N,Yes,3857,95 Delladonna Plaza,2283,NSW,Australia,4
3767,Man,Bigglestone,Male,1982-09-14,195,Web Developer IV,n/a,High Net Worth,N,No,3858,95 East Road,2093,NSW,Australia,9
235,Leona,Phateplace,Female,1976-12-26,154,Social Worker,Health,Mass Customer,N,No,3859,95 Eliot Street,4514,QLD,Australia,3
684,Malvin,,Male,1987-07-03,58,Desktop Support Technician,Financial Services,Mass Customer,N,No,3860,95 Fallview Avenue,3155,Victoria,Australia,8
1167,Elberta,Crickett,Female,1996-06-03,162,Software Test Engineer III,Health,Mass Customer,N,No,3861,95 Forest Run Drive,4152,QLD,Australia,8
2762,Rozamond,Franceschino,Female,1992-11-27,197,,Manufacturing,Mass Customer,N,No,3862,95 Meadow Valley Plaza,2203,NSW,Australia,9
971,Sarge,Lerohan,Male,1988-10-25,78,Geologist I,Manufacturing,High Net Worth,N,No,3863,95 Old Gate Junction,2760,NSW,Australia,8
2228,Rosita,Soppeth,Female,1956-03-09,77,Geological Engineer,Manufacturing,High Net Worth,N,No,3864,95 Riverside Way,2640,NSW,Australia,1
3014,Terrijo,Merlin,Female,2001-03-30,157,Software Engineer II,n/a,High Net Worth,N,No,3865,95 Sutteridge Crossing,2567,NSW,Australia,9
3944,Urbain,Sinnock,Male,1973-05-04,68,Engineer III,IT,Affluent Customer,N,No,3866,950 Algoma Circle,3108,VIC,Australia,9
2387,Roy,Jone,Male,1977-08-30,108,Nurse,n/a,High Net Worth,N,Yes,3867,9501 Melby Avenue,4178,QLD,Australia,7
614,Nonnah,Johns,Female,1995-09-12,197,,Manufacturing,Mass Customer,N,Yes,3868,95022 Roth Terrace,3975,Victoria,Australia,7
3087,Gerry,Scatcher,Male,1986-04-02,154,Social Worker,Health,Mass Customer,N,No,3869,9503 Aberg Drive,3021,VIC,Australia,7
1378,Ellie,Prester,Female,1978-06-18,197,,Property,Affluent Customer,N,Yes,3870,952 Fairview Hill,3155,VIC,Australia,8
2645,Ado,Yaldren,Male,2000-06-26,182,Technical Writer,IT,High Net Worth,N,Yes,3871,9521 Old Shore Trail,2769,NSW,Australia,10
3956,Hector,Poundsford,Male,1957-01-17,18,Administrative Assistant III,Retail,Mass Customer,N,Yes,3872,95228 Forster Road,3085,VIC,Australia,9
1940,Gabriellia,Coulter,Female,1977-03-02,181,Teacher,Manufacturing,High Net Worth,N,Yes,3873,9525 Johnson Place,3190,VIC,Australia,8
75,Dollie,Sealy,Female,1978-07-15,185,VP Product Management,Property,Mass Customer,N,No,3874,9527 Ridgeway Street,2073,New South Wales,Australia,10
1846,Lorette,Daspar,Female,1978-12-18,150,Senior Editor,Manufacturing,Affluent Customer,N,No,3875,95294 Karstens Park,2155,NSW,Australia,9
2278,Gerri,Heliet,Male,1977-09-25,120,Product Engineer,Health,Affluent Customer,N,Yes,3876,953 Del Sol Point,3630,VIC,Australia,4
371,Pernell,Favelle,Male,1954-07-06,178,Systems Administrator III,Financial Services,Mass Customer,N,No,3877,953 Eliot Crossing,2166,NSW,Australia,9
3659,Farra,Catto,Female,1976-12-23,187,VP Sales,Financial Services,High Net Worth,N,No,3878,954 Reinke Park,3101,VIC,Australia,12
1797,Basile,Le Floch,Male,1974-05-16,25,Assistant Professor,n/a,Mass Customer,N,No,3879,95465 Union Plaza,4055,QLD,Australia,7
2074,Roslyn,Rawdall,Female,1997-06-11,197,,Financial Services,Mass Customer,N,No,3880,95483 Washington Junction,2505,NSW,Australia,9
899,Teodora,Lawling,Female,1963-08-05,39,Business Systems Development Analyst,Health,Affluent Customer,N,Yes,3881,95530 Hallows Circle,4110,QLD,Australia,5
97,Arne,Corain,Male,1979-07-27,44,Community Outreach Specialist,Financial Services,Mass Customer,N,Yes,3882,9554 Artisan Pass,2150,New South Wales,Australia,10
553,Charlean,Fantone,Female,1979-05-12,153,Senior Sales Associate,Argiculture,Affluent Customer,N,Yes,3883,956 Mccormick Place,4127,QLD,Australia,2
46,Kaila,Allin,Female,1972-02-26,197,,n/a,Affluent Customer,N,Yes,3884,957 Veith Junction,2047,New South Wales,Australia,10
3839,Wallie,Christauffour,Female,1992-04-25,2,Account Executive,Manufacturing,High Net Worth,N,Yes,3885,9570 Sundown Trail,4073,QLD,Australia,8
2264,Tony,Shirley,Female,1972-07-17,110,Occupational Therapist,Health,Affluent Customer,N,No,3886,9574 David Lane,3218,VIC,Australia,8
2177,Waverly,Creebo,Male,1977-10-08,154,Social Worker,Health,Mass Customer,N,No,3887,9582 Fremont Center,2032,NSW,Australia,11
3691,Mathew,Seid,Male,1973-08-16,71,Environmental Tech,Retail,Affluent Customer,N,No,3888,9585 Lakeland Avenue,2147,NSW,Australia,8
3535,Bren,Dabbes,Female,1994-09-15,182,Technical Writer,Manufacturing,High Net Worth,N,No,3889,9594 Brown Junction,4509,QLD,Australia,7
2654,Dawn,Yakovitch,Female,1977-11-28,180,Tax Accountant,Telecommunications,Mass Customer,N,No,3890,96 Dayton Park,2190,NSW,Australia,9
3493,Jeffie,Eakly,Male,1964-02-29,136,Research Assistant I,Health,High Net Worth,N,No,3891,96 Delladonna Trail,3976,VIC,Australia,5
3206,Elbertine,Trewin,Female,1995-03-23,73,Financial Advisor,Financial Services,Mass Customer,N,No,3892,96 Hermina Terrace,3024,VIC,Australia,5
2423,Lenci,Symcox,Male,1981-02-20,121,Professor,IT,Mass Customer,N,Yes,3893,96 Hintze Point,2147,NSW,Australia,8
1517,Murdoch,Twort,Male,1987-09-15,115,Operator,IT,Affluent Customer,N,No,3894,96 Pepper Wood Drive,2567,NSW,Australia,10
1596,Vinnie,Sails,Male,1969-07-01,50,Cost Accountant,Financial Services,High Net Worth,N,Yes,3895,96 Sundown Point,4220,QLD,Australia,9
23,Olav,Polak,Male,1995-02-10,197,,n/a,High Net Worth,N,Yes,3896,96 Texas Plaza,3218,VIC,Australia,7
80,Pablo,Small,Male,1978-04-24,51,Data Coordiator,Entertainment,Mass Customer,N,No,3897,96061 Ludington Place,2086,New South Wales,Australia,11
3118,Cleveland,Coxon,Male,1993-01-22,110,Occupational Therapist,Health,High Net Worth,N,No,3898,96073 Erie Place,2763,NSW,Australia,9
2988,Darrelle,Michie,Female,1998-02-02,20,Administrative Officer,n/a,Mass Customer,N,Yes,3899,9610 Gateway Trail,3429,VIC,Australia,5
1151,Brena,Amburgy,Female,1965-04-06,185,VP Product Management,Argiculture,High Net Worth,N,Yes,3900,9618 Havey Place,2710,NSW,Australia,1
1093,Clarita,Penright,Female,1996-09-13,39,Business Systems Development Analyst,n/a,Affluent Customer,N,No,3901,9623 Fisk Plaza,2164,NSW,Australia,8
3174,Odele,Blackmore,Female,1976-11-16,140,Research Associate,Financial Services,Affluent Customer,N,No,3902,9632 Katie Avenue,4161,QLD,Australia,7
1838,Jobina,Dudenie,Female,1964-11-25,39,Business Systems Development Analyst,Financial Services,Affluent Customer,N,Yes,3903,9649 Cascade Way,2250,NSW,Australia,8
2175,Elvyn,Bullas,Male,1985-11-01,194,Web Developer III,Health,Mass Customer,N,No,3904,966 Emmet Trail,3015,VIC,Australia,10
1409,Tiffi,Hartless,Female,1996-05-07,89,Help Desk Technician,n/a,Mass Customer,N,No,3905,967 Farmco Road,2880,NSW,Australia,1
2023,Marco,Denziloe,Male,1971-01-11,26,Associate Professor,n/a,High Net Worth,N,No,3906,9670 4th Point,2065,NSW,Australia,10
131,Jana,Renyard,Female,1964-10-16,20,Administrative Officer,Retail,High Net Worth,N,No,3907,9674 Graceland Junction,3201,VIC,Australia,6
2797,Agatha,Vowden,Female,1985-09-10,197,,IT,Mass Customer,N,Yes,3908,9677 Hagan Lane,3212,VIC,Australia,3
3807,Bibby,Goman,Female,1976-05-21,22,Analyst Programmer,Retail,Mass Customer,N,No,3909,96899 Hermina Circle,2062,NSW,Australia,9
3117,Nisse,Marriage,Female,1995-06-11,50,Cost Accountant,Financial Services,Affluent Customer,N,Yes,3910,969 Sycamore Point,2304,NSW,Australia,7
674,Dalila,Rosel,Female,1954-08-22,60,Developer II,n/a,Mass Customer,N,No,3911,96910 Sugar Point,4352,QLD,Australia,7
2835,Deloria,,Female,1997-07-01,70,Environmental Specialist,Manufacturing,Affluent Customer,N,No,3912,9695 Northland Pass,2450,NSW,Australia,7
949,Jarid,Grebner,Male,1975-09-07,72,Executive Secretary,Health,Mass Customer,N,Yes,3913,97 Aberg Pass,4720,QLD,Australia,1
125,Darrelle,Antoniewski,Female,1960-03-17,47,Computer Systems Analyst II,Property,Mass Customer,N,No,3914,97 Coolidge Trail,2142,New South Wales,Australia,9
900,Clevey,Ivamy,Male,1990-08-07,26,Associate Professor,Manufacturing,Mass Customer,N,Yes,3915,97 Karstens Place,4226,QLD,Australia,7
2243,Lena,Cronshaw,Female,1976-08-28,39,Business Systems Development Analyst,n/a,Affluent Customer,N,Yes,3916,97 Randy Junction,2040,NSW,Australia,12
3222,Caralie,Sellors,U,,150,Senior Editor,IT,Affluent Customer,N,No,3917,97 Sunnyside Junction,3977,VIC,Australia,7
2593,Sharona,Yorkston,Female,1973-07-26,107,Nuclear Power Engineer,Manufacturing,Affluent Customer,N,No,3918,97 Waxwing Terrace,4217,QLD,Australia,10
2922,Wallache,Tatlow,Male,1981-12-10,146,Sales Associate,Manufacturing,Affluent Customer,N,Yes,3919,970 Randy Crossing,4005,QLD,Australia,12
1361,Gradeigh,Saltmarshe,Male,1964-12-12,121,Professor,Manufacturing,Affluent Customer,N,No,3920,970 Sundown Place,3222,VIC,Australia,5
3825,Cinda,Rounds,Female,1978-10-12,134,Recruiting Manager,Health,Mass Customer,N,No,3921,9717 Main Parkway,3052,VIC,Australia,8
3698,Devon,Baudic,Female,1995-10-03,77,Geological Engineer,Manufacturing,Mass Customer,N,No,3922,9719 Bobwhite Avenue,2289,NSW,Australia,7
3192,Illa,Klemenz,Female,1968-09-18,117,Payment Adjustment Coordinator,Financial Services,High Net Worth,N,Yes,3923,972 Lake View Terrace,3977,VIC,Australia,7
3323,Cortie,Hamshar,Male,1973-03-01,3,Account Representative I,Health,High Net Worth,N,No,3924,973 Menomonie Hill,3337,VIC,Australia,4
2163,Tim,Guilliatt,Male,1996-12-25,185,VP Product Management,n/a,Mass Customer,N,Yes,3925,9732 Swallow Way,2750,NSW,Australia,8
1677,Petrina,Pollins,Female,1958-05-28,64,Editor,Health,Affluent Customer,N,Yes,3926,9737 Vernon Junction,3152,VIC,Australia,9
3688,Fritz,Le Merchant,Male,1994-04-27,76,General Manager,IT,Affluent Customer,N,Yes,3927,9738 Delaware Crossing,2753,NSW,Australia,9
2294,Skipton,Cordie,Male,1987-06-16,26,Associate Professor,Manufacturing,Mass Customer,N,No,3928,974 Fisk Alley,3977,VIC,Australia,4
74,Pansy,Kiddie,Female,1969-06-19,197,,n/a,Mass Customer,N,Yes,3929,97455 Loeprich Lane,2153,New South Wales,Australia,9
3532,May,Birch,Female,1990-07-24,103,Media Manager I,Health,High Net Worth,N,Yes,3930,97461 Drewry Trail,3072,VIC,Australia,10
2455,Kathe,Heatlie,Female,1977-10-09,197,,Manufacturing,Mass Customer,N,No,3931,975 Annamark Hill,4034,QLD,Australia,6
1453,Ahmed,,Male,1977-07-30,46,Computer Systems Analyst I,Health,High Net Worth,N,No,3932,975 Melby Street,2564,NSW,Australia,8
3975,Dianemarie,Kidgell,Female,1971-08-11,16,Administrative Assistant I,Entertainment,Affluent Customer,N,No,3933,9754 High Crossing Terrace,2148,NSW,Australia,8
3513,Enriqueta,Waterhowse,U,,96,Internal Auditor,IT,Affluent Customer,N,Yes,3934,977 Arapahoe Trail,4121,QLD,Australia,8
8,Rod,Inder,Male,1962-03-30,103,Media Manager I,n/a,Mass Customer,N,No,3935,97736 7th Trail,2023,New South Wales,Australia,12
2941,Emylee,Pavlov,Female,1963-08-05,197,,Retail,Mass Customer,N,No,3936,978 Dennis Way,2233,NSW,Australia,9
1598,Guendolen,Betterton,Female,1973-12-02,144,Safety Technician III,n/a,Mass Customer,N,No,3937,978 Valley Edge Park,2777,NSW,Australia,9
3112,Terri,Gornal,Male,2001-04-22,96,Internal Auditor,Retail,High Net Worth,N,Yes,3938,979 Victoria Junction,3156,VIC,Australia,8
1566,Stavros,Goodinson,Male,1962-01-03,72,Executive Secretary,Argiculture,Mass Customer,N,No,3939,97910 Leroy Junction,2073,NSW,Australia,12
3943,Adler,Dredge,Male,1997-12-30,183,VP Accounting,Financial Services,Affluent Customer,N,No,3940,9796 Pearson Hill,2223,NSW,Australia,4
729,Ammamaria,Standbridge,Female,1973-10-23,21,Analog Circuit Design manager,Health,Affluent Customer,N,No,3941,98 Esker Junction,2192,NSW,Australia,10
3122,Cthrine,Orans,Female,1980-08-17,197,,Manufacturing,High Net Worth,N,Yes,3942,98 Grover Street,3048,VIC,Australia,5
2383,Zaria,Eberz,Female,1978-09-15,45,Compensation Analyst,Financial Services,Mass Customer,N,No,3943,98 Mesta Street,2038,NSW,Australia,11
1113,Dorie,Willock,Male,1992-06-24,133,Recruiter,Property,Mass Customer,N,No,3944,98 Schiller Junction,2747,NSW,Australia,9
446,Marilee,Oosthout de Vree,Female,1978-07-02,180,Tax Accountant,IT,Affluent Customer,N,Yes,3945,98 Scott Parkway,2096,NSW,Australia,10
231,Basile,Winsor,Male,1995-08-05,57,Design Engineer,Financial Services,Mass Customer,N,Yes,3946,98 Service Court,2018,NSW,Australia,8
347,Berkly,Grishinov,Male,1965-06-06,101,Marketing Manager,Financial Services,Mass Customer,N,No,3947,98 Sutteridge Point,3131,VIC,Australia,10
2970,Cassi,Noades,Female,1992-12-08,155,Software Consultant,Financial Services,Mass Customer,N,No,3948,98 Tomscot Center,3442,VIC,Australia,7
3959,Dannie,Sowray,Male,1992-12-07,197,,n/a,Mass Customer,N,No,3949,98 Transport Plaza,2470,NSW,Australia,2
345,Tish,Oleksiak,Female,1989-02-03,153,Senior Sales Associate,Health,High Net Worth,N,Yes,3950,98 Westerfield Trail,3127,VIC,Australia,11
3130,Krissy,Robard,Female,1971-01-25,185,VP Product Management,Telecommunications,Mass Customer,N,No,3951,981 Kinsman Crossing,2880,NSW,Australia,1
404,Sinclair,Sustins,Male,1995-12-17,78,Geologist I,Financial Services,Affluent Customer,N,Yes,3952,981 West Way,3133,VIC,Australia,10
586,Jayme,Baunton,Female,1999-03-15,41,Chief Design Engineer,Manufacturing,Mass Customer,N,No,3953,9816 Carberry Trail,2036,NSW,Australia,11
3127,Tucker,Lewsley,Male,1971-01-31,141,Research Nurse,Health,Mass Customer,N,No,3954,98202 Holmberg Way,3149,VIC,Australia,10
1285,Tomkin,Fudge,Male,1973-05-23,113,Office Assistant III,Manufacturing,Mass Customer,N,Yes,3955,9821 Fair Oaks Trail,4306,QLD,Australia,1
758,Teena,Birrel,Female,1967-04-07,197,,Manufacturing,High Net Worth,N,Yes,3956,983 2nd Road,2560,NSW,Australia,8
2619,Lavinia,Niess,Female,1978-07-05,188,Web Designer I,Financial Services,High Net Worth,N,Yes,3957,9837 Granby Alley,2445,NSW,Australia,7
2946,Paige,Bax,Male,1990-11-21,197,,Property,Mass Customer,N,Yes,3958,984 Hoepker Court,3064,VIC,Australia,6
2106,Antons,Ley,Male,1970-03-19,130,Project Manager,Financial Services,High Net Worth,N,Yes,3959,984 Waubesa Pass,4034,QLD,Australia,6
1972,Obed,Pauler,Male,1989-07-14,197,,IT,Mass Customer,N,Yes,3960,986 Hollow Ridge Crossing,3821,VIC,Australia,7
13,Gabriele,Norcross,Male,1955-02-15,59,Developer I,Financial Services,High Net Worth,N,Yes,3961,9861 New Castle Avenue,2428,New South Wales,Australia,9
2261,Gerome,Monshall,Male,1980-09-21,4,Account Representative II,Health,Mass Customer,N,Yes,3962,987 Victoria Trail,4006,QLD,Australia,8
2141,Georgie,Bruggen,Female,1964-08-21,126,Programmer I,Financial Services,High Net Worth,N,Yes,3963,9870 Brickson Park Trail,2216,NSW,Australia,8
1319,Trevor,St. Paul,Male,1955-07-18,197,,Entertainment,Mass Customer,N,Yes,3964,98791 Johnson Way,4053,QLD,Australia,7
3430,Augustus,Pickin,Male,1964-02-29,141,Research Nurse,Health,Affluent Customer,N,Yes,3965,989 Waubesa Circle,3149,VIC,Australia,11
3156,Bearnard,Letixier,Male,1976-09-28,197,,Financial Services,Mass Customer,N,No,3966,9890 Macpherson Drive,2224,NSW,Australia,10
646,Rowena,Parchment,Female,1973-07-22,94,Human Resources Manager,Manufacturing,Affluent Customer,N,No,3967,9892 Dennis Alley,2565,NSW,Australia,7
3086,Pieter,Gadesby,U,,31,Biostatistician I,IT,High Net Worth,N,No,3968,98978 Nevada Circle,3020,VIC,Australia,8
2777,Dita,Darlison,Female,1997-02-26,144,Safety Technician III,Health,Mass Customer,N,Yes,3969,99 Alpine Lane,3064,VIC,Australia,7
2489,Emma,Mates,Female,1976-06-12,164,Speech Pathologist,Retail,Mass Customer,N,No,3970,99 Blackbird Court,2203,NSW,Australia,11
671,Aristotle,Vanni,Male,1984-07-25,197,,Argiculture,Mass Customer,N,No,3971,99 Cascade Crossing,2048,NSW,Australia,12
2345,Arden,Godard,Female,1986-07-15,176,Systems Administrator I,Retail,Affluent Customer,N,Yes,3972,99 Eastlawn Way,2360,NSW,Australia,1
771,Lammond,MacGeffen,Male,1964-03-12,197,,n/a,Affluent Customer,N,Yes,3973,99 Elka Street,4350,QLD,Australia,4
2646,Jesselyn,Di Biaggi,Female,1972-10-11,147,Sales Representative,Retail,Mass Customer,N,Yes,3974,99 Homewood Place,4213,QLD,Australia,8
2994,Karlen,Iacovacci,Female,1976-08-30,8,Accountant II,Manufacturing,Mass Customer,N,Yes,3975,99 Lawn Court,4556,QLD,Australia,7
3133,Eda,MacCheyne,Female,1999-05-10,131,Quality Control Specialist,Manufacturing,Mass Customer,N,No,3976,99 Linden Trail,3195,VIC,Australia,8
746,Aldo,Waistall,Male,1964-07-29,39,Business Systems Development Analyst,n/a,Affluent Customer,N,Yes,3977,99 Wayridge Place,2263,NSW,Australia,8
309,Maurizia,Ligerton,Female,1974-10-02,43,Clinical Specialist,Health,Mass Customer,N,Yes,3978,990 Kensington Park,3796,VIC,Australia,8
2132,Davina,Dougary,Female,1985-02-02,94,Human Resources Manager,Financial Services,High Net Worth,N,Yes,3979,99000 Petterle Drive,2062,NSW,Australia,9
3788,Wilie,Glanton,Female,1962-07-21,70,Environmental Specialist,Financial Services,Mass Customer,N,No,3980,9904 Oakridge Parkway,4370,QLD,Australia,3
468,Valeria,Ladyman,Female,1974-01-19,160,Software Test Engineer I,Property,High Net Worth,N,Yes,3981,9907 Morningstar Pass,2147,NSW,Australia,9
653,Maxy,Hurles,Male,1968-01-28,83,Graphic Designer,Financial Services,Affluent Customer,N,Yes,3982,9912 Eagle Crest Lane,4800,QLD,Australia,7
3051,Edi,Lugton,Female,1973-06-06,197,,Manufacturing,Affluent Customer,N,Yes,3983,99142 Eastwood Way,4870,QLD,Australia,6
148,Jaquith,Maffey,Female,1981-05-08,124,Programmer Analyst III,n/a,Mass Customer,N,Yes,3984,992 Old Shore Trail,2069,NSW,Australia,12
2818,Frazier,Streak,Male,1956-03-08,160,Software Test Engineer I,n/a,Affluent Customer,N,No,3985,99216 Oakridge Hill,3124,VIC,Australia,12
3768,Christina,Grevatt,Female,1971-01-17,151,Senior Financial Analyst,Financial Services,Mass Customer,N,Yes,3986,9932 Atwood Center,2011,NSW,Australia,10
3845,Bonnie,Goracci,Female,1955-06-07,98,Legal Assistant,Manufacturing,Mass Customer,N,Yes,3987,99476 Mitchell Street,2508,NSW,Australia,10
2502,Concordia,Mussington,Female,1964-08-23,175,Structural Engineer,Manufacturing,Mass Customer,N,Yes,3988,99488 Mccormick Terrace,2207,NSW,Australia,11
2089,Erie,Ballston,Male,1958-01-07,142,Safety Technician I,Financial Services,High Net Worth,N,No,3989,9953 Kim Lane,2330,NSW,Australia,4
2690,Sissie,Giordano,Female,1980-11-06,135,Registered Nurse,Health,Affluent Customer,N,Yes,3990,99565 Warrior Alley,4510,QLD,Australia,3
1570,Phil,Dodle,Female,1995-11-20,167,Staff Accountant III,Entertainment,Mass Customer,N,No,3991,996 Morning Parkway,2119,NSW,Australia,11
2434,Lenci,Soars,Male,1956-11-17,70,Environmental Specialist,n/a,Affluent Customer,N,No,3992,99739 Coolidge Crossing,2760,NSW,Australia,7
378,Raquela,Yuille,Female,1974-05-04,149,Senior Developer,Retail,Mass Customer,N,No,3993,99826 Steensland Avenue,2162,NSW,Australia,5
730,Robb,Poll,Male,1968-07-25,191,Web Designer IV,n/a,Mass Customer,N,No,3994,9984 Pankratz Road,2145,NSW,Australia,10
1829,Darcy,Jaslem,Male,1980-10-29,64,Editor,n/a,Mass Customer,N,No,3995,99841 Talisman Street,4224,QLD,Australia,3
1325,Ty,Belliard,Male,1968-08-25,2,Account Executive,Argiculture,High Net Worth,N,Yes,3996,9985 Barnett Circle,3940,VIC,Australia,7
922,Bekki,Ralston,Female,1972-10-10,115,Operator,Financial Services,Mass Customer,N,No,3997,9987 Stuart Alley,2766,NSW,Australia,8
1288,Abra,Cuardall,Female,1979-10-07,58,Desktop Support Technician,Financial Services,Affluent Customer,N,Yes,3998,9989 Toban Way,4301,QLD,Australia,3
533,Conny,Shearmer,Male,1981-12-14,54,Database Administrator III,Retail,Mass Customer,N,No,3999,999 Huxley Hill,2190,NSW,Australia,10
1060,Vanda,Boadby,Female,1961-11-23,26,Associate Professor,Argiculture,Affluent Customer,N,Yes,4000,9993 Mccormick Street,2223,NSW,Australia,8
